INFO 2026-05-31 07:42:47,496 autoreload Watching for file changes with StatReloader
INFO 2026-05-31 07:43:22,158 autoreload /Users/yevhen21/PycharmProjects/Hillel-Django-HW/Django-project_Bookstore/bookstore_project/settings.py changed, reloading.
INFO 2026-05-31 07:43:22,380 autoreload Watching for file changes with StatReloader
INFO 2026-05-31 07:51:23,224 autoreload Watching for file changes with StatReloader
INFO 2026-05-31 07:51:34,777 autoreload Watching for file changes with StatReloader
INFO 2026-05-31 07:51:36,598 middleware Запит до / зайняв 0.0424 секунд.
INFO 2026-05-31 07:51:36,609 log "GET / HTTP/1.1" 200 21950
INFO 2026-05-31 07:51:36,624 log "GET /static/debug_toolbar/js/toolbar.js HTTP/1.1" 304 0
INFO 2026-05-31 07:51:36,624 log "GET /static/debug_toolbar/css/toolbar.css HTTP/1.1" 304 0
INFO 2026-05-31 07:51:36,631 log "GET /static/debug_toolbar/css/print.css HTTP/1.1" 304 0
INFO 2026-05-31 07:51:36,632 log "GET /static/debug_toolbar/js/utils.js HTTP/1.1" 304 0
INFO 2026-05-31 07:51:37,294 middleware Запит до / зайняв 0.0061 секунд.
INFO 2026-05-31 07:51:37,304 log "GET / HTTP/1.1" 200 21950
INFO 2026-05-31 07:51:37,929 middleware Запит до / зайняв 0.0078 секунд.
INFO 2026-05-31 07:51:37,942 log "GET / HTTP/1.1" 200 21950
INFO 2026-05-31 07:51:38,563 middleware Запит до /catalog/ зайняв 0.0092 секунд.
INFO 2026-05-31 07:51:38,574 log "GET /catalog/ HTTP/1.1" 200 20670
INFO 2026-05-31 07:51:39,462 middleware Запит до / зайняв 0.0061 секунд.
INFO 2026-05-31 07:51:39,473 log "GET / HTTP/1.1" 200 21950
INFO 2026-05-31 07:51:40,226 middleware Запит до /catalog/ зайняв 0.0050 секунд.
INFO 2026-05-31 07:51:40,236 log "GET /catalog/ HTTP/1.1" 200 20670
INFO 2026-05-31 07:51:45,621 middleware Запит до /1/ зайняв 0.0078 секунд.
INFO 2026-05-31 07:51:45,632 log "GET /1/ HTTP/1.1" 200 18141
INFO 2026-05-31 07:51:47,902 middleware Запит до /catalog/ зайняв 0.0056 секунд.
INFO 2026-05-31 07:51:47,913 log "GET /catalog/ HTTP/1.1" 200 20670
INFO 2026-05-31 07:51:48,637 middleware Запит до /2/ зайняв 0.0043 секунд.
INFO 2026-05-31 07:51:48,645 log "GET /2/ HTTP/1.1" 200 18162
INFO 2026-05-31 07:51:49,519 middleware Запит до /catalog/ зайняв 0.0057 секунд.
INFO 2026-05-31 07:51:49,532 log "GET /catalog/ HTTP/1.1" 200 20670
INFO 2026-05-31 07:51:50,602 middleware Запит до /5/ зайняв 0.0062 секунд.
INFO 2026-05-31 07:51:50,611 log "GET /5/ HTTP/1.1" 200 18852
INFO 2026-05-31 07:51:50,642 middleware Запит до /images/covers/Elon_Musk.webp зайняв 0.0005 секунд.
INFO 2026-05-31 07:51:50,652 log "GET /images/covers/Elon_Musk.webp HTTP/1.1" 200 65110
INFO 2026-05-31 07:51:51,655 middleware Запит до /catalog/ зайняв 0.0054 секунд.
INFO 2026-05-31 07:51:51,667 log "GET /catalog/ HTTP/1.1" 200 20670
INFO 2026-05-31 07:51:53,362 middleware Запит до /4/ зайняв 0.0059 секунд.
INFO 2026-05-31 07:51:53,372 log "GET /4/ HTTP/1.1" 200 19580
INFO 2026-05-31 07:51:54,262 middleware Запит до /catalog/ зайняв 0.0059 секунд.
INFO 2026-05-31 07:51:54,273 log "GET /catalog/ HTTP/1.1" 200 20670
INFO 2026-05-31 07:51:55,210 middleware Запит до /3/ зайняв 0.0056 секунд.
INFO 2026-05-31 07:51:55,220 log "GET /3/ HTTP/1.1" 200 18177
INFO 2026-05-31 07:51:55,236 middleware Запит до /images/covers/Charlie_and_the_Chocolate_Factory.jpg зайняв 0.0004 секунд.
INFO 2026-05-31 07:51:55,245 log "GET /images/covers/Charlie_and_the_Chocolate_Factory.jpg HTTP/1.1" 200 201838
INFO 2026-05-31 07:51:56,097 middleware Запит до /catalog/ зайняв 0.0054 секунд.
INFO 2026-05-31 07:51:56,108 log "GET /catalog/ HTTP/1.1" 200 20670
INFO 2026-05-31 07:51:56,689 middleware Запит до / зайняв 0.0054 секунд.
INFO 2026-05-31 07:51:56,700 log "GET / HTTP/1.1" 200 21950
INFO 2026-05-31 07:51:57,395 middleware Запит до /catalog/ зайняв 0.0053 секунд.
INFO 2026-05-31 07:51:57,404 log "GET /catalog/ HTTP/1.1" 200 20670
INFO 2026-05-31 07:51:58,011 middleware Запит до / зайняв 0.0063 секунд.
INFO 2026-05-31 07:51:58,021 log "GET / HTTP/1.1" 200 21950
INFO 2026-06-02 09:47:42,694 autoreload Watching for file changes with StatReloader
INFO 2026-06-02 10:06:16,203 autoreload Watching for file changes with StatReloader
INFO 2026-06-02 10:06:21,024 middleware Запит до / зайняв 0.0417 секунд.
INFO 2026-06-02 10:06:21,033 log "GET / HTTP/1.1" 200 21950
INFO 2026-06-02 10:06:21,055 log "GET /static/debug_toolbar/css/toolbar.css HTTP/1.1" 304 0
INFO 2026-06-02 10:06:21,056 log "GET /static/debug_toolbar/js/toolbar.js HTTP/1.1" 304 0
INFO 2026-06-02 10:06:21,060 log "GET /static/debug_toolbar/css/print.css HTTP/1.1" 304 0
INFO 2026-06-02 10:06:21,063 log "GET /static/debug_toolbar/js/utils.js HTTP/1.1" 304 0
INFO 2026-06-02 10:06:22,450 middleware Запит до /catalog/ зайняв 0.0108 секунд.
INFO 2026-06-02 10:06:22,460 log "GET /catalog/ HTTP/1.1" 200 20670
INFO 2026-06-02 10:06:23,113 middleware Запит до / зайняв 0.0066 секунд.
INFO 2026-06-02 10:06:23,122 log "GET / HTTP/1.1" 200 21950
INFO 2026-06-02 10:06:23,845 middleware Запит до /catalog/ зайняв 0.0058 секунд.
INFO 2026-06-02 10:06:23,855 log "GET /catalog/ HTTP/1.1" 200 20670
INFO 2026-06-02 10:06:26,864 middleware Запит до /catalog/ зайняв 0.0053 секунд.
INFO 2026-06-02 10:06:26,873 log "GET /catalog/ HTTP/1.1" 200 20670
INFO 2026-06-02 10:06:31,807 middleware Запит до /2/ зайняв 0.0063 секунд.
INFO 2026-06-02 10:06:31,816 log "GET /2/ HTTP/1.1" 200 18163
INFO 2026-06-02 10:06:31,828 middleware Запит до /images/covers/The_Master_and_Margarita_.jpg зайняв 0.0002 секунд.
INFO 2026-06-02 10:06:31,836 log "GET /images/covers/The_Master_and_Margarita_.jpg HTTP/1.1" 304 0
INFO 2026-06-02 10:06:33,847 middleware Запит до /1/ зайняв 0.0059 секунд.
INFO 2026-06-02 10:06:33,856 log "GET /1/ HTTP/1.1" 200 18141
INFO 2026-06-02 10:06:33,870 middleware Запит до /images/covers/Pride_and_prejudice.webp зайняв 0.0002 секунд.
INFO 2026-06-02 10:06:33,878 log "GET /images/covers/Pride_and_prejudice.webp HTTP/1.1" 304 0
INFO 2026-06-02 10:20:28,519 autoreload /Users/yevhen21/PycharmProjects/Hillel-Django-HW/Django-project_Bookstore/shop_app/views.py changed, reloading.
INFO 2026-06-02 10:20:28,857 autoreload Watching for file changes with StatReloader
INFO 2026-06-02 10:22:46,172 autoreload /Users/yevhen21/PycharmProjects/Hillel-Django-HW/Django-project_Bookstore/shop_app/views.py changed, reloading.
INFO 2026-06-02 10:22:46,380 autoreload Watching for file changes with StatReloader
INFO 2026-06-02 10:24:50,553 autoreload /Users/yevhen21/PycharmProjects/Hillel-Django-HW/Django-project_Bookstore/shop_app/views.py changed, reloading.
INFO 2026-06-02 10:24:50,805 autoreload Watching for file changes with StatReloader
INFO 2026-06-02 10:26:39,802 middleware Запит до /catalog/ зайняв 0.0447 секунд.
INFO 2026-06-02 10:26:39,812 log "GET /catalog/ HTTP/1.1" 200 21038
INFO 2026-06-02 10:26:42,293 middleware Запит до /catalog/ зайняв 0.0075 секунд.
INFO 2026-06-02 10:26:42,302 log "GET /catalog/ HTTP/1.1" 200 21038
INFO 2026-06-02 10:26:53,750 middleware Запит до /catalog/ зайняв 0.0063 секунд.
INFO 2026-06-02 10:26:53,760 log "GET /catalog/?search=The+Master+and+Margarita HTTP/1.1" 200 17642
INFO 2026-06-02 10:26:56,572 middleware Запит до /catalog/ зайняв 0.0054 секунд.
INFO 2026-06-02 10:26:56,581 log "GET /catalog/ HTTP/1.1" 200 21038
INFO 2026-06-02 10:27:01,095 middleware Запит до /catalog/ зайняв 0.0054 секунд.
INFO 2026-06-02 10:27:01,104 log "GET /catalog/?search=Steve HTTP/1.1" 200 17591
INFO 2026-06-02 10:27:02,869 middleware Запит до /catalog/ зайняв 0.0046 секунд.
INFO 2026-06-02 10:27:02,879 log "GET /catalog/ HTTP/1.1" 200 21038
INFO 2026-06-02 10:27:03,910 middleware Запит до /catalog/ зайняв 0.0072 секунд.
INFO 2026-06-02 10:27:03,919 log "GET /catalog/ HTTP/1.1" 200 21038
INFO 2026-06-02 10:27:04,382 middleware Запит до / зайняв 0.0085 секунд.
INFO 2026-06-02 10:27:04,391 log "GET / HTTP/1.1" 200 21950
INFO 2026-06-02 10:27:05,186 middleware Запит до /catalog/ зайняв 0.0053 секунд.
INFO 2026-06-02 10:27:05,196 log "GET /catalog/ HTTP/1.1" 200 21038
INFO 2026-06-02 10:33:00,611 autoreload /Users/yevhen21/PycharmProjects/Hillel-Django-HW/Django-project_Bookstore/shop_app/views.py changed, reloading.
INFO 2026-06-02 10:33:00,828 autoreload Watching for file changes with StatReloader
INFO 2026-06-02 10:36:51,829 middleware Запит до /catalog/ зайняв 0.0422 секунд.
INFO 2026-06-02 10:36:51,837 log "GET /catalog/ HTTP/1.1" 200 27253
INFO 2026-06-02 10:36:54,722 middleware Запит до /catalog/ зайняв 0.0080 секунд.
INFO 2026-06-02 10:36:54,733 log "GET /catalog/ HTTP/1.1" 200 27253
INFO 2026-06-02 10:36:57,089 middleware Запит до /catalog/ зайняв 0.0062 секунд.
INFO 2026-06-02 10:36:57,098 log "GET /catalog/?category=1 HTTP/1.1" 200 23591
INFO 2026-06-02 10:37:02,488 middleware Запит до /catalog/ зайняв 0.0093 секунд.
INFO 2026-06-02 10:37:02,498 log "GET /catalog/?category=1 HTTP/1.1" 200 23591
INFO 2026-06-02 10:37:04,487 middleware Запит до / зайняв 0.0109 секунд.
INFO 2026-06-02 10:37:04,496 log "GET / HTTP/1.1" 200 21950
INFO 2026-06-02 10:37:05,415 middleware Запит до /catalog/ зайняв 0.0069 секунд.
INFO 2026-06-02 10:37:05,425 log "GET /catalog/ HTTP/1.1" 200 27253
INFO 2026-06-02 10:37:08,022 middleware Запит до /catalog/ зайняв 0.0063 секунд.
INFO 2026-06-02 10:37:08,032 log "GET /catalog/?category=1 HTTP/1.1" 200 23591
INFO 2026-06-02 10:37:09,647 middleware Запит до /catalog/ зайняв 0.0083 секунд.
INFO 2026-06-02 10:37:09,657 log "GET /catalog/?category=2 HTTP/1.1" 200 28117
INFO 2026-06-02 10:37:10,610 middleware Запит до /catalog/ зайняв 0.0068 секунд.
INFO 2026-06-02 10:37:10,620 log "GET /catalog/?category=2 HTTP/1.1" 200 28117
INFO 2026-06-02 10:37:11,178 middleware Запит до /catalog/ зайняв 0.0087 секунд.
INFO 2026-06-02 10:37:11,188 log "GET /catalog/?category=4 HTTP/1.1" 200 25789
INFO 2026-06-02 10:37:14,238 middleware Запит до /catalog/ зайняв 0.0074 секунд.
INFO 2026-06-02 10:37:14,248 log "GET /catalog/?category=1 HTTP/1.1" 200 23591
INFO 2026-06-02 10:37:14,743 middleware Запит до /catalog/ зайняв 0.0069 секунд.
INFO 2026-06-02 10:37:14,753 log "GET /catalog/ HTTP/1.1" 200 27253
INFO 2026-06-02 10:37:38,448 middleware Запит до /catalog/ зайняв 0.0113 секунд.
INFO 2026-06-02 10:37:38,461 log "GET /catalog/ HTTP/1.1" 200 21043
INFO 2026-06-02 10:37:39,700 middleware Запит до /catalog/ зайняв 0.0068 секунд.
INFO 2026-06-02 10:37:39,709 log "GET /catalog/ HTTP/1.1" 200 21043
INFO 2026-06-02 10:37:41,760 middleware Запит до / зайняв 0.0099 секунд.
INFO 2026-06-02 10:37:41,770 log "GET / HTTP/1.1" 200 21950
INFO 2026-06-02 10:37:44,841 middleware Запит до /catalog/ зайняв 0.0041 секунд.
INFO 2026-06-02 10:37:44,850 log "GET /catalog/ HTTP/1.1" 200 21043
INFO 2026-06-02 10:38:11,271 middleware Запит до /catalog/ зайняв 0.0075 секунд.
INFO 2026-06-02 10:38:11,283 log "GET /catalog/ HTTP/1.1" 200 22277
INFO 2026-06-02 10:38:12,626 middleware Запит до /catalog/ зайняв 0.0084 секунд.
INFO 2026-06-02 10:38:12,635 log "GET /catalog/?category=1 HTTP/1.1" 200 20499
INFO 2026-06-02 10:38:13,448 middleware Запит до /catalog/ зайняв 0.0073 секунд.
INFO 2026-06-02 10:38:13,457 log "GET /catalog/?category=2 HTTP/1.1" 200 21937
INFO 2026-06-02 10:38:14,022 middleware Запит до /catalog/ зайняв 0.0077 секунд.
INFO 2026-06-02 10:38:14,033 log "GET /catalog/?category=4 HTTP/1.1" 200 21153
INFO 2026-06-02 10:38:15,608 middleware Запит до /catalog/ зайняв 0.0056 секунд.
INFO 2026-06-02 10:38:15,618 log "GET /catalog/ HTTP/1.1" 200 22277
INFO 2026-06-02 10:38:17,450 middleware Запит до /catalog/ зайняв 0.0058 секунд.
INFO 2026-06-02 10:38:17,459 log "GET /catalog/?category=1 HTTP/1.1" 200 20499
INFO 2026-06-02 10:38:17,940 middleware Запит до /catalog/ зайняв 0.0058 секунд.
INFO 2026-06-02 10:38:17,950 log "GET /catalog/?category=2 HTTP/1.1" 200 21937
INFO 2026-06-02 10:38:18,777 middleware Запит до /catalog/ зайняв 0.0066 секунд.
INFO 2026-06-02 10:38:18,787 log "GET /catalog/?category=2 HTTP/1.1" 200 21937
INFO 2026-06-02 10:38:20,677 middleware Запит до /catalog/ зайняв 0.0060 секунд.
INFO 2026-06-02 10:38:20,687 log "GET /catalog/ HTTP/1.1" 200 22277
INFO 2026-06-02 10:38:21,477 middleware Запит до /catalog/ зайняв 0.0055 секунд.
INFO 2026-06-02 10:38:21,486 log "GET /catalog/?search= HTTP/1.1" 200 22285
INFO 2026-06-02 10:38:22,196 middleware Запит до /catalog/ зайняв 0.0053 секунд.
INFO 2026-06-02 10:38:22,206 log "GET /catalog/ HTTP/1.1" 200 22277
INFO 2026-06-02 10:38:22,616 middleware Запит до /catalog/ зайняв 0.0090 секунд.
INFO 2026-06-02 10:38:22,626 log "GET /catalog/?category=1 HTTP/1.1" 200 20499
INFO 2026-06-02 10:38:23,677 middleware Запит до /catalog/ зайняв 0.0053 секунд.
INFO 2026-06-02 10:38:23,687 log "GET /catalog/ HTTP/1.1" 200 22277
INFO 2026-06-02 10:38:27,309 middleware Запит до /catalog/ зайняв 0.0061 секунд.
INFO 2026-06-02 10:38:27,318 log "GET /catalog/?category=4 HTTP/1.1" 200 21153
INFO 2026-06-02 10:38:28,511 middleware Запит до /catalog/ зайняв 0.0058 секунд.
INFO 2026-06-02 10:38:28,520 log "GET /catalog/?category=4&search= HTTP/1.1" 200 21165
INFO 2026-06-02 10:38:30,892 middleware Запит до /catalog/ зайняв 0.0063 секунд.
INFO 2026-06-02 10:38:30,902 log "GET /catalog/ HTTP/1.1" 200 22277
INFO 2026-06-02 10:40:42,988 middleware Запит до /catalog/ зайняв 0.0088 секунд.
INFO 2026-06-02 10:40:43,002 log "GET /catalog/ HTTP/1.1" 200 20670
INFO 2026-06-02 10:41:51,110 middleware Запит до /catalog/ зайняв 0.0079 секунд.
INFO 2026-06-02 10:41:51,123 log "GET /catalog/ HTTP/1.1" 200 21921
INFO 2026-06-02 10:41:55,097 middleware Запит до /catalog/ зайняв 0.0064 секунд.
INFO 2026-06-02 10:41:55,101 log "GET /catalog/?category=1 HTTP/1.1" 200 19933
INFO 2026-06-02 10:41:56,242 middleware Запит до /catalog/ зайняв 0.0059 секунд.
INFO 2026-06-02 10:41:56,251 log "GET /catalog/?category=2 HTTP/1.1" 200 21373
INFO 2026-06-02 10:41:56,944 middleware Запит до /catalog/ зайняв 0.0058 секунд.
INFO 2026-06-02 10:41:56,953 log "GET /catalog/?category=4 HTTP/1.1" 200 20589
INFO 2026-06-02 10:41:58,025 middleware Запит до /catalog/ зайняв 0.0063 секунд.
INFO 2026-06-02 10:41:58,034 log "GET /catalog/ HTTP/1.1" 200 21921
INFO 2026-06-02 10:41:59,782 middleware Запит до /catalog/ зайняв 0.0055 секунд.
INFO 2026-06-02 10:41:59,791 log "GET /catalog/?category=1 HTTP/1.1" 200 19935
INFO 2026-06-02 10:42:01,187 middleware Запит до /catalog/ зайняв 0.0076 секунд.
INFO 2026-06-02 10:42:01,197 log "GET /catalog/ HTTP/1.1" 200 21921
INFO 2026-06-02 10:42:02,519 middleware Запит до /catalog/ зайняв 0.0073 секунд.
INFO 2026-06-02 10:42:02,529 log "GET /catalog/?category=2 HTTP/1.1" 200 21373
INFO 2026-06-02 10:42:06,081 middleware Запит до /catalog/ зайняв 0.0054 секунд.
INFO 2026-06-02 10:42:06,090 log "GET /catalog/?category=2&search=steve HTTP/1.1" 200 18634
INFO 2026-06-02 10:42:07,629 middleware Запит до /catalog/ зайняв 0.0075 секунд.
INFO 2026-06-02 10:42:07,639 log "GET /catalog/ HTTP/1.1" 200 21921
INFO 2026-06-02 10:43:24,167 middleware Запит до /catalog/ зайняв 0.0057 секунд.
INFO 2026-06-02 10:43:24,177 log "GET /catalog/?search= HTTP/1.1" 200 21929
INFO 2026-06-02 10:43:25,104 middleware Запит до /catalog/ зайняв 0.0058 секунд.
INFO 2026-06-02 10:43:25,113 log "GET /catalog/?search= HTTP/1.1" 200 21929
INFO 2026-06-02 10:43:53,266 middleware Запит до /catalog/ зайняв 0.0063 секунд.
INFO 2026-06-02 10:43:53,275 log "GET /catalog/?category=1 HTTP/1.1" 200 19935
INFO 2026-06-02 10:43:55,694 middleware Запит до /2/ зайняв 0.0070 секунд.
INFO 2026-06-02 10:43:55,703 log "GET /2/ HTTP/1.1" 200 18163
INFO 2026-06-02 10:43:58,908 middleware Запит до /3/ зайняв 0.0060 секунд.
INFO 2026-06-02 10:43:58,917 log "GET /3/ HTTP/1.1" 200 18177
INFO 2026-06-02 10:43:58,933 middleware Запит до /images/covers/Charlie_and_the_Chocolate_Factory.jpg зайняв 0.0004 секунд.
INFO 2026-06-02 10:43:58,941 log "GET /images/covers/Charlie_and_the_Chocolate_Factory.jpg HTTP/1.1" 304 0
INFO 2026-06-02 10:47:05,498 autoreload Watching for file changes with StatReloader
INFO 2026-06-02 10:47:21,699 autoreload Watching for file changes with StatReloader
INFO 2026-06-02 10:47:24,146 middleware Запит до / зайняв 0.0381 секунд.
INFO 2026-06-02 10:47:24,154 log "GET / HTTP/1.1" 200 21950
INFO 2026-06-02 10:47:25,746 middleware Запит до / зайняв 0.0064 секунд.
INFO 2026-06-02 10:47:25,756 log "GET / HTTP/1.1" 200 21950
INFO 2026-06-02 10:47:26,792 middleware Запит до /catalog/ зайняв 0.0112 секунд.
INFO 2026-06-02 10:47:26,802 log "GET /catalog/ HTTP/1.1" 200 21921
INFO 2026-06-02 10:47:27,646 middleware Запит до / зайняв 0.0064 секунд.
INFO 2026-06-02 10:47:27,656 log "GET / HTTP/1.1" 200 21950
INFO 2026-06-02 10:47:31,479 middleware Запит до /catalog/ зайняв 0.0061 секунд.
INFO 2026-06-02 10:47:31,488 log "GET /catalog/ HTTP/1.1" 200 21921
INFO 2026-06-02 10:47:32,732 middleware Запит до /catalog/ зайняв 0.0060 секунд.
INFO 2026-06-02 10:47:32,742 log "GET /catalog/ HTTP/1.1" 200 21921
INFO 2026-06-02 10:47:34,067 middleware Запит до /catalog/ зайняв 0.0066 секунд.
INFO 2026-06-02 10:47:34,077 log "GET /catalog/ HTTP/1.1" 200 21921
INFO 2026-06-02 10:47:34,783 middleware Запит до / зайняв 0.0065 секунд.
INFO 2026-06-02 10:47:34,793 log "GET / HTTP/1.1" 200 21950
INFO 2026-06-02 10:47:35,469 middleware Запит до /catalog/ зайняв 0.0047 секунд.
INFO 2026-06-02 10:47:35,479 log "GET /catalog/ HTTP/1.1" 200 21921
INFO 2026-06-02 10:47:39,350 middleware Запит до /catalog/ зайняв 0.0056 секунд.
INFO 2026-06-02 10:47:39,359 log "GET /catalog/?category=1 HTTP/1.1" 200 19935
INFO 2026-06-02 10:47:40,216 middleware Запит до /catalog/ зайняв 0.0067 секунд.
INFO 2026-06-02 10:47:40,225 log "GET /catalog/?category=2 HTTP/1.1" 200 21373
INFO 2026-06-02 10:47:41,067 middleware Запит до /catalog/ зайняв 0.0059 секунд.
INFO 2026-06-02 10:47:41,076 log "GET /catalog/?category=4 HTTP/1.1" 200 20589
INFO 2026-06-02 10:47:42,640 middleware Запит до /catalog/ зайняв 0.0066 секунд.
INFO 2026-06-02 10:47:42,650 log "GET /catalog/ HTTP/1.1" 200 21921
INFO 2026-06-02 10:47:49,815 middleware Запит до /catalog/ зайняв 0.0059 секунд.
INFO 2026-06-02 10:47:49,824 log "GET /catalog/?search=elon HTTP/1.1" 200 18561
INFO 2026-06-02 10:47:50,917 middleware Запит до /5/ зайняв 0.0070 секунд.
INFO 2026-06-02 10:47:50,926 log "GET /5/ HTTP/1.1" 200 18852
INFO 2026-06-02 10:47:50,944 middleware Запит до /images/covers/Elon_Musk.webp зайняв 0.0004 секунд.
INFO 2026-06-02 10:47:50,952 log "GET /images/covers/Elon_Musk.webp HTTP/1.1" 304 0
INFO 2026-06-02 10:47:55,222 middleware Запит до / зайняв 0.0069 секунд.
INFO 2026-06-02 10:47:55,231 log "GET / HTTP/1.1" 200 21950
INFO 2026-06-02 11:01:36,780 autoreload Watching for file changes with StatReloader
INFO 2026-06-02 11:01:49,542 middleware Запит до / зайняв 0.0428 секунд.
INFO 2026-06-02 11:01:49,551 log "GET / HTTP/1.1" 200 21950
INFO 2026-06-02 11:01:50,927 middleware Запит до /catalog/ зайняв 0.0111 секунд.
INFO 2026-06-02 11:01:50,937 log "GET /catalog/ HTTP/1.1" 200 21921
INFO 2026-06-02 11:01:51,578 middleware Запит до / зайняв 0.0058 секунд.
INFO 2026-06-02 11:01:51,587 log "GET / HTTP/1.1" 200 21950
INFO 2026-06-02 11:01:52,949 middleware Запит до /catalog/ зайняв 0.0076 секунд.
INFO 2026-06-02 11:01:52,959 log "GET /catalog/ HTTP/1.1" 200 21921
INFO 2026-06-02 11:01:54,564 middleware Запит до /catalog/ зайняв 0.0061 секунд.
INFO 2026-06-02 11:01:54,574 log "GET /catalog/ HTTP/1.1" 200 21921
INFO 2026-06-02 11:02:00,887 middleware Запит до /catalog/ зайняв 0.0064 секунд.
INFO 2026-06-02 11:02:00,896 log "GET /catalog/ HTTP/1.1" 200 21921
INFO 2026-06-02 11:02:01,399 middleware Запит до / зайняв 0.0066 секунд.
INFO 2026-06-02 11:02:01,409 log "GET / HTTP/1.1" 200 21950
INFO 2026-06-02 11:02:02,194 middleware Запит до /catalog/ зайняв 0.0075 секунд.
INFO 2026-06-02 11:02:02,203 log "GET /catalog/ HTTP/1.1" 200 21921
INFO 2026-06-02 11:02:34,351 middleware Запит до /catalog/ зайняв 0.0130 секунд.
INFO 2026-06-02 11:02:34,365 log "GET /catalog/ HTTP/1.1" 200 21921
INFO 2026-06-02 11:02:43,320 middleware Запит до /catalog/ зайняв 0.0079 секунд.
INFO 2026-06-02 11:02:43,333 log "GET /catalog/ HTTP/1.1" 200 21922
INFO 2026-06-02 11:02:48,643 middleware Запит до /catalog/ зайняв 0.0129 секунд.
INFO 2026-06-02 11:02:48,654 log "GET /catalog/ HTTP/1.1" 200 21921
INFO 2026-06-02 11:02:55,901 middleware Запит до /catalog/ зайняв 0.0064 секунд.
INFO 2026-06-02 11:02:55,911 log "GET /catalog/?page=2 HTTP/1.1" 200 21997
INFO 2026-06-02 11:02:59,956 middleware Запит до /catalog/ зайняв 0.0056 секунд.
INFO 2026-06-02 11:02:59,966 log "GET /catalog/?page=3 HTTP/1.1" 200 19854
INFO 2026-06-02 11:03:01,348 middleware Запит до /catalog/ зайняв 0.0057 секунд.
INFO 2026-06-02 11:03:01,358 log "GET /catalog/?page=2 HTTP/1.1" 200 21997
INFO 2026-06-02 11:03:12,893 middleware Запит до /catalog/ зайняв 0.0137 секунд.
INFO 2026-06-02 11:03:12,906 log "GET /catalog/?page=2 HTTP/1.1" 200 22004
INFO 2026-06-02 11:03:18,038 middleware Запит до /catalog/ зайняв 0.0079 секунд.
INFO 2026-06-02 11:03:18,050 log "GET /catalog/?page=2 HTTP/1.1" 200 21997
INFO 2026-06-02 11:03:58,050 middleware Запит до /catalog/ зайняв 0.0101 секунд.
INFO 2026-06-02 11:03:58,063 log "GET /catalog/?page=2 HTTP/1.1" 200 21987
INFO 2026-06-02 11:04:00,775 middleware Запит до /catalog/ зайняв 0.0027 секунд.
INFO 2026-06-02 11:04:00,779 log "GET /catalog/?page=2 HTTP/1.1" 200 21985
INFO 2026-06-02 11:04:02,709 middleware Запит до / зайняв 0.0092 секунд.
INFO 2026-06-02 11:04:02,718 log "GET / HTTP/1.1" 200 21950
INFO 2026-06-02 11:04:03,212 middleware Запит до /catalog/ зайняв 0.0070 секунд.
INFO 2026-06-02 11:04:03,221 log "GET /catalog/ HTTP/1.1" 200 21911
INFO 2026-06-02 11:04:32,685 middleware Запит до /catalog/ зайняв 0.0112 секунд.
INFO 2026-06-02 11:04:32,697 log "GET /catalog/ HTTP/1.1" 200 21910
INFO 2026-06-02 11:04:34,510 middleware Запит до /catalog/ зайняв 0.0064 секунд.
INFO 2026-06-02 11:04:34,519 log "GET /catalog/?category=1 HTTP/1.1" 200 19926
INFO 2026-06-02 11:04:35,017 middleware Запит до /catalog/ зайняв 0.0061 секунд.
INFO 2026-06-02 11:04:35,027 log "GET /catalog/?category=2 HTTP/1.1" 200 21362
INFO 2026-06-02 11:04:35,552 middleware Запит до /catalog/ зайняв 0.0061 секунд.
INFO 2026-06-02 11:04:35,562 log "GET /catalog/?category=2 HTTP/1.1" 200 21362
INFO 2026-06-02 11:04:36,111 middleware Запит до /catalog/ зайняв 0.0073 секунд.
INFO 2026-06-02 11:04:36,121 log "GET /catalog/?category=2 HTTP/1.1" 200 21362
INFO 2026-06-02 11:04:36,684 middleware Запит до /catalog/ зайняв 0.0058 секунд.
INFO 2026-06-02 11:04:36,694 log "GET /catalog/?category=4 HTTP/1.1" 200 20579
INFO 2026-06-02 11:04:38,082 middleware Запит до /catalog/ зайняв 0.0058 секунд.
INFO 2026-06-02 11:04:38,092 log "GET /catalog/ HTTP/1.1" 200 21910
INFO 2026-06-02 11:05:12,468 middleware Запит до /.well-known/appspecific/com.chrome.devtools.json зайняв 0.0035 секунд.
WARNING 2026-06-02 11:05:12,482 log Not Found: /.well-known/appspecific/com.chrome.devtools.json
WARNING 2026-06-02 11:05:12,482 log "GET /.well-known/appspecific/com.chrome.devtools.json HTTP/1.1" 404 18624
INFO 2026-06-02 11:07:39,351 middleware Запит до /catalog/ зайняв 0.0121 секунд.
INFO 2026-06-02 11:07:39,365 log "GET /catalog/ HTTP/1.1" 200 23789
INFO 2026-06-02 11:07:39,394 middleware Запит до /.well-known/appspecific/com.chrome.devtools.json зайняв 0.0025 секунд.
WARNING 2026-06-02 11:07:39,405 log Not Found: /.well-known/appspecific/com.chrome.devtools.json
WARNING 2026-06-02 11:07:39,405 log "GET /.well-known/appspecific/com.chrome.devtools.json HTTP/1.1" 404 18624
INFO 2026-06-02 11:07:53,647 middleware Запит до /catalog/ зайняв 0.0081 секунд.
INFO 2026-06-02 11:07:53,659 log "GET /catalog/ HTTP/1.1" 200 21910
INFO 2026-06-02 11:07:53,683 middleware Запит до /.well-known/appspecific/com.chrome.devtools.json зайняв 0.0034 секунд.
WARNING 2026-06-02 11:07:53,694 log Not Found: /.well-known/appspecific/com.chrome.devtools.json
WARNING 2026-06-02 11:07:53,694 log "GET /.well-known/appspecific/com.chrome.devtools.json HTTP/1.1" 404 18624
INFO 2026-06-02 11:09:06,822 middleware Запит до /catalog/ зайняв 0.0078 секунд.
INFO 2026-06-02 11:09:06,835 log "GET /catalog/ HTTP/1.1" 200 22988
INFO 2026-06-02 11:09:06,874 middleware Запит до /.well-known/appspecific/com.chrome.devtools.json зайняв 0.0038 секунд.
WARNING 2026-06-02 11:09:06,890 log Not Found: /.well-known/appspecific/com.chrome.devtools.json
WARNING 2026-06-02 11:09:06,891 log "GET /.well-known/appspecific/com.chrome.devtools.json HTTP/1.1" 404 18624
INFO 2026-06-02 11:09:29,783 middleware Запит до /catalog/ зайняв 0.0141 секунд.
INFO 2026-06-02 11:09:29,795 log "GET /catalog/ HTTP/1.1" 200 21939
INFO 2026-06-02 11:09:34,473 middleware Запит до /1/ зайняв 0.0068 секунд.
INFO 2026-06-02 11:09:34,482 log "GET /1/ HTTP/1.1" 200 18141
INFO 2026-06-02 11:09:35,948 middleware Запит до /2/ зайняв 0.0060 секунд.
INFO 2026-06-02 11:09:35,957 log "GET /2/ HTTP/1.1" 200 18163
INFO 2026-06-02 11:09:37,220 middleware Запит до /3/ зайняв 0.0061 секунд.
INFO 2026-06-02 11:09:37,229 log "GET /3/ HTTP/1.1" 200 18177
INFO 2026-06-02 11:09:48,596 middleware Запит до /catalog/ зайняв 0.0072 секунд.
INFO 2026-06-02 11:09:48,609 log "GET /catalog/ HTTP/1.1" 200 21910
INFO 2026-06-02 11:14:08,579 middleware Запит до /catalog/ зайняв 0.0079 секунд.
INFO 2026-06-02 11:14:08,592 log "GET /catalog/ HTTP/1.1" 200 21915
INFO 2026-06-02 11:14:13,921 middleware Запит до /catalog/ зайняв 0.0056 секунд.
INFO 2026-06-02 11:14:13,931 log "GET /catalog/?category=1 HTTP/1.1" 200 19931
INFO 2026-06-02 11:14:14,413 middleware Запит до /catalog/ зайняв 0.0065 секунд.
INFO 2026-06-02 11:14:14,423 log "GET /catalog/?category=2 HTTP/1.1" 200 21367
INFO 2026-06-02 11:14:14,883 middleware Запит до /catalog/ зайняв 0.0063 секунд.
INFO 2026-06-02 11:14:14,892 log "GET /catalog/?category=4 HTTP/1.1" 200 20584
INFO 2026-06-02 11:14:16,342 middleware Запит до / зайняв 0.0132 секунд.
INFO 2026-06-02 11:14:16,351 log "GET / HTTP/1.1" 200 21950
INFO 2026-06-02 11:14:16,848 middleware Запит до /catalog/ зайняв 0.0060 секунд.
INFO 2026-06-02 11:14:16,858 log "GET /catalog/ HTTP/1.1" 200 21915
INFO 2026-06-02 11:15:24,544 middleware Запит до /catalog/ зайняв 0.0087 секунд.
INFO 2026-06-02 11:15:24,556 log "GET /catalog/ HTTP/1.1" 200 21915
INFO 2026-06-02 11:21:39,075 autoreload Watching for file changes with StatReloader
INFO 2026-06-02 11:21:42,475 middleware Запит до /catalog/ зайняв 0.0448 секунд.
INFO 2026-06-02 11:21:42,482 log "GET /catalog/ HTTP/1.1" 200 21915
INFO 2026-06-02 11:21:43,458 middleware Запит до /catalog/ зайняв 0.0065 секунд.
INFO 2026-06-02 11:21:43,467 log "GET /catalog/?category=1 HTTP/1.1" 200 19931
INFO 2026-06-02 11:21:44,009 middleware Запит до /catalog/ зайняв 0.0058 секунд.
INFO 2026-06-02 11:21:44,018 log "GET /catalog/?category=2 HTTP/1.1" 200 21367
INFO 2026-06-02 11:21:44,481 middleware Запит до /catalog/ зайняв 0.0062 секунд.
INFO 2026-06-02 11:21:44,490 log "GET /catalog/?category=4 HTTP/1.1" 200 20584
INFO 2026-06-02 11:21:45,377 middleware Запит до /catalog/ зайняв 0.0057 секунд.
INFO 2026-06-02 11:21:45,386 log "GET /catalog/ HTTP/1.1" 200 21915
INFO 2026-06-05 11:27:06,844 autoreload Watching for file changes with StatReloader
ERROR 2026-06-05 11:27:37,442 log Invalid HTTP_HOST header: '0.0.0.0:8000'. You may need to add '0.0.0.0' to ALLOWED_HOSTS.
Traceback (most recent call last):
  File "/usr/local/lib/python3.12/site-packages/django/core/handlers/exception.py", line 55, in inner
    response = get_response(request)
               ^^^^^^^^^^^^^^^^^^^^^
  File "/usr/local/lib/python3.12/site-packages/django/utils/deprecation.py", line 308, in __call__
    response = self.process_request(request)
               ^^^^^^^^^^^^^^^^^^^^^^^^^^^^^
  File "/usr/local/lib/python3.12/site-packages/django/middleware/common.py", line 48, in process_request
    host = request.get_host()
           ^^^^^^^^^^^^^^^^^^
  File "/usr/local/lib/python3.12/site-packages/django/http/request.py", line 206, in get_host
    raise DisallowedHost(msg)
django.core.exceptions.DisallowedHost: Invalid HTTP_HOST header: '0.0.0.0:8000'. You may need to add '0.0.0.0' to ALLOWED_HOSTS.
WARNING 2026-06-05 11:27:37,444 log "GET / HTTP/1.1" 400 62351
ERROR 2026-06-05 11:27:37,499 log Invalid HTTP_HOST header: '0.0.0.0:8000'. You may need to add '0.0.0.0' to ALLOWED_HOSTS.
Traceback (most recent call last):
  File "/usr/local/lib/python3.12/site-packages/django/core/handlers/exception.py", line 55, in inner
    response = get_response(request)
               ^^^^^^^^^^^^^^^^^^^^^
  File "/usr/local/lib/python3.12/site-packages/django/utils/deprecation.py", line 308, in __call__
    response = self.process_request(request)
               ^^^^^^^^^^^^^^^^^^^^^^^^^^^^^
  File "/usr/local/lib/python3.12/site-packages/django/middleware/common.py", line 48, in process_request
    host = request.get_host()
           ^^^^^^^^^^^^^^^^^^
  File "/usr/local/lib/python3.12/site-packages/django/http/request.py", line 206, in get_host
    raise DisallowedHost(msg)
django.core.exceptions.DisallowedHost: Invalid HTTP_HOST header: '0.0.0.0:8000'. You may need to add '0.0.0.0' to ALLOWED_HOSTS.
WARNING 2026-06-05 11:27:37,500 log "GET /favicon.ico HTTP/1.1" 400 62304
INFO 2026-06-05 11:29:56,496 autoreload /app/bookstore_project/settings.py changed, reloading.
INFO 2026-06-05 11:29:56,891 autoreload Watching for file changes with StatReloader
INFO 2026-06-05 11:30:18,527 autoreload Watching for file changes with StatReloader
INFO 2026-06-05 11:30:23,087 middleware Запит до / зайняв 0.0170 секунд.
INFO 2026-06-05 11:30:23,089 log "GET / HTTP/1.1" 200 3227
INFO 2026-06-05 11:30:23,276 middleware Запит до /favicon.ico зайняв 0.0029 секунд.
WARNING 2026-06-05 11:30:23,277 log Not Found: /favicon.ico
WARNING 2026-06-05 11:30:23,277 log "GET /favicon.ico HTTP/1.1" 404 4288
INFO 2026-06-05 11:30:26,094 middleware Запит до / зайняв 0.0122 секунд.
INFO 2026-06-05 11:30:26,094 log "GET / HTTP/1.1" 200 3227
INFO 2026-06-05 11:30:26,637 middleware Запит до /catalog/ зайняв 0.0104 секунд.
INFO 2026-06-05 11:30:26,637 log "GET /catalog/ HTTP/1.1" 200 2763
INFO 2026-06-05 11:30:28,561 middleware Запит до / зайняв 0.0128 секунд.
INFO 2026-06-05 11:30:28,562 log "GET / HTTP/1.1" 200 3227
INFO 2026-06-05 11:30:29,105 middleware Запит до /catalog/ зайняв 0.0107 секунд.
INFO 2026-06-05 11:30:29,105 log "GET /catalog/ HTTP/1.1" 200 2763
INFO 2026-06-05 11:30:29,891 middleware Запит до / зайняв 0.0116 секунд.
INFO 2026-06-05 11:30:29,892 log "GET / HTTP/1.1" 200 3227
INFO 2026-06-05 11:30:50,866 middleware Запит до / зайняв 0.0122 секунд.
INFO 2026-06-05 11:30:50,866 log "GET / HTTP/1.1" 200 3227
INFO 2026-06-05 11:30:50,912 middleware Запит до /favicon.ico зайняв 0.0026 секунд.
WARNING 2026-06-05 11:30:50,912 log Not Found: /favicon.ico
WARNING 2026-06-05 11:30:50,913 log "GET /favicon.ico HTTP/1.1" 404 4290
INFO 2026-06-05 11:34:49,680 middleware Запит до / зайняв 0.0161 секунд.
INFO 2026-06-05 11:34:49,680 log "GET / HTTP/1.1" 200 7444
INFO 2026-06-05 11:34:52,127 middleware Запит до / зайняв 0.0129 секунд.
INFO 2026-06-05 11:34:52,128 log "GET / HTTP/1.1" 200 7444
INFO 2026-06-05 11:34:52,610 middleware Запит до /catalog/ зайняв 0.0121 секунд.
INFO 2026-06-05 11:34:52,611 log "GET /catalog/ HTTP/1.1" 200 7390
INFO 2026-06-05 11:34:53,795 middleware Запит до /2/ зайняв 0.0140 секунд.
INFO 2026-06-05 11:34:53,795 log "GET /2/ HTTP/1.1" 200 3640
INFO 2026-06-05 11:34:53,812 middleware Запит до /images/covers/The_Master_and_Margarita_.jpg зайняв 0.0008 секунд.
INFO 2026-06-05 11:34:53,813 log "GET /images/covers/The_Master_and_Margarita_.jpg HTTP/1.1" 200 23201
INFO 2026-06-05 11:52:27,752 middleware Запит до /3/ зайняв 0.0103 секунд.
INFO 2026-06-05 11:52:27,755 log "GET /3/ HTTP/1.1" 200 3654
INFO 2026-06-05 11:52:27,767 middleware Запит до /images/covers/Charlie_and_the_Chocolate_Factory.jpg зайняв 0.0008 секунд.
INFO 2026-06-05 11:52:27,770 log "GET /images/covers/Charlie_and_the_Chocolate_Factory.jpg HTTP/1.1" 200 201838
INFO 2026-06-05 11:52:28,952 middleware Запит до /catalog/ зайняв 0.0119 секунд.
INFO 2026-06-05 11:52:28,952 log "GET /catalog/ HTTP/1.1" 200 7390
INFO 2026-06-05 11:52:29,727 middleware Запит до /catalog/ зайняв 0.0117 секунд.
INFO 2026-06-05 11:52:29,728 log "GET /catalog/?category=1 HTTP/1.1" 200 5395
INFO 2026-06-05 11:52:30,242 middleware Запит до /catalog/ зайняв 0.0127 секунд.
INFO 2026-06-05 11:52:30,243 log "GET /catalog/?category=2 HTTP/1.1" 200 6831
INFO 2026-06-05 11:52:31,710 middleware Запит до /catalog/ зайняв 0.0122 секунд.
INFO 2026-06-05 11:52:31,710 log "GET /catalog/?category=4 HTTP/1.1" 200 6048
INFO 2026-06-05 11:52:33,077 middleware Запит до /catalog/ зайняв 0.0119 секунд.
INFO 2026-06-05 11:52:33,077 log "GET /catalog/ HTTP/1.1" 200 7390
INFO 2026-06-05 11:52:35,162 middleware Запит до / зайняв 0.0137 секунд.
INFO 2026-06-05 11:52:35,162 log "GET / HTTP/1.1" 200 7444
INFO 2026-06-05 11:52:37,544 middleware Запит до /catalog/ зайняв 0.0118 секунд.
INFO 2026-06-05 11:52:37,545 log "GET /catalog/ HTTP/1.1" 200 7390
INFO 2026-06-05 11:52:38,259 middleware Запит до /catalog/ зайняв 0.0113 секунд.
INFO 2026-06-05 11:52:38,259 log "GET /catalog/ HTTP/1.1" 200 7390
INFO 2026-06-05 11:52:39,212 middleware Запит до / зайняв 0.0134 секунд.
INFO 2026-06-05 11:52:39,212 log "GET / HTTP/1.1" 200 7444
INFO 2026-06-05 11:52:40,702 middleware Запит до /catalog/ зайняв 0.0117 секунд.
INFO 2026-06-05 11:52:40,703 log "GET /catalog/ HTTP/1.1" 200 7390
INFO 2026-06-05 11:52:43,003 middleware Запит до /catalog/ зайняв 0.0124 секунд.
INFO 2026-06-05 11:52:43,004 log "GET /catalog/ HTTP/1.1" 200 7390
INFO 2026-06-05 11:52:43,550 middleware Запит до / зайняв 0.0132 секунд.
INFO 2026-06-05 11:52:43,551 log "GET / HTTP/1.1" 200 7444
INFO 2026-06-05 11:52:46,619 middleware Запит до /catalog/ зайняв 0.0115 секунд.
INFO 2026-06-05 11:52:46,619 log "GET /catalog/ HTTP/1.1" 200 7390
INFO 2026-06-05 11:52:47,754 middleware Запит до /2/ зайняв 0.0123 секунд.
INFO 2026-06-05 11:52:47,755 log "GET /2/ HTTP/1.1" 200 3640
INFO 2026-06-05 11:52:48,998 middleware Запит до /catalog/ зайняв 0.0099 секунд.
INFO 2026-06-05 11:52:48,998 log "GET /catalog/ HTTP/1.1" 200 7390
INFO 2026-06-05 11:52:50,292 middleware Запит до /1/ зайняв 0.0115 секунд.
INFO 2026-06-05 11:52:50,292 log "GET /1/ HTTP/1.1" 200 3618
INFO 2026-06-05 11:52:50,305 middleware Запит до /images/covers/Pride_and_prejudice.webp зайняв 0.0007 секунд.
INFO 2026-06-05 11:52:50,307 log "GET /images/covers/Pride_and_prejudice.webp HTTP/1.1" 200 120978
INFO 2026-06-05 11:52:52,620 middleware Запит до /catalog/ зайняв 0.0111 секунд.
INFO 2026-06-05 11:52:52,621 log "GET /catalog/ HTTP/1.1" 200 7390
INFO 2026-06-17 14:14:06,026 autoreload Watching for file changes with StatReloader
INFO 2026-06-17 14:21:01,666 autoreload Watching for file changes with StatReloader
INFO 2026-06-17 14:32:32,413 autoreload Watching for file changes with StatReloader
INFO 2026-06-17 14:35:11,618 middleware Запит до / зайняв 0.0263 секунд.
INFO 2026-06-17 14:35:11,620 log "GET / HTTP/1.1" 200 7444
INFO 2026-06-17 14:35:15,413 middleware Запит до /catalog/ зайняв 0.0165 секунд.
INFO 2026-06-17 14:35:15,414 log "GET /catalog/ HTTP/1.1" 200 7390
INFO 2026-06-17 14:35:17,250 middleware Запит до /1/ зайняв 0.0128 секунд.
INFO 2026-06-17 14:35:17,250 log "GET /1/ HTTP/1.1" 200 3618
INFO 2026-06-17 14:35:17,266 middleware Запит до /images/covers/Pride_and_prejudice.webp зайняв 0.0009 секунд.
INFO 2026-06-17 14:35:17,269 log "GET /images/covers/Pride_and_prejudice.webp HTTP/1.1" 200 120978
INFO 2026-06-17 14:35:21,121 middleware Запит до /1/ зайняв 0.0112 секунд.
INFO 2026-06-17 14:35:21,122 log "GET /1/ HTTP/1.1" 200 3618
INFO 2026-06-17 14:35:22,953 middleware Запит до / зайняв 0.0140 секунд.
INFO 2026-06-17 14:35:22,954 log "GET / HTTP/1.1" 200 7444
INFO 2026-06-17 14:45:07,065 middleware Запит до /admin зайняв 0.0038 секунд.
INFO 2026-06-17 14:45:07,065 log "GET /admin HTTP/1.1" 301 0
INFO 2026-06-17 14:45:07,069 middleware Запит до /admin/ зайняв 0.0029 секунд.
INFO 2026-06-17 14:45:07,070 log "GET /admin/ HTTP/1.1" 302 0
INFO 2026-06-17 14:45:07,082 middleware Запит до /admin/login/ зайняв 0.0108 секунд.
INFO 2026-06-17 14:45:07,082 log "GET /admin/login/?next=/admin/ HTTP/1.1" 200 4080
INFO 2026-06-17 14:45:07,094 log "GET /static/admin/css/dark_mode.css HTTP/1.1" 200 3538
INFO 2026-06-17 14:45:07,094 log "GET /static/admin/css/nav_sidebar.css HTTP/1.1" 200 2810
INFO 2026-06-17 14:45:07,097 log "GET /static/admin/css/base.css HTTP/1.1" 200 23100
INFO 2026-06-17 14:45:07,097 log "GET /static/admin/css/responsive.css HTTP/1.1" 200 16273
INFO 2026-06-17 14:45:07,098 log "GET /static/admin/css/login.css HTTP/1.1" 200 951
INFO 2026-06-17 14:45:07,098 log "GET /static/admin/js/theme.js HTTP/1.1" 200 1653
INFO 2026-06-17 14:45:07,101 log "GET /static/admin/js/nav_sidebar.js HTTP/1.1" 200 3063
INFO 2026-06-17 14:45:31,013 middleware Запит до /admin/login/ зайняв 0.1856 секунд.
INFO 2026-06-17 14:45:31,014 log "POST /admin/login/?next=/admin/ HTTP/1.1" 302 0
INFO 2026-06-17 14:45:31,024 middleware Запит до /admin/ зайняв 0.0088 секунд.
INFO 2026-06-17 14:45:31,024 log "GET /admin/ HTTP/1.1" 200 8198
INFO 2026-06-17 14:45:31,034 log "GET /static/admin/css/dashboard.css HTTP/1.1" 200 441
INFO 2026-06-17 14:45:31,047 log "GET /static/admin/img/icon-changelink.svg HTTP/1.1" 200 978
INFO 2026-06-17 14:45:31,047 log "GET /static/admin/img/icon-addlink.svg HTTP/1.1" 200 593
INFO 2026-06-17 14:45:41,495 middleware Запит до /admin/shop_app/book/ зайняв 0.0367 секунд.
INFO 2026-06-17 14:45:41,495 log "GET /admin/shop_app/book/ HTTP/1.1" 200 22977
INFO 2026-06-17 14:45:41,509 log "GET /static/admin/css/changelists.css HTTP/1.1" 200 7498
INFO 2026-06-17 14:45:41,510 log "GET /static/admin/js/jquery.init.js HTTP/1.1" 200 347
INFO 2026-06-17 14:45:41,511 log "GET /static/admin/css/forms.css HTTP/1.1" 200 8831
INFO 2026-06-17 14:45:41,511 log "GET /static/admin/js/core.js HTTP/1.1" 200 6208
INFO 2026-06-17 14:45:41,513 log "GET /static/admin/js/actions.js HTTP/1.1" 200 8076
INFO 2026-06-17 14:45:41,514 log "GET /static/admin/js/prepopulate.js HTTP/1.1" 200 1531
INFO 2026-06-17 14:45:41,515 log "GET /static/admin/js/vendor/jquery/jquery.js HTTP/1.1" 200 285314
INFO 2026-06-17 14:45:41,515 log "GET /static/admin/js/urlify.js HTTP/1.1" 200 7887
INFO 2026-06-17 14:45:41,516 log "GET /static/admin/js/admin/RelatedObjectLookups.js HTTP/1.1" 200 9777
INFO 2026-06-17 14:45:41,519 log "GET /static/admin/img/search.svg HTTP/1.1" 200 607
INFO 2026-06-17 14:45:41,520 middleware Запит до /admin/jsi18n/ зайняв 0.0154 секунд.
INFO 2026-06-17 14:45:41,521 log "GET /admin/jsi18n/ HTTP/1.1" 200 3342
INFO 2026-06-17 14:45:41,521 log "GET /static/admin/css/widgets.css HTTP/1.1" 200 11811
INFO 2026-06-17 14:45:41,522 log "GET /static/admin/js/filters.js HTTP/1.1" 200 978
INFO 2026-06-17 14:45:41,526 log "GET /static/admin/js/vendor/xregexp/xregexp.js HTTP/1.1" 200 325171
INFO 2026-06-17 14:45:41,532 log "GET /static/admin/img/tooltag-add.svg HTTP/1.1" 200 593
INFO 2026-06-17 14:45:41,532 log "GET /static/admin/img/icon-viewlink.svg HTTP/1.1" 200 928
INFO 2026-06-17 14:48:08,018 middleware Запит до /admin/shop_app/book/add/ зайняв 0.0312 секунд.
INFO 2026-06-17 14:48:08,018 log "GET /admin/shop_app/book/add/ HTTP/1.1" 200 15054
INFO 2026-06-17 14:48:08,044 log "GET /static/admin/js/prepopulate_init.js HTTP/1.1" 200 586
INFO 2026-06-17 14:48:08,051 middleware Запит до /admin/jsi18n/ зайняв 0.0132 секунд.
INFO 2026-06-17 14:48:08,052 log "GET /admin/jsi18n/ HTTP/1.1" 200 3342
INFO 2026-06-17 14:48:08,053 log "GET /static/admin/js/change_form.js HTTP/1.1" 200 606
INFO 2026-06-17 14:48:12,708 middleware Запит до /admin/shop_app/category/ зайняв 0.0211 секунд.
INFO 2026-06-17 14:48:12,709 log "GET /admin/shop_app/category/ HTTP/1.1" 200 11454
INFO 2026-06-17 14:48:12,733 middleware Запит до /admin/jsi18n/ зайняв 0.0096 секунд.
INFO 2026-06-17 14:48:12,734 log "GET /admin/jsi18n/ HTTP/1.1" 200 3342
INFO 2026-06-17 14:48:17,454 middleware Запит до /admin/shop_app/category/2/change/ зайняв 0.0372 секунд.
INFO 2026-06-17 14:48:17,455 log "GET /admin/shop_app/category/2/change/ HTTP/1.1" 200 34297
INFO 2026-06-17 14:48:17,474 log "GET /static/admin/js/inlines.js HTTP/1.1" 200 15628
INFO 2026-06-17 14:48:17,482 middleware Запит до /admin/jsi18n/ зайняв 0.0102 секунд.
INFO 2026-06-17 14:48:17,483 log "GET /admin/jsi18n/ HTTP/1.1" 200 3342
INFO 2026-06-17 14:48:17,500 log "GET /static/admin/img/inline-delete.svg HTTP/1.1" 200 651
INFO 2026-06-17 14:48:19,722 middleware Запит до /admin/shop_app/category/ зайняв 0.0191 секунд.
INFO 2026-06-17 14:48:19,723 log "GET /admin/shop_app/category/ HTTP/1.1" 200 11454
INFO 2026-06-17 14:48:21,116 middleware Запит до /admin/shop_app/category/add/ зайняв 0.0234 секунд.
INFO 2026-06-17 14:48:21,117 log "GET /admin/shop_app/category/add/ HTTP/1.1" 200 16437
INFO 2026-06-17 14:48:21,142 middleware Запит до /admin/jsi18n/ зайняв 0.0106 секунд.
INFO 2026-06-17 14:48:21,143 log "GET /admin/jsi18n/ HTTP/1.1" 200 3342
INFO 2026-06-17 14:48:28,780 middleware Запит до /admin/shop_app/category/add/ зайняв 0.0231 секунд.
INFO 2026-06-17 14:48:28,781 log "POST /admin/shop_app/category/add/ HTTP/1.1" 302 0
INFO 2026-06-17 14:48:28,798 middleware Запит до /admin/shop_app/category/ зайняв 0.0136 секунд.
INFO 2026-06-17 14:48:28,798 log "GET /admin/shop_app/category/ HTTP/1.1" 200 11950
INFO 2026-06-17 14:48:28,818 middleware Запит до /admin/jsi18n/ зайняв 0.0086 секунд.
INFO 2026-06-17 14:48:28,818 log "GET /admin/jsi18n/ HTTP/1.1" 200 3342
INFO 2026-06-17 14:48:28,825 log "GET /static/admin/img/icon-yes-dark.svg HTTP/1.1" 200 558
INFO 2026-06-17 14:48:30,505 middleware Запит до /admin/shop_app/category/ зайняв 0.0184 секунд.
INFO 2026-06-17 14:48:30,505 log "GET /admin/shop_app/category/ HTTP/1.1" 200 11747
INFO 2026-06-17 14:48:30,524 middleware Запит до /admin/jsi18n/ зайняв 0.0081 секунд.
INFO 2026-06-17 14:48:30,524 log "GET /admin/jsi18n/ HTTP/1.1" 200 3342
INFO 2026-06-17 14:48:31,688 middleware Запит до /admin/shop_app/category/5/change/ зайняв 0.0254 секунд.
INFO 2026-06-17 14:48:31,689 log "GET /admin/shop_app/category/5/change/ HTTP/1.1" 200 16705
INFO 2026-06-17 14:48:31,718 middleware Запит до /admin/jsi18n/ зайняв 0.0105 секунд.
INFO 2026-06-17 14:48:31,718 log "GET /admin/jsi18n/ HTTP/1.1" 200 3342
INFO 2026-06-17 14:48:32,992 middleware Запит до /admin/shop_app/category/ зайняв 0.0200 секунд.
INFO 2026-06-17 14:48:32,993 log "GET /admin/shop_app/category/ HTTP/1.1" 200 11747
INFO 2026-06-17 14:48:34,252 middleware Запит до /admin/shop_app/book/add/ зайняв 0.0157 секунд.
INFO 2026-06-17 14:48:34,253 log "GET /admin/shop_app/book/add/ HTTP/1.1" 200 15090
INFO 2026-06-17 14:48:34,275 middleware Запит до /admin/jsi18n/ зайняв 0.0089 секунд.
INFO 2026-06-17 14:48:34,275 log "GET /admin/jsi18n/ HTTP/1.1" 200 3342
INFO 2026-06-17 14:50:40,252 middleware Запит до /admin/shop_app/category/ зайняв 0.0169 секунд.
INFO 2026-06-17 14:50:40,253 log "GET /admin/shop_app/category/ HTTP/1.1" 200 11747
INFO 2026-06-17 14:50:40,273 middleware Запит до /admin/jsi18n/ зайняв 0.0114 секунд.
INFO 2026-06-17 14:50:40,274 log "GET /admin/jsi18n/ HTTP/1.1" 200 3342
INFO 2026-06-17 14:50:41,144 middleware Запит до /admin/shop_app/category/5/change/ зайняв 0.0190 секунд.
INFO 2026-06-17 14:50:41,144 log "GET /admin/shop_app/category/5/change/ HTTP/1.1" 200 16705
INFO 2026-06-17 14:50:41,160 middleware Запит до /admin/jsi18n/ зайняв 0.0088 секунд.
INFO 2026-06-17 14:50:41,161 log "GET /admin/jsi18n/ HTTP/1.1" 200 3342
INFO 2026-06-17 14:50:46,100 middleware Запит до /admin/shop_app/category/5/change/ зайняв 0.0150 секунд.
INFO 2026-06-17 14:50:46,100 log "POST /admin/shop_app/category/5/change/ HTTP/1.1" 302 0
INFO 2026-06-17 14:50:46,109 middleware Запит до /admin/shop_app/category/ зайняв 0.0073 секунд.
INFO 2026-06-17 14:50:46,109 log "GET /admin/shop_app/category/ HTTP/1.1" 200 11956
INFO 2026-06-17 14:50:46,123 middleware Запит до /admin/jsi18n/ зайняв 0.0060 секунд.
INFO 2026-06-17 14:50:46,123 log "GET /admin/jsi18n/ HTTP/1.1" 200 3342
INFO 2026-06-17 14:50:47,362 middleware Запит до /admin/shop_app/category/ зайняв 0.0156 секунд.
INFO 2026-06-17 14:50:47,362 log "GET /admin/shop_app/category/ HTTP/1.1" 200 11750
INFO 2026-06-17 14:50:47,375 middleware Запит до /admin/jsi18n/ зайняв 0.0063 секунд.
INFO 2026-06-17 14:50:47,375 log "GET /admin/jsi18n/ HTTP/1.1" 200 3342
INFO 2026-06-17 14:50:48,298 middleware Запит до /admin/shop_app/category/5/change/ зайняв 0.0194 секунд.
INFO 2026-06-17 14:50:48,298 log "GET /admin/shop_app/category/5/change/ HTTP/1.1" 200 16710
INFO 2026-06-17 14:50:48,313 middleware Запит до /admin/jsi18n/ зайняв 0.0073 секунд.
INFO 2026-06-17 14:50:48,313 log "GET /admin/jsi18n/ HTTP/1.1" 200 3342
INFO 2026-06-17 14:50:49,451 middleware Запит до /admin/shop_app/book/ зайняв 0.0223 секунд.
INFO 2026-06-17 14:50:49,451 log "GET /admin/shop_app/book/ HTTP/1.1" 200 23042
INFO 2026-06-17 14:50:49,468 middleware Запит до /admin/jsi18n/ зайняв 0.0083 секунд.
INFO 2026-06-17 14:50:49,468 log "GET /admin/jsi18n/ HTTP/1.1" 200 3342
INFO 2026-06-17 14:50:50,713 middleware Запит до /admin/shop_app/book/add/ зайняв 0.0174 секунд.
INFO 2026-06-17 14:50:50,713 log "GET /admin/shop_app/book/add/ HTTP/1.1" 200 15091
INFO 2026-06-17 14:50:50,728 middleware Запит до /admin/jsi18n/ зайняв 0.0071 секунд.
INFO 2026-06-17 14:50:50,728 log "GET /admin/jsi18n/ HTTP/1.1" 200 3342
INFO 2026-06-17 14:52:34,449 middleware Запит до /admin/shop_app/book/add/ зайняв 0.0584 секунд.
INFO 2026-06-17 14:52:34,449 log "POST /admin/shop_app/book/add/ HTTP/1.1" 302 0
INFO 2026-06-17 14:52:34,459 middleware Запит до /admin/shop_app/book/add/ зайняв 0.0087 секунд.
INFO 2026-06-17 14:52:34,460 log "GET /admin/shop_app/book/add/ HTTP/1.1" 200 15345
INFO 2026-06-17 14:52:34,476 middleware Запит до /admin/jsi18n/ зайняв 0.0074 секунд.
INFO 2026-06-17 14:52:34,476 log "GET /admin/jsi18n/ HTTP/1.1" 200 3342
INFO 2026-06-17 14:53:41,268 middleware Запит до /admin/shop_app/book/add/ зайняв 0.0179 секунд.
INFO 2026-06-17 14:53:41,269 log "POST /admin/shop_app/book/add/ HTTP/1.1" 302 0
INFO 2026-06-17 14:53:41,286 middleware Запит до /admin/shop_app/book/add/ зайняв 0.0148 секунд.
INFO 2026-06-17 14:53:41,286 log "GET /admin/shop_app/book/add/ HTTP/1.1" 200 15349
INFO 2026-06-17 14:53:41,307 middleware Запит до /admin/jsi18n/ зайняв 0.0085 секунд.
INFO 2026-06-17 14:53:41,307 log "GET /admin/jsi18n/ HTTP/1.1" 200 3342
INFO 2026-06-17 14:55:53,955 middleware Запит до /admin/shop_app/book/add/ зайняв 0.0151 секунд.
INFO 2026-06-17 14:55:53,955 log "POST /admin/shop_app/book/add/ HTTP/1.1" 302 0
INFO 2026-06-17 14:55:53,970 middleware Запит до /admin/shop_app/book/add/ зайняв 0.0133 секунд.
INFO 2026-06-17 14:55:53,970 log "GET /admin/shop_app/book/add/ HTTP/1.1" 200 15353
INFO 2026-06-17 14:55:53,992 middleware Запит до /admin/jsi18n/ зайняв 0.0103 секунд.
INFO 2026-06-17 14:55:53,992 log "GET /admin/jsi18n/ HTTP/1.1" 200 3342
INFO 2026-06-17 14:56:53,269 middleware Запит до /admin/shop_app/category/ зайняв 0.0249 секунд.
INFO 2026-06-17 14:56:53,270 log "GET /admin/shop_app/category/ HTTP/1.1" 200 11750
INFO 2026-06-17 14:56:53,297 middleware Запит до /admin/jsi18n/ зайняв 0.0111 секунд.
INFO 2026-06-17 14:56:53,298 log "GET /admin/jsi18n/ HTTP/1.1" 200 3342
INFO 2026-06-17 14:57:06,256 middleware Запит до /admin/shop_app/category/add/ зайняв 0.0213 секунд.
INFO 2026-06-17 14:57:06,257 log "GET /admin/shop_app/category/add/ HTTP/1.1" 200 16437
INFO 2026-06-17 14:57:06,279 middleware Запит до /admin/jsi18n/ зайняв 0.0102 секунд.
INFO 2026-06-17 14:57:06,279 log "GET /admin/jsi18n/ HTTP/1.1" 200 3342
INFO 2026-06-17 14:57:09,984 middleware Запит до /admin/shop_app/category/add/ зайняв 0.0211 секунд.
INFO 2026-06-17 14:57:09,985 log "POST /admin/shop_app/category/add/ HTTP/1.1" 302 0
INFO 2026-06-17 14:57:10,001 middleware Запит до /admin/shop_app/category/ зайняв 0.0133 секунд.
INFO 2026-06-17 14:57:10,001 log "GET /admin/shop_app/category/ HTTP/1.1" 200 12254
INFO 2026-06-17 14:57:10,023 middleware Запит до /admin/jsi18n/ зайняв 0.0082 секунд.
INFO 2026-06-17 14:57:10,023 log "GET /admin/jsi18n/ HTTP/1.1" 200 3342
INFO 2026-06-17 14:57:11,486 middleware Запит до /admin/shop_app/book/add/ зайняв 0.0188 секунд.
INFO 2026-06-17 14:57:11,487 log "GET /admin/shop_app/book/add/ HTTP/1.1" 200 15129
INFO 2026-06-17 14:57:11,507 middleware Запит до /admin/jsi18n/ зайняв 0.0106 секунд.
INFO 2026-06-17 14:57:11,508 log "GET /admin/jsi18n/ HTTP/1.1" 200 3342
INFO 2026-06-17 14:58:20,014 middleware Запит до / зайняв 0.0183 секунд.
INFO 2026-06-17 14:58:20,014 log "GET / HTTP/1.1" 200 9366
INFO 2026-06-17 14:58:21,717 middleware Запит до /catalog/ зайняв 0.0169 секунд.
INFO 2026-06-17 14:58:21,718 log "GET /catalog/ HTTP/1.1" 200 8208
INFO 2026-06-17 14:58:23,459 middleware Запит до /1/ зайняв 0.0146 секунд.
INFO 2026-06-17 14:58:23,460 log "GET /1/ HTTP/1.1" 200 4363
INFO 2026-06-17 14:58:37,386 middleware Запит до /1/ зайняв 0.0138 секунд.
INFO 2026-06-17 14:58:37,387 log "GET /1/ HTTP/1.1" 200 4363
INFO 2026-06-17 14:58:41,298 middleware Запит до /catalog/ зайняв 0.0146 секунд.
INFO 2026-06-17 14:58:41,299 log "GET /catalog/ HTTP/1.1" 200 8208
INFO 2026-06-17 14:58:42,016 middleware Запит до / зайняв 0.0163 секунд.
INFO 2026-06-17 14:58:42,017 log "GET / HTTP/1.1" 200 9366
INFO 2026-06-17 14:58:42,553 middleware Запит до /book/create/ зайняв 0.0198 секунд.
INFO 2026-06-17 14:58:42,553 log "GET /book/create/ HTTP/1.1" 200 5636
INFO 2026-06-17 14:58:45,490 middleware Запит до / зайняв 0.0154 секунд.
INFO 2026-06-17 14:58:45,490 log "GET / HTTP/1.1" 200 9366
INFO 2026-06-17 14:58:46,139 middleware Запит до /catalog/ зайняв 0.0161 секунд.
INFO 2026-06-17 14:58:46,139 log "GET /catalog/ HTTP/1.1" 200 8208
INFO 2026-06-17 14:58:49,691 middleware Запит до /catalog/ зайняв 0.0150 секунд.
INFO 2026-06-17 14:58:49,692 log "GET /catalog/?category=5 HTTP/1.1" 200 6210
INFO 2026-06-17 14:58:50,245 middleware Запит до /catalog/ зайняв 0.0141 секунд.
INFO 2026-06-17 14:58:50,245 log "GET /catalog/?category=6 HTTP/1.1" 200 4290
INFO 2026-06-17 14:58:52,568 middleware Запит до /catalog/ зайняв 0.0170 секунд.
INFO 2026-06-17 14:58:52,568 log "GET /catalog/?category=5 HTTP/1.1" 200 6210
INFO 2026-06-17 14:58:53,559 middleware Запит до /catalog/ зайняв 0.0153 секунд.
INFO 2026-06-17 14:58:53,560 log "GET /catalog/?category=4 HTTP/1.1" 200 6866
INFO 2026-06-17 14:58:54,675 middleware Запит до /catalog/ зайняв 0.0144 секунд.
INFO 2026-06-17 14:58:54,676 log "GET /catalog/?category=2 HTTP/1.1" 200 7649
INFO 2026-06-17 14:58:55,902 middleware Запит до /catalog/ зайняв 0.0150 секунд.
INFO 2026-06-17 14:58:55,902 log "GET /catalog/?category=1 HTTP/1.1" 200 6213
INFO 2026-06-17 14:58:57,251 middleware Запит до /catalog/ зайняв 0.0158 секунд.
INFO 2026-06-17 14:58:57,252 log "GET /catalog/ HTTP/1.1" 200 8208
INFO 2026-06-17 14:58:58,672 middleware Запит до /catalog/ зайняв 0.0142 секунд.
INFO 2026-06-17 14:58:58,672 log "GET /catalog/?category=1 HTTP/1.1" 200 6213
INFO 2026-06-17 14:58:59,387 middleware Запит до /catalog/ зайняв 0.0141 секунд.
INFO 2026-06-17 14:58:59,388 log "GET /catalog/ HTTP/1.1" 200 8208
INFO 2026-06-17 15:01:20,099 middleware Запит до /admin/shop_app/book/add/ зайняв 0.0159 секунд.
INFO 2026-06-17 15:01:20,099 log "POST /admin/shop_app/book/add/ HTTP/1.1" 302 0
INFO 2026-06-17 15:01:20,115 middleware Запит до /admin/shop_app/book/add/ зайняв 0.0141 секунд.
INFO 2026-06-17 15:01:20,116 log "GET /admin/shop_app/book/add/ HTTP/1.1" 200 15386
INFO 2026-06-17 15:01:20,139 middleware Запит до /admin/jsi18n/ зайняв 0.0113 секунд.
INFO 2026-06-17 15:01:20,139 log "GET /admin/jsi18n/ HTTP/1.1" 200 3342
INFO 2026-06-17 15:01:24,903 middleware Запит до /catalog/ зайняв 0.0160 секунд.
INFO 2026-06-17 15:01:24,903 log "GET /catalog/ HTTP/1.1" 200 8208
INFO 2026-06-17 15:01:26,060 middleware Запит до /catalog/ зайняв 0.0144 секунд.
INFO 2026-06-17 15:01:26,061 log "GET /catalog/?category=6 HTTP/1.1" 200 4847
INFO 2026-06-17 15:01:29,385 middleware Запит до /19/ зайняв 0.0148 секунд.
INFO 2026-06-17 15:01:29,386 log "GET /19/ HTTP/1.1" 200 5011
INFO 2026-06-17 15:01:29,401 middleware Запит до /images/covers/Fifty_shades_of_grey.jpg зайняв 0.0006 секунд.
INFO 2026-06-17 15:01:29,402 log "GET /images/covers/Fifty_shades_of_grey.jpg HTTP/1.1" 200 24303
INFO 2026-06-17 15:03:19,425 middleware Запит до /admin/shop_app/book/add/ зайняв 0.0187 секунд.
INFO 2026-06-17 15:03:19,426 log "POST /admin/shop_app/book/add/ HTTP/1.1" 302 0
INFO 2026-06-17 15:03:19,440 middleware Запит до /admin/shop_app/book/add/ зайняв 0.0132 секунд.
INFO 2026-06-17 15:03:19,441 log "GET /admin/shop_app/book/add/ HTTP/1.1" 200 15393
INFO 2026-06-17 15:03:19,463 middleware Запит до /admin/jsi18n/ зайняв 0.0120 секунд.
INFO 2026-06-17 15:03:19,464 log "GET /admin/jsi18n/ HTTP/1.1" 200 3342
INFO 2026-06-17 15:03:22,342 middleware Запит до /catalog/ зайняв 0.0144 секунд.
INFO 2026-06-17 15:03:22,342 log "GET /catalog/?category=6 HTTP/1.1" 200 5537
INFO 2026-06-17 15:03:23,336 middleware Запит до /20/ зайняв 0.0136 секунд.
INFO 2026-06-17 15:03:23,336 log "GET /20/ HTTP/1.1" 200 4919
INFO 2026-06-17 15:03:23,352 middleware Запит до /images/covers/The_Spanish_love_deception.jpg зайняв 0.0005 секунд.
INFO 2026-06-17 15:03:23,360 log "GET /images/covers/The_Spanish_love_deception.jpg HTTP/1.1" 200 631244
INFO 2026-06-17 15:03:25,340 middleware Запит до /19/ зайняв 0.0154 секунд.
INFO 2026-06-17 15:03:25,340 log "GET /19/ HTTP/1.1" 200 5011
INFO 2026-06-17 15:03:25,348 middleware Запит до /images/covers/Fifty_shades_of_grey.jpg зайняв 0.0004 секунд.
INFO 2026-06-17 15:03:25,348 log "GET /images/covers/Fifty_shades_of_grey.jpg HTTP/1.1" 304 0
INFO 2026-06-17 15:04:34,653 middleware Запит до /admin/shop_app/book/add/ зайняв 0.0249 секунд.
INFO 2026-06-17 15:04:34,653 log "POST /admin/shop_app/book/add/ HTTP/1.1" 302 0
INFO 2026-06-17 15:04:34,668 middleware Запит до /admin/shop_app/book/add/ зайняв 0.0130 секунд.
INFO 2026-06-17 15:04:34,668 log "GET /admin/shop_app/book/add/ HTTP/1.1" 200 15379
INFO 2026-06-17 15:04:34,693 middleware Запит до /admin/jsi18n/ зайняв 0.0088 секунд.
INFO 2026-06-17 15:04:34,693 log "GET /admin/jsi18n/ HTTP/1.1" 200 3342
INFO 2026-06-17 15:05:35,841 middleware Запит до /admin/shop_app/book/add/ зайняв 0.0152 секунд.
INFO 2026-06-17 15:05:35,842 log "POST /admin/shop_app/book/add/ HTTP/1.1" 302 0
INFO 2026-06-17 15:05:35,866 middleware Запит до /admin/shop_app/book/ зайняв 0.0224 секунд.
INFO 2026-06-17 15:05:35,866 log "GET /admin/shop_app/book/ HTTP/1.1" 200 28921
INFO 2026-06-17 15:05:35,887 middleware Запит до /admin/jsi18n/ зайняв 0.0092 секунд.
INFO 2026-06-17 15:05:35,887 log "GET /admin/jsi18n/ HTTP/1.1" 200 3342
INFO 2026-06-17 15:05:38,922 middleware Запит до /catalog/ зайняв 0.0160 секунд.
INFO 2026-06-17 15:05:38,923 log "GET /catalog/?category=6 HTTP/1.1" 200 6869
INFO 2026-06-17 15:05:40,305 middleware Запит до /21/ зайняв 0.0142 секунд.
INFO 2026-06-17 15:05:40,305 log "GET /21/ HTTP/1.1" 200 4288
INFO 2026-06-17 15:05:40,319 middleware Запит до /images/covers/twilight.jpg зайняв 0.0006 секунд.
INFO 2026-06-17 15:05:40,332 log "GET /images/covers/twilight.jpg HTTP/1.1" 200 940873
INFO 2026-06-17 15:05:42,064 middleware Запит до /22/ зайняв 0.0132 секунд.
INFO 2026-06-17 15:05:42,064 log "GET /22/ HTTP/1.1" 200 5268
INFO 2026-06-17 15:05:42,078 middleware Запит до /images/covers/People_we_meet_on_vacation.jpg зайняв 0.0006 секунд.
INFO 2026-06-17 15:05:42,081 log "GET /images/covers/People_we_meet_on_vacation.jpg HTTP/1.1" 200 159523
INFO 2026-06-17 15:05:44,201 middleware Запит до /19/ зайняв 0.0146 секунд.
INFO 2026-06-17 15:05:44,202 log "GET /19/ HTTP/1.1" 200 5011
INFO 2026-06-17 15:05:44,219 middleware Запит до /images/covers/Fifty_shades_of_grey.jpg зайняв 0.0002 секунд.
INFO 2026-06-17 15:05:44,219 log "GET /images/covers/Fifty_shades_of_grey.jpg HTTP/1.1" 304 0
INFO 2026-06-17 15:05:47,445 middleware Запит до /20/ зайняв 0.0147 секунд.
INFO 2026-06-17 15:05:47,445 log "GET /20/ HTTP/1.1" 200 4919
INFO 2026-06-17 15:05:47,460 middleware Запит до /images/covers/The_Spanish_love_deception.jpg зайняв 0.0001 секунд.
INFO 2026-06-17 15:05:47,460 log "GET /images/covers/The_Spanish_love_deception.jpg HTTP/1.1" 304 0
INFO 2026-06-17 15:05:49,860 middleware Запит до /catalog/ зайняв 0.0148 секунд.
INFO 2026-06-17 15:05:49,861 log "GET /catalog/?category=1 HTTP/1.1" 200 6213
INFO 2026-06-17 15:05:51,353 middleware Запит до /3/ зайняв 0.0143 секунд.
INFO 2026-06-17 15:05:51,353 log "GET /3/ HTTP/1.1" 200 4399
INFO 2026-06-17 15:05:51,368 middleware Запит до /images/covers/Charlie_and_the_Chocolate_Factory.jpg зайняв 0.0007 секунд.
INFO 2026-06-17 15:05:51,371 log "GET /images/covers/Charlie_and_the_Chocolate_Factory.jpg HTTP/1.1" 200 201838
INFO 2026-06-17 15:05:52,792 middleware Запит до /catalog/ зайняв 0.0161 секунд.
INFO 2026-06-17 15:05:52,792 log "GET /catalog/?category=2 HTTP/1.1" 200 7649
INFO 2026-06-17 15:05:54,626 middleware Запит до /catalog/ зайняв 0.0149 секунд.
INFO 2026-06-17 15:05:54,626 log "GET /catalog/?category=4 HTTP/1.1" 200 6866
INFO 2026-06-17 15:05:56,180 middleware Запит до /catalog/ зайняв 0.0150 секунд.
INFO 2026-06-17 15:05:56,181 log "GET /catalog/?category=5 HTTP/1.1" 200 6210
INFO 2026-06-17 15:05:57,681 middleware Запит до /17/ зайняв 0.0140 секунд.
INFO 2026-06-17 15:05:57,681 log "GET /17/ HTTP/1.1" 200 4685
INFO 2026-06-17 15:05:57,697 middleware Запит до /images/covers/The_sweet_science.jpg зайняв 0.0005 секунд.
INFO 2026-06-17 15:05:57,698 log "GET /images/covers/The_sweet_science.jpg HTTP/1.1" 200 28716
INFO 2026-06-17 15:05:59,920 middleware Запит до /catalog/ зайняв 0.0151 секунд.
INFO 2026-06-17 15:05:59,921 log "GET /catalog/ HTTP/1.1" 200 8208
INFO 2026-06-17 15:06:02,160 middleware Запит до / зайняв 0.0168 секунд.
INFO 2026-06-17 15:06:02,160 log "GET / HTTP/1.1" 200 9366
INFO 2026-06-17 15:07:52,848 middleware Запит до /catalog/ зайняв 0.0152 секунд.
INFO 2026-06-17 15:07:52,848 log "GET /catalog/ HTTP/1.1" 200 8208
INFO 2026-06-17 15:07:53,696 middleware Запит до / зайняв 0.0165 секунд.
INFO 2026-06-17 15:07:53,697 log "GET / HTTP/1.1" 200 9366
INFO 2026-06-17 15:08:04,398 middleware Запит до /catalog/ зайняв 0.0159 секунд.
INFO 2026-06-17 15:08:04,399 log "GET /catalog/ HTTP/1.1" 200 8208
INFO 2026-06-17 15:08:10,577 middleware Запит до /catalog/ зайняв 0.0167 секунд.
INFO 2026-06-17 15:08:10,577 log "GET /catalog/?page=2 HTTP/1.1" 200 8277
INFO 2026-06-17 15:08:11,617 middleware Запит до /catalog/ зайняв 0.0155 секунд.
INFO 2026-06-17 15:08:11,618 log "GET /catalog/?page=3 HTTP/1.1" 200 8299
INFO 2026-06-17 15:08:12,388 middleware Запит до /catalog/ зайняв 0.0146 секунд.
INFO 2026-06-17 15:08:12,389 log "GET /catalog/?page=4 HTTP/1.1" 200 7465
INFO 2026-06-17 15:08:16,861 middleware Запит до /catalog/ зайняв 0.0156 секунд.
INFO 2026-06-17 15:08:16,862 log "GET /catalog/?page=3 HTTP/1.1" 200 8299
INFO 2026-06-17 15:08:17,380 middleware Запит до /catalog/ зайняв 0.0147 секунд.
INFO 2026-06-17 15:08:17,380 log "GET /catalog/?page=2 HTTP/1.1" 200 8277
INFO 2026-06-17 15:08:17,936 middleware Запит до /catalog/ зайняв 0.0153 секунд.
INFO 2026-06-17 15:08:17,936 log "GET /catalog/?page=1 HTTP/1.1" 200 8208
INFO 2026-06-17 15:08:20,336 middleware Запит до /catalog/ зайняв 0.0168 секунд.
INFO 2026-06-17 15:08:20,337 log "GET /catalog/?page=2 HTTP/1.1" 200 8277
INFO 2026-06-17 15:08:21,058 middleware Запит до /catalog/ зайняв 0.0150 секунд.
INFO 2026-06-17 15:08:21,058 log "GET /catalog/?page=3 HTTP/1.1" 200 8299
INFO 2026-06-17 15:08:21,575 middleware Запит до /catalog/ зайняв 0.0153 секунд.
INFO 2026-06-17 15:08:21,576 log "GET /catalog/?page=4 HTTP/1.1" 200 7465
INFO 2026-06-17 15:08:22,406 middleware Запит до /20/ зайняв 0.0151 секунд.
INFO 2026-06-17 15:08:22,406 log "GET /20/ HTTP/1.1" 200 4919
INFO 2026-06-17 15:08:22,420 middleware Запит до /images/covers/The_Spanish_love_deception.jpg зайняв 0.0003 секунд.
INFO 2026-06-17 15:08:22,421 log "GET /images/covers/The_Spanish_love_deception.jpg HTTP/1.1" 304 0
INFO 2026-06-17 15:08:27,122 middleware Запит до /catalog/ зайняв 0.0157 секунд.
INFO 2026-06-17 15:08:27,123 log "GET /catalog/?page=3 HTTP/1.1" 200 8299
INFO 2026-06-17 15:08:28,784 middleware Запит до /18/ зайняв 0.0147 секунд.
INFO 2026-06-17 15:08:28,784 log "GET /18/ HTTP/1.1" 200 5192
INFO 2026-06-17 15:08:28,800 middleware Запит до /images/covers/Heaven_is_a_playground.jpg зайняв 0.0006 секунд.
INFO 2026-06-17 15:08:28,803 log "GET /images/covers/Heaven_is_a_playground.jpg HTTP/1.1" 200 295111
INFO 2026-06-17 15:08:31,084 middleware Запит до /15/ зайняв 0.0156 секунд.
INFO 2026-06-17 15:08:31,084 log "GET /15/ HTTP/1.1" 200 3986
INFO 2026-06-17 15:08:31,100 middleware Запит до /images/covers/warbreaker.jpg зайняв 0.0010 секунд.
INFO 2026-06-17 15:08:31,103 log "GET /images/covers/warbreaker.jpg HTTP/1.1" 200 118538
INFO 2026-06-17 15:08:34,349 middleware Запит до /catalog/ зайняв 0.0161 секунд.
INFO 2026-06-17 15:08:34,350 log "GET /catalog/?page=2 HTTP/1.1" 200 8277
INFO 2026-06-17 15:08:35,609 middleware Запит до /catalog/ зайняв 0.0156 секунд.
INFO 2026-06-17 15:08:35,610 log "GET /catalog/?page=1 HTTP/1.1" 200 8208
INFO 2026-06-17 15:10:24,479 middleware Запит до /catalog/ зайняв 0.0151 секунд.
INFO 2026-06-17 15:10:24,480 log "GET /catalog/?category=1 HTTP/1.1" 200 6213
INFO 2026-06-17 15:10:25,428 middleware Запит до /catalog/ зайняв 0.0173 секунд.
INFO 2026-06-17 15:10:25,429 log "GET /catalog/?category=2 HTTP/1.1" 200 7649
INFO 2026-06-17 15:10:25,995 middleware Запит до /catalog/ зайняв 0.0154 секунд.
INFO 2026-06-17 15:10:25,995 log "GET /catalog/?category=4 HTTP/1.1" 200 6866
INFO 2026-06-17 15:10:26,625 middleware Запит до /catalog/ зайняв 0.0136 секунд.
INFO 2026-06-17 15:10:26,626 log "GET /catalog/?category=5 HTTP/1.1" 200 6210
INFO 2026-06-17 15:10:27,089 middleware Запит до /catalog/ зайняв 0.0158 секунд.
INFO 2026-06-17 15:10:27,089 log "GET /catalog/?category=6 HTTP/1.1" 200 6869
INFO 2026-06-17 15:10:27,863 middleware Запит до /catalog/ зайняв 0.0410 секунд.
INFO 2026-06-17 15:10:27,864 log "GET /catalog/ HTTP/1.1" 200 8208
INFO 2026-06-17 15:10:30,295 middleware Запит до /catalog/ зайняв 0.0156 секунд.
INFO 2026-06-17 15:10:30,296 log "GET /catalog/ HTTP/1.1" 200 8208
INFO 2026-06-17 15:10:30,838 middleware Запит до / зайняв 0.0160 секунд.
INFO 2026-06-17 15:10:30,839 log "GET / HTTP/1.1" 200 9366
INFO 2026-06-17 16:46:11,398 autoreload Watching for file changes with StatReloader
INFO 2026-06-17 16:46:16,153 middleware Запит до /admin/shop_app/book/ зайняв 0.0492 секунд.
INFO 2026-06-17 16:46:16,154 log "GET /admin/shop_app/book/ HTTP/1.1" 200 28689
INFO 2026-06-17 16:46:16,174 middleware Запит до /admin/jsi18n/ зайняв 0.0096 секунд.
INFO 2026-06-17 16:46:16,174 log "GET /admin/jsi18n/ HTTP/1.1" 200 3342
INFO 2026-06-17 16:46:18,745 middleware Запит до / зайняв 0.0218 секунд.
INFO 2026-06-17 16:46:18,746 log "GET / HTTP/1.1" 200 9366
INFO 2026-06-17 16:46:21,140 middleware Запит до /catalog/ зайняв 0.0182 секунд.
INFO 2026-06-17 16:46:21,141 log "GET /catalog/ HTTP/1.1" 200 8208
INFO 2026-06-17 16:46:22,954 middleware Запит до /catalog/ зайняв 0.0154 секунд.
INFO 2026-06-17 16:46:22,954 log "GET /catalog/?category=1 HTTP/1.1" 200 6213
INFO 2026-06-17 16:46:23,538 middleware Запит до /catalog/ зайняв 0.0161 секунд.
INFO 2026-06-17 16:46:23,539 log "GET /catalog/?category=2 HTTP/1.1" 200 7649
INFO 2026-06-17 16:46:24,265 middleware Запит до /catalog/ зайняв 0.0150 секунд.
INFO 2026-06-17 16:46:24,266 log "GET /catalog/?category=4 HTTP/1.1" 200 6866
INFO 2026-06-17 16:46:24,770 middleware Запит до /catalog/ зайняв 0.0158 секунд.
INFO 2026-06-17 16:46:24,771 log "GET /catalog/?category=5 HTTP/1.1" 200 6210
INFO 2026-06-17 16:46:25,221 middleware Запит до /catalog/ зайняв 0.0157 секунд.
INFO 2026-06-17 16:46:25,222 log "GET /catalog/?category=6 HTTP/1.1" 200 6869
INFO 2026-06-17 16:46:26,859 middleware Запит до /catalog/ зайняв 0.0079 секунд.
INFO 2026-06-17 16:46:26,860 log "GET /catalog/ HTTP/1.1" 200 8208
INFO 2026-06-17 16:46:27,687 middleware Запит до /catalog/ зайняв 0.0159 секунд.
INFO 2026-06-17 16:46:27,688 log "GET /catalog/ HTTP/1.1" 200 8208
INFO 2026-06-17 16:46:28,422 middleware Запит до / зайняв 0.0177 секунд.
INFO 2026-06-17 16:46:28,423 log "GET / HTTP/1.1" 200 9366
INFO 2026-06-17 16:46:31,078 middleware Запит до /catalog/ зайняв 0.0155 секунд.
INFO 2026-06-17 16:46:31,079 log "GET /catalog/ HTTP/1.1" 200 8208
INFO 2026-06-17 16:46:33,079 middleware Запит до /1/ зайняв 0.0162 секунд.
INFO 2026-06-17 16:46:33,080 log "GET /1/ HTTP/1.1" 200 4363
INFO 2026-06-17 16:46:38,955 middleware Запит до /catalog/ зайняв 0.0171 секунд.
INFO 2026-06-17 16:46:38,955 log "GET /catalog/ HTTP/1.1" 200 8208
INFO 2026-06-17 16:46:39,620 middleware Запит до / зайняв 0.0145 секунд.
INFO 2026-06-17 16:46:39,620 log "GET / HTTP/1.1" 200 9366
INFO 2026-06-17 16:46:55,405 middleware Запит до /orders зайняв 0.0030 секунд.
WARNING 2026-06-17 16:46:55,405 log Not Found: /orders
WARNING 2026-06-17 16:46:55,406 log "GET /orders HTTP/1.1" 404 4423
INFO 2026-06-17 16:46:59,252 middleware Запит до /orders/cart зайняв 0.0027 секунд.
INFO 2026-06-17 16:46:59,252 log "GET /orders/cart HTTP/1.1" 301 0
ERROR 2026-06-17 16:46:59,273 log Internal Server Error: /orders/cart/
Traceback (most recent call last):
  File "/usr/local/lib/python3.12/site-packages/django/core/handlers/exception.py", line 55, in inner
    response = get_response(request)
               ^^^^^^^^^^^^^^^^^^^^^
  File "/usr/local/lib/python3.12/site-packages/django/core/handlers/base.py", line 198, in _get_response
    response = wrapped_callback(request, *callback_args, **callback_kwargs)
               ^^^^^^^^^^^^^^^^^^^^^^^^^^^^^^^^^^^^^^^^^^^^^^^^^^^^^^^^^^^^
  File "/app/orders/views.py", line 34, in cart_detail
    cart = Cart(request)
           ^^^^^^^^^^^^^
  File "/app/orders/cart.py", line 9, in __init__
    cart = self.session.get(settings.CART_SESSION_ID)
                            ^^^^^^^^^^^^^^^^^^^^^^^^
  File "/usr/local/lib/python3.12/site-packages/django/conf/__init__.py", line 77, in __getattr__
    val = getattr(_wrapped, name)
          ^^^^^^^^^^^^^^^^^^^^^^^
AttributeError: 'Settings' object has no attribute 'CART_SESSION_ID'
INFO 2026-06-17 16:46:59,277 middleware Запит до /orders/cart/ зайняв 0.0236 секунд.
ERROR 2026-06-17 16:46:59,278 log "GET /orders/cart/ HTTP/1.1" 500 66744
ERROR 2026-06-17 16:47:25,004 log Internal Server Error: /orders/cart/
Traceback (most recent call last):
  File "/usr/local/lib/python3.12/site-packages/django/core/handlers/exception.py", line 55, in inner
    response = get_response(request)
               ^^^^^^^^^^^^^^^^^^^^^
  File "/usr/local/lib/python3.12/site-packages/django/core/handlers/base.py", line 198, in _get_response
    response = wrapped_callback(request, *callback_args, **callback_kwargs)
               ^^^^^^^^^^^^^^^^^^^^^^^^^^^^^^^^^^^^^^^^^^^^^^^^^^^^^^^^^^^^
  File "/app/orders/views.py", line 34, in cart_detail
    cart = Cart(request)
           ^^^^^^^^^^^^^
  File "/app/orders/cart.py", line 9, in __init__
    cart = self.session.get(settings.CART_SESSION_ID)
                            ^^^^^^^^^^^^^^^^^^^^^^^^
  File "/usr/local/lib/python3.12/site-packages/django/conf/__init__.py", line 77, in __getattr__
    val = getattr(_wrapped, name)
          ^^^^^^^^^^^^^^^^^^^^^^^
AttributeError: 'Settings' object has no attribute 'CART_SESSION_ID'
INFO 2026-06-17 16:47:25,007 middleware Запит до /orders/cart/ зайняв 0.0144 секунд.
ERROR 2026-06-17 16:47:25,007 log "GET /orders/cart/ HTTP/1.1" 500 67687
INFO 2026-06-17 16:49:01,858 autoreload /app/bookstore_project/settings.py changed, reloading.
INFO 2026-06-17 16:49:02,267 autoreload Watching for file changes with StatReloader
ERROR 2026-06-17 16:49:27,147 log Internal Server Error: /orders/cart/
Traceback (most recent call last):
  File "/usr/local/lib/python3.12/site-packages/django/template/backends/django.py", line 107, in render
    return self.template.render(context)
           ^^^^^^^^^^^^^^^^^^^^^^^^^^^^^
  File "/usr/local/lib/python3.12/site-packages/django/template/base.py", line 174, in render
    return self._render(context)
           ^^^^^^^^^^^^^^^^^^^^^
  File "/usr/local/lib/python3.12/site-packages/django/test/utils.py", line 114, in instrumented_test_render
    return self.nodelist.render(context)
           ^^^^^^^^^^^^^^^^^^^^^^^^^^^^^
  File "/usr/local/lib/python3.12/site-packages/django/template/base.py", line 1091, in render
    return SafeString("".join([node.render_annotated(context) for node in self]))
                               ^^^^^^^^^^^^^^^^^^^^^^^^^^^^^^
  File "/usr/local/lib/python3.12/site-packages/django/template/base.py", line 1052, in render_annotated
    return self.render(context)
           ^^^^^^^^^^^^^^^^^^^^
  File "/usr/local/lib/python3.12/site-packages/django/template/loader_tags.py", line 135, in render
    compiled_parent = self.get_parent(context)
                      ^^^^^^^^^^^^^^^^^^^^^^^^
  File "/usr/local/lib/python3.12/site-packages/django/template/loader_tags.py", line 132, in get_parent
    return self.find_template(parent, context)
           ^^^^^^^^^^^^^^^^^^^^^^^^^^^^^^^^^^^
  File "/usr/local/lib/python3.12/site-packages/django/template/loader_tags.py", line 110, in find_template
    template, origin = context.template.engine.find_template(
                       ^^^^^^^^^^^^^^^^^^^^^^^^^^^^^^^^^^^^^^
  File "/usr/local/lib/python3.12/site-packages/django/template/engine.py", line 163, in find_template
    raise TemplateDoesNotExist(name, tried=tried)
django.template.exceptions.TemplateDoesNotExist: base.html

The above exception was the direct cause of the following exception:

Traceback (most recent call last):
  File "/usr/local/lib/python3.12/site-packages/django/core/handlers/exception.py", line 55, in inner
    response = get_response(request)
               ^^^^^^^^^^^^^^^^^^^^^
  File "/usr/local/lib/python3.12/site-packages/django/core/handlers/base.py", line 198, in _get_response
    response = wrapped_callback(request, *callback_args, **callback_kwargs)
               ^^^^^^^^^^^^^^^^^^^^^^^^^^^^^^^^^^^^^^^^^^^^^^^^^^^^^^^^^^^^
  File "/app/orders/views.py", line 40, in cart_detail
    return render(request, 'orders/cart_detail.html', {'cart': cart})
           ^^^^^^^^^^^^^^^^^^^^^^^^^^^^^^^^^^^^^^^^^^^^^^^^^^^^^^^^^^
  File "/usr/local/lib/python3.12/site-packages/django/shortcuts.py", line 25, in render
    content = loader.render_to_string(template_name, context, request, using=using)
              ^^^^^^^^^^^^^^^^^^^^^^^^^^^^^^^^^^^^^^^^^^^^^^^^^^^^^^^^^^^^^^^^^^^^^
  File "/usr/local/lib/python3.12/site-packages/django/template/loader.py", line 62, in render_to_string
    return template.render(context, request)
           ^^^^^^^^^^^^^^^^^^^^^^^^^^^^^^^^^
  File "/usr/local/lib/python3.12/site-packages/django/template/backends/django.py", line 109, in render
    reraise(exc, self.backend)
  File "/usr/local/lib/python3.12/site-packages/django/template/backends/django.py", line 130, in reraise
    raise new from exc
django.template.exceptions.TemplateDoesNotExist: base.html
INFO 2026-06-17 16:49:27,149 middleware Запит до /orders/cart/ зайняв 0.0247 секунд.
ERROR 2026-06-17 16:49:27,149 log "GET /orders/cart/ HTTP/1.1" 500 121442
ERROR 2026-06-17 16:51:09,568 log Internal Server Error: /orders/cart/
Traceback (most recent call last):
  File "/usr/local/lib/python3.12/site-packages/django/template/backends/django.py", line 107, in render
    return self.template.render(context)
           ^^^^^^^^^^^^^^^^^^^^^^^^^^^^^
  File "/usr/local/lib/python3.12/site-packages/django/template/base.py", line 174, in render
    return self._render(context)
           ^^^^^^^^^^^^^^^^^^^^^
  File "/usr/local/lib/python3.12/site-packages/django/test/utils.py", line 114, in instrumented_test_render
    return self.nodelist.render(context)
           ^^^^^^^^^^^^^^^^^^^^^^^^^^^^^
  File "/usr/local/lib/python3.12/site-packages/django/template/base.py", line 1091, in render
    return SafeString("".join([node.render_annotated(context) for node in self]))
                               ^^^^^^^^^^^^^^^^^^^^^^^^^^^^^^
  File "/usr/local/lib/python3.12/site-packages/django/template/base.py", line 1052, in render_annotated
    return self.render(context)
           ^^^^^^^^^^^^^^^^^^^^
  File "/usr/local/lib/python3.12/site-packages/django/template/loader_tags.py", line 135, in render
    compiled_parent = self.get_parent(context)
                      ^^^^^^^^^^^^^^^^^^^^^^^^
  File "/usr/local/lib/python3.12/site-packages/django/template/loader_tags.py", line 132, in get_parent
    return self.find_template(parent, context)
           ^^^^^^^^^^^^^^^^^^^^^^^^^^^^^^^^^^^
  File "/usr/local/lib/python3.12/site-packages/django/template/loader_tags.py", line 110, in find_template
    template, origin = context.template.engine.find_template(
                       ^^^^^^^^^^^^^^^^^^^^^^^^^^^^^^^^^^^^^^
  File "/usr/local/lib/python3.12/site-packages/django/template/engine.py", line 163, in find_template
    raise TemplateDoesNotExist(name, tried=tried)
django.template.exceptions.TemplateDoesNotExist: base.html

The above exception was the direct cause of the following exception:

Traceback (most recent call last):
  File "/usr/local/lib/python3.12/site-packages/django/core/handlers/exception.py", line 55, in inner
    response = get_response(request)
               ^^^^^^^^^^^^^^^^^^^^^
  File "/usr/local/lib/python3.12/site-packages/django/core/handlers/base.py", line 198, in _get_response
    response = wrapped_callback(request, *callback_args, **callback_kwargs)
               ^^^^^^^^^^^^^^^^^^^^^^^^^^^^^^^^^^^^^^^^^^^^^^^^^^^^^^^^^^^^
  File "/app/orders/views.py", line 40, in cart_detail
    return render(request, 'orders/cart_detail.html', {'cart': cart})
           ^^^^^^^^^^^^^^^^^^^^^^^^^^^^^^^^^^^^^^^^^^^^^^^^^^^^^^^^^^
  File "/usr/local/lib/python3.12/site-packages/django/shortcuts.py", line 25, in render
    content = loader.render_to_string(template_name, context, request, using=using)
              ^^^^^^^^^^^^^^^^^^^^^^^^^^^^^^^^^^^^^^^^^^^^^^^^^^^^^^^^^^^^^^^^^^^^^
  File "/usr/local/lib/python3.12/site-packages/django/template/loader.py", line 62, in render_to_string
    return template.render(context, request)
           ^^^^^^^^^^^^^^^^^^^^^^^^^^^^^^^^^
  File "/usr/local/lib/python3.12/site-packages/django/template/backends/django.py", line 109, in render
    reraise(exc, self.backend)
  File "/usr/local/lib/python3.12/site-packages/django/template/backends/django.py", line 130, in reraise
    raise new from exc
django.template.exceptions.TemplateDoesNotExist: base.html
INFO 2026-06-17 16:51:09,572 middleware Запит до /orders/cart/ зайняв 0.0276 секунд.
ERROR 2026-06-17 16:51:09,572 log "GET /orders/cart/ HTTP/1.1" 500 121442
INFO 2026-06-17 16:57:08,195 autoreload Watching for file changes with StatReloader
INFO 2026-06-17 16:57:15,302 middleware Запит до / зайняв 0.0211 секунд.
INFO 2026-06-17 16:57:15,303 log "GET / HTTP/1.1" 200 9366
INFO 2026-06-17 16:57:17,014 middleware Запит до /catalog/ зайняв 0.0196 секунд.
INFO 2026-06-17 16:57:17,014 log "GET /catalog/ HTTP/1.1" 200 8208
INFO 2026-06-17 16:57:17,813 middleware Запит до / зайняв 0.0176 секунд.
INFO 2026-06-17 16:57:17,814 log "GET / HTTP/1.1" 200 9366
ERROR 2026-06-17 16:57:20,086 log Internal Server Error: /orders/cart/
Traceback (most recent call last):
  File "/usr/local/lib/python3.12/site-packages/django/template/backends/django.py", line 107, in render
    return self.template.render(context)
           ^^^^^^^^^^^^^^^^^^^^^^^^^^^^^
  File "/usr/local/lib/python3.12/site-packages/django/template/base.py", line 174, in render
    return self._render(context)
           ^^^^^^^^^^^^^^^^^^^^^
  File "/usr/local/lib/python3.12/site-packages/django/test/utils.py", line 114, in instrumented_test_render
    return self.nodelist.render(context)
           ^^^^^^^^^^^^^^^^^^^^^^^^^^^^^
  File "/usr/local/lib/python3.12/site-packages/django/template/base.py", line 1091, in render
    return SafeString("".join([node.render_annotated(context) for node in self]))
                               ^^^^^^^^^^^^^^^^^^^^^^^^^^^^^^
  File "/usr/local/lib/python3.12/site-packages/django/template/base.py", line 1052, in render_annotated
    return self.render(context)
           ^^^^^^^^^^^^^^^^^^^^
  File "/usr/local/lib/python3.12/site-packages/django/template/loader_tags.py", line 135, in render
    compiled_parent = self.get_parent(context)
                      ^^^^^^^^^^^^^^^^^^^^^^^^
  File "/usr/local/lib/python3.12/site-packages/django/template/loader_tags.py", line 132, in get_parent
    return self.find_template(parent, context)
           ^^^^^^^^^^^^^^^^^^^^^^^^^^^^^^^^^^^
  File "/usr/local/lib/python3.12/site-packages/django/template/loader_tags.py", line 110, in find_template
    template, origin = context.template.engine.find_template(
                       ^^^^^^^^^^^^^^^^^^^^^^^^^^^^^^^^^^^^^^
  File "/usr/local/lib/python3.12/site-packages/django/template/engine.py", line 163, in find_template
    raise TemplateDoesNotExist(name, tried=tried)
django.template.exceptions.TemplateDoesNotExist: base.html

The above exception was the direct cause of the following exception:

Traceback (most recent call last):
  File "/usr/local/lib/python3.12/site-packages/django/core/handlers/exception.py", line 55, in inner
    response = get_response(request)
               ^^^^^^^^^^^^^^^^^^^^^
  File "/usr/local/lib/python3.12/site-packages/django/core/handlers/base.py", line 198, in _get_response
    response = wrapped_callback(request, *callback_args, **callback_kwargs)
               ^^^^^^^^^^^^^^^^^^^^^^^^^^^^^^^^^^^^^^^^^^^^^^^^^^^^^^^^^^^^
  File "/app/orders/views.py", line 40, in cart_detail
    return render(request, 'orders/cart_detail.html', {'cart': cart})
           ^^^^^^^^^^^^^^^^^^^^^^^^^^^^^^^^^^^^^^^^^^^^^^^^^^^^^^^^^^
  File "/usr/local/lib/python3.12/site-packages/django/shortcuts.py", line 25, in render
    content = loader.render_to_string(template_name, context, request, using=using)
              ^^^^^^^^^^^^^^^^^^^^^^^^^^^^^^^^^^^^^^^^^^^^^^^^^^^^^^^^^^^^^^^^^^^^^
  File "/usr/local/lib/python3.12/site-packages/django/template/loader.py", line 62, in render_to_string
    return template.render(context, request)
           ^^^^^^^^^^^^^^^^^^^^^^^^^^^^^^^^^
  File "/usr/local/lib/python3.12/site-packages/django/template/backends/django.py", line 109, in render
    reraise(exc, self.backend)
  File "/usr/local/lib/python3.12/site-packages/django/template/backends/django.py", line 130, in reraise
    raise new from exc
django.template.exceptions.TemplateDoesNotExist: base.html
INFO 2026-06-17 16:57:20,088 middleware Запит до /orders/cart/ зайняв 0.0241 секунд.
ERROR 2026-06-17 16:57:20,088 log "GET /orders/cart/ HTTP/1.1" 500 121444
ERROR 2026-06-17 16:57:21,200 log Internal Server Error: /orders/cart/
Traceback (most recent call last):
  File "/usr/local/lib/python3.12/site-packages/django/template/backends/django.py", line 107, in render
    return self.template.render(context)
           ^^^^^^^^^^^^^^^^^^^^^^^^^^^^^
  File "/usr/local/lib/python3.12/site-packages/django/template/base.py", line 174, in render
    return self._render(context)
           ^^^^^^^^^^^^^^^^^^^^^
  File "/usr/local/lib/python3.12/site-packages/django/test/utils.py", line 114, in instrumented_test_render
    return self.nodelist.render(context)
           ^^^^^^^^^^^^^^^^^^^^^^^^^^^^^
  File "/usr/local/lib/python3.12/site-packages/django/template/base.py", line 1091, in render
    return SafeString("".join([node.render_annotated(context) for node in self]))
                               ^^^^^^^^^^^^^^^^^^^^^^^^^^^^^^
  File "/usr/local/lib/python3.12/site-packages/django/template/base.py", line 1052, in render_annotated
    return self.render(context)
           ^^^^^^^^^^^^^^^^^^^^
  File "/usr/local/lib/python3.12/site-packages/django/template/loader_tags.py", line 135, in render
    compiled_parent = self.get_parent(context)
                      ^^^^^^^^^^^^^^^^^^^^^^^^
  File "/usr/local/lib/python3.12/site-packages/django/template/loader_tags.py", line 132, in get_parent
    return self.find_template(parent, context)
           ^^^^^^^^^^^^^^^^^^^^^^^^^^^^^^^^^^^
  File "/usr/local/lib/python3.12/site-packages/django/template/loader_tags.py", line 110, in find_template
    template, origin = context.template.engine.find_template(
                       ^^^^^^^^^^^^^^^^^^^^^^^^^^^^^^^^^^^^^^
  File "/usr/local/lib/python3.12/site-packages/django/template/engine.py", line 163, in find_template
    raise TemplateDoesNotExist(name, tried=tried)
django.template.exceptions.TemplateDoesNotExist: base.html

The above exception was the direct cause of the following exception:

Traceback (most recent call last):
  File "/usr/local/lib/python3.12/site-packages/django/core/handlers/exception.py", line 55, in inner
    response = get_response(request)
               ^^^^^^^^^^^^^^^^^^^^^
  File "/usr/local/lib/python3.12/site-packages/django/core/handlers/base.py", line 198, in _get_response
    response = wrapped_callback(request, *callback_args, **callback_kwargs)
               ^^^^^^^^^^^^^^^^^^^^^^^^^^^^^^^^^^^^^^^^^^^^^^^^^^^^^^^^^^^^
  File "/app/orders/views.py", line 40, in cart_detail
    return render(request, 'orders/cart_detail.html', {'cart': cart})
           ^^^^^^^^^^^^^^^^^^^^^^^^^^^^^^^^^^^^^^^^^^^^^^^^^^^^^^^^^^
  File "/usr/local/lib/python3.12/site-packages/django/shortcuts.py", line 25, in render
    content = loader.render_to_string(template_name, context, request, using=using)
              ^^^^^^^^^^^^^^^^^^^^^^^^^^^^^^^^^^^^^^^^^^^^^^^^^^^^^^^^^^^^^^^^^^^^^
  File "/usr/local/lib/python3.12/site-packages/django/template/loader.py", line 62, in render_to_string
    return template.render(context, request)
           ^^^^^^^^^^^^^^^^^^^^^^^^^^^^^^^^^
  File "/usr/local/lib/python3.12/site-packages/django/template/backends/django.py", line 109, in render
    reraise(exc, self.backend)
  File "/usr/local/lib/python3.12/site-packages/django/template/backends/django.py", line 130, in reraise
    raise new from exc
django.template.exceptions.TemplateDoesNotExist: base.html
INFO 2026-06-17 16:57:21,201 middleware Запит до /orders/cart/ зайняв 0.0218 секунд.
ERROR 2026-06-17 16:57:21,201 log "GET /orders/cart/ HTTP/1.1" 500 121444
ERROR 2026-06-17 16:57:23,182 log Internal Server Error: /orders/cart/
Traceback (most recent call last):
  File "/usr/local/lib/python3.12/site-packages/django/template/backends/django.py", line 107, in render
    return self.template.render(context)
           ^^^^^^^^^^^^^^^^^^^^^^^^^^^^^
  File "/usr/local/lib/python3.12/site-packages/django/template/base.py", line 174, in render
    return self._render(context)
           ^^^^^^^^^^^^^^^^^^^^^
  File "/usr/local/lib/python3.12/site-packages/django/test/utils.py", line 114, in instrumented_test_render
    return self.nodelist.render(context)
           ^^^^^^^^^^^^^^^^^^^^^^^^^^^^^
  File "/usr/local/lib/python3.12/site-packages/django/template/base.py", line 1091, in render
    return SafeString("".join([node.render_annotated(context) for node in self]))
                               ^^^^^^^^^^^^^^^^^^^^^^^^^^^^^^
  File "/usr/local/lib/python3.12/site-packages/django/template/base.py", line 1052, in render_annotated
    return self.render(context)
           ^^^^^^^^^^^^^^^^^^^^
  File "/usr/local/lib/python3.12/site-packages/django/template/loader_tags.py", line 135, in render
    compiled_parent = self.get_parent(context)
                      ^^^^^^^^^^^^^^^^^^^^^^^^
  File "/usr/local/lib/python3.12/site-packages/django/template/loader_tags.py", line 132, in get_parent
    return self.find_template(parent, context)
           ^^^^^^^^^^^^^^^^^^^^^^^^^^^^^^^^^^^
  File "/usr/local/lib/python3.12/site-packages/django/template/loader_tags.py", line 110, in find_template
    template, origin = context.template.engine.find_template(
                       ^^^^^^^^^^^^^^^^^^^^^^^^^^^^^^^^^^^^^^
  File "/usr/local/lib/python3.12/site-packages/django/template/engine.py", line 163, in find_template
    raise TemplateDoesNotExist(name, tried=tried)
django.template.exceptions.TemplateDoesNotExist: base.html

The above exception was the direct cause of the following exception:

Traceback (most recent call last):
  File "/usr/local/lib/python3.12/site-packages/django/core/handlers/exception.py", line 55, in inner
    response = get_response(request)
               ^^^^^^^^^^^^^^^^^^^^^
  File "/usr/local/lib/python3.12/site-packages/django/core/handlers/base.py", line 198, in _get_response
    response = wrapped_callback(request, *callback_args, **callback_kwargs)
               ^^^^^^^^^^^^^^^^^^^^^^^^^^^^^^^^^^^^^^^^^^^^^^^^^^^^^^^^^^^^
  File "/app/orders/views.py", line 40, in cart_detail
    return render(request, 'orders/cart_detail.html', {'cart': cart})
           ^^^^^^^^^^^^^^^^^^^^^^^^^^^^^^^^^^^^^^^^^^^^^^^^^^^^^^^^^^
  File "/usr/local/lib/python3.12/site-packages/django/shortcuts.py", line 25, in render
    content = loader.render_to_string(template_name, context, request, using=using)
              ^^^^^^^^^^^^^^^^^^^^^^^^^^^^^^^^^^^^^^^^^^^^^^^^^^^^^^^^^^^^^^^^^^^^^
  File "/usr/local/lib/python3.12/site-packages/django/template/loader.py", line 62, in render_to_string
    return template.render(context, request)
           ^^^^^^^^^^^^^^^^^^^^^^^^^^^^^^^^^
  File "/usr/local/lib/python3.12/site-packages/django/template/backends/django.py", line 109, in render
    reraise(exc, self.backend)
  File "/usr/local/lib/python3.12/site-packages/django/template/backends/django.py", line 130, in reraise
    raise new from exc
django.template.exceptions.TemplateDoesNotExist: base.html
INFO 2026-06-17 16:57:23,184 middleware Запит до /orders/cart/ зайняв 0.0213 секунд.
ERROR 2026-06-17 16:57:23,184 log "GET /orders/cart/ HTTP/1.1" 500 121444
ERROR 2026-06-17 16:57:24,400 log Internal Server Error: /orders/cart/
Traceback (most recent call last):
  File "/usr/local/lib/python3.12/site-packages/django/template/backends/django.py", line 107, in render
    return self.template.render(context)
           ^^^^^^^^^^^^^^^^^^^^^^^^^^^^^
  File "/usr/local/lib/python3.12/site-packages/django/template/base.py", line 174, in render
    return self._render(context)
           ^^^^^^^^^^^^^^^^^^^^^
  File "/usr/local/lib/python3.12/site-packages/django/test/utils.py", line 114, in instrumented_test_render
    return self.nodelist.render(context)
           ^^^^^^^^^^^^^^^^^^^^^^^^^^^^^
  File "/usr/local/lib/python3.12/site-packages/django/template/base.py", line 1091, in render
    return SafeString("".join([node.render_annotated(context) for node in self]))
                               ^^^^^^^^^^^^^^^^^^^^^^^^^^^^^^
  File "/usr/local/lib/python3.12/site-packages/django/template/base.py", line 1052, in render_annotated
    return self.render(context)
           ^^^^^^^^^^^^^^^^^^^^
  File "/usr/local/lib/python3.12/site-packages/django/template/loader_tags.py", line 135, in render
    compiled_parent = self.get_parent(context)
                      ^^^^^^^^^^^^^^^^^^^^^^^^
  File "/usr/local/lib/python3.12/site-packages/django/template/loader_tags.py", line 132, in get_parent
    return self.find_template(parent, context)
           ^^^^^^^^^^^^^^^^^^^^^^^^^^^^^^^^^^^
  File "/usr/local/lib/python3.12/site-packages/django/template/loader_tags.py", line 110, in find_template
    template, origin = context.template.engine.find_template(
                       ^^^^^^^^^^^^^^^^^^^^^^^^^^^^^^^^^^^^^^
  File "/usr/local/lib/python3.12/site-packages/django/template/engine.py", line 163, in find_template
    raise TemplateDoesNotExist(name, tried=tried)
django.template.exceptions.TemplateDoesNotExist: base.html

The above exception was the direct cause of the following exception:

Traceback (most recent call last):
  File "/usr/local/lib/python3.12/site-packages/django/core/handlers/exception.py", line 55, in inner
    response = get_response(request)
               ^^^^^^^^^^^^^^^^^^^^^
  File "/usr/local/lib/python3.12/site-packages/django/core/handlers/base.py", line 198, in _get_response
    response = wrapped_callback(request, *callback_args, **callback_kwargs)
               ^^^^^^^^^^^^^^^^^^^^^^^^^^^^^^^^^^^^^^^^^^^^^^^^^^^^^^^^^^^^
  File "/app/orders/views.py", line 40, in cart_detail
    return render(request, 'orders/cart_detail.html', {'cart': cart})
           ^^^^^^^^^^^^^^^^^^^^^^^^^^^^^^^^^^^^^^^^^^^^^^^^^^^^^^^^^^
  File "/usr/local/lib/python3.12/site-packages/django/shortcuts.py", line 25, in render
    content = loader.render_to_string(template_name, context, request, using=using)
              ^^^^^^^^^^^^^^^^^^^^^^^^^^^^^^^^^^^^^^^^^^^^^^^^^^^^^^^^^^^^^^^^^^^^^
  File "/usr/local/lib/python3.12/site-packages/django/template/loader.py", line 62, in render_to_string
    return template.render(context, request)
           ^^^^^^^^^^^^^^^^^^^^^^^^^^^^^^^^^
  File "/usr/local/lib/python3.12/site-packages/django/template/backends/django.py", line 109, in render
    reraise(exc, self.backend)
  File "/usr/local/lib/python3.12/site-packages/django/template/backends/django.py", line 130, in reraise
    raise new from exc
django.template.exceptions.TemplateDoesNotExist: base.html
INFO 2026-06-17 16:57:24,402 middleware Запит до /orders/cart/ зайняв 0.0209 секунд.
ERROR 2026-06-17 16:57:24,402 log "GET /orders/cart/ HTTP/1.1" 500 121444
INFO 2026-06-17 17:03:22,576 middleware Запит до /orders/cart/ зайняв 0.0038 секунд.
INFO 2026-06-17 17:03:22,588 log "GET /orders/cart/ HTTP/1.1" 200 2347
INFO 2026-06-17 17:03:24,585 middleware Запит до /catalog/ зайняв 0.0168 секунд.
INFO 2026-06-17 17:03:24,586 log "GET /catalog/ HTTP/1.1" 200 7727
INFO 2026-06-17 17:03:53,996 middleware Запит до /orders/cart/ зайняв 0.0119 секунд.
INFO 2026-06-17 17:03:53,999 log "GET /orders/cart/ HTTP/1.1" 200 2347
INFO 2026-06-17 17:03:58,559 middleware Запит до /catalog/ зайняв 0.0157 секунд.
INFO 2026-06-17 17:03:58,560 log "GET /catalog/ HTTP/1.1" 200 7727
INFO 2026-06-19 17:50:54,280 autoreload Watching for file changes with StatReloader
INFO 2026-06-19 17:51:01,476 middleware Запит до / зайняв 0.0146 секунд.
INFO 2026-06-19 17:51:01,477 log "GET / HTTP/1.1" 200 9366
INFO 2026-06-19 17:51:04,477 middleware Запит до / зайняв 0.0130 секунд.
INFO 2026-06-19 17:51:04,477 log "GET / HTTP/1.1" 200 9366
INFO 2026-06-19 17:51:08,326 middleware Запит до /catalog/ зайняв 0.0212 секунд.
INFO 2026-06-19 17:51:08,327 log "GET /catalog/ HTTP/1.1" 200 8208
INFO 2026-06-19 17:51:09,355 middleware Запит до / зайняв 0.0170 секунд.
INFO 2026-06-19 17:51:09,355 log "GET / HTTP/1.1" 200 9366
INFO 2026-06-19 17:51:10,283 middleware Запит до /catalog/ зайняв 0.0146 секунд.
INFO 2026-06-19 17:51:10,284 log "GET /catalog/ HTTP/1.1" 200 8208
INFO 2026-06-19 17:51:11,152 middleware Запит до / зайняв 0.0158 секунд.
INFO 2026-06-19 17:51:11,152 log "GET / HTTP/1.1" 200 9366
INFO 2026-06-19 17:53:06,199 middleware Запит до /orders/cart/ зайняв 0.0124 секунд.
INFO 2026-06-19 17:53:06,203 log "GET /orders/cart/ HTTP/1.1" 200 2347
INFO 2026-06-19 17:53:10,636 middleware Запит до /orders/cart_detail зайняв 0.0040 секунд.
WARNING 2026-06-19 17:53:10,637 log Not Found: /orders/cart_detail
WARNING 2026-06-19 17:53:10,637 log "GET /orders/cart_detail HTTP/1.1" 404 5154
INFO 2026-06-19 17:53:14,969 middleware Запит до /orders/cart/ зайняв 0.0112 секунд.
INFO 2026-06-19 17:53:14,971 log "GET /orders/cart/ HTTP/1.1" 200 2347
INFO 2026-06-19 17:53:16,672 middleware Запит до /catalog/ зайняв 0.0147 секунд.
INFO 2026-06-19 17:53:16,673 log "GET /catalog/ HTTP/1.1" 200 7727
INFO 2026-06-19 18:03:21,501 autoreload /app/orders/models.py changed, reloading.
INFO 2026-06-19 18:03:21,922 autoreload Watching for file changes with StatReloader
INFO 2026-06-19 18:05:32,929 autoreload /app/orders/models.py changed, reloading.
INFO 2026-06-19 18:05:33,326 autoreload Watching for file changes with StatReloader
INFO 2026-06-19 18:08:24,906 autoreload /app/orders/models.py changed, reloading.
INFO 2026-06-19 18:08:25,306 autoreload Watching for file changes with StatReloader
INFO 2026-06-19 18:08:47,687 autoreload /app/orders/models.py changed, reloading.
INFO 2026-06-19 18:08:48,118 autoreload Watching for file changes with StatReloader
INFO 2026-06-19 18:17:32,288 autoreload /app/orders/models.py changed, reloading.
INFO 2026-06-19 18:17:32,671 autoreload Watching for file changes with StatReloader
INFO 2026-06-20 10:20:22,095 autoreload Watching for file changes with StatReloader
INFO 2026-06-20 10:20:34,966 middleware Запит до / зайняв 0.0289 секунд.
INFO 2026-06-20 10:20:34,967 log "GET / HTTP/1.1" 200 9366
INFO 2026-06-20 10:20:38,283 middleware Запит до /catalog/ зайняв 0.0185 секунд.
INFO 2026-06-20 10:20:38,284 log "GET /catalog/ HTTP/1.1" 200 7727
INFO 2026-06-20 10:20:42,357 middleware Запит до /catalog/ зайняв 0.0149 секунд.
INFO 2026-06-20 10:20:42,358 log "GET /catalog/ HTTP/1.1" 200 7727
INFO 2026-06-20 10:20:43,158 middleware Запит до / зайняв 0.0150 секунд.
INFO 2026-06-20 10:20:43,158 log "GET / HTTP/1.1" 200 8885
INFO 2026-06-20 10:20:44,200 middleware Запит до /catalog/ зайняв 0.0142 секунд.
INFO 2026-06-20 10:20:44,201 log "GET /catalog/ HTTP/1.1" 200 7727
INFO 2026-06-20 10:20:45,132 middleware Запит до / зайняв 0.0161 секунд.
INFO 2026-06-20 10:20:45,133 log "GET / HTTP/1.1" 200 8885
INFO 2026-06-20 10:38:52,265 middleware Запит до / зайняв 0.0164 секунд.
INFO 2026-06-20 10:38:52,266 log "GET / HTTP/1.1" 200 8885
INFO 2026-06-20 10:38:54,610 middleware Запит до / зайняв 0.0153 секунд.
INFO 2026-06-20 10:38:54,610 log "GET / HTTP/1.1" 200 9366
INFO 2026-06-20 10:39:06,121 middleware Запит до /catalog/ зайняв 0.0159 секунд.
INFO 2026-06-20 10:39:06,121 log "GET /catalog/ HTTP/1.1" 200 8208
INFO 2026-06-20 10:39:07,539 middleware Запит до / зайняв 0.0166 секунд.
INFO 2026-06-20 10:39:07,539 log "GET / HTTP/1.1" 200 9366
INFO 2026-06-20 10:39:09,355 middleware Запит до /catalog/ зайняв 0.0155 секунд.
INFO 2026-06-20 10:39:09,355 log "GET /catalog/ HTTP/1.1" 200 8208
INFO 2026-06-20 10:39:10,491 middleware Запит до /1/ зайняв 0.0181 секунд.
INFO 2026-06-20 10:39:10,492 log "GET /1/ HTTP/1.1" 200 4363
INFO 2026-06-20 10:39:10,513 middleware Запит до /images/covers/Pride_and_prejudice.webp зайняв 0.0009 секунд.
INFO 2026-06-20 10:39:10,513 log "GET /images/covers/Pride_and_prejudice.webp HTTP/1.1" 304 0
INFO 2026-06-20 10:49:12,635 autoreload /app/orders/forms.py changed, reloading.
INFO 2026-06-20 10:49:13,032 autoreload Watching for file changes with StatReloader
INFO 2026-06-20 10:49:24,253 autoreload /app/orders/forms.py changed, reloading.
INFO 2026-06-20 10:49:24,646 autoreload Watching for file changes with StatReloader
INFO 2026-06-20 10:50:49,954 autoreload /app/orders/forms.py changed, reloading.
INFO 2026-06-20 10:50:50,347 autoreload Watching for file changes with StatReloader
INFO 2026-06-20 11:05:39,338 autoreload Watching for file changes with StatReloader
INFO 2026-06-20 11:07:05,606 autoreload /app/orders/forms.py changed, reloading.
INFO 2026-06-20 11:07:05,990 autoreload Watching for file changes with StatReloader
INFO 2026-06-20 11:07:11,353 middleware Запит до /admin/shop_app/book/ зайняв 0.0532 секунд.
INFO 2026-06-20 11:07:11,354 log "GET /admin/shop_app/book/ HTTP/1.1" 200 28689
INFO 2026-06-20 11:07:11,366 log "GET /static/admin/css/dark_mode.css HTTP/1.1" 200 3538
INFO 2026-06-20 11:07:11,367 log "GET /static/admin/css/nav_sidebar.css HTTP/1.1" 200 2810
INFO 2026-06-20 11:07:11,367 log "GET /static/admin/css/base.css HTTP/1.1" 200 23100
INFO 2026-06-20 11:07:11,368 log "GET /static/admin/css/responsive.css HTTP/1.1" 200 16273
INFO 2026-06-20 11:07:11,368 log "GET /static/admin/css/changelists.css HTTP/1.1" 200 7498
INFO 2026-06-20 11:07:11,372 log "GET /static/admin/js/theme.js HTTP/1.1" 200 1653
INFO 2026-06-20 11:07:11,372 log "GET /static/admin/js/jquery.init.js HTTP/1.1" 200 347
INFO 2026-06-20 11:07:11,373 log "GET /static/admin/css/forms.css HTTP/1.1" 200 8831
INFO 2026-06-20 11:07:11,374 log "GET /static/admin/js/core.js HTTP/1.1" 200 6208
INFO 2026-06-20 11:07:11,377 log "GET /static/admin/js/urlify.js HTTP/1.1" 200 7887
INFO 2026-06-20 11:07:11,378 log "GET /static/admin/js/actions.js HTTP/1.1" 200 8076
INFO 2026-06-20 11:07:11,379 log "GET /static/admin/js/prepopulate.js HTTP/1.1" 200 1531
INFO 2026-06-20 11:07:11,380 log "GET /static/admin/css/widgets.css HTTP/1.1" 200 11811
INFO 2026-06-20 11:07:11,381 log "GET /static/admin/js/vendor/jquery/jquery.js HTTP/1.1" 200 285314
INFO 2026-06-20 11:07:11,382 log "GET /static/admin/js/admin/RelatedObjectLookups.js HTTP/1.1" 200 9777
INFO 2026-06-20 11:07:11,383 middleware Запит до /admin/jsi18n/ зайняв 0.0211 секунд.
INFO 2026-06-20 11:07:11,383 log "GET /admin/jsi18n/ HTTP/1.1" 200 3342
INFO 2026-06-20 11:07:11,384 log "GET /static/admin/img/search.svg HTTP/1.1" 200 607
INFO 2026-06-20 11:07:11,385 log "GET /static/admin/js/vendor/xregexp/xregexp.js HTTP/1.1" 200 325171
INFO 2026-06-20 11:07:11,391 log "GET /static/admin/js/nav_sidebar.js HTTP/1.1" 200 3063
INFO 2026-06-20 11:07:11,392 log "GET /static/admin/js/filters.js HTTP/1.1" 200 978
INFO 2026-06-20 11:07:11,399 log "GET /static/admin/img/tooltag-add.svg HTTP/1.1" 200 593
INFO 2026-06-20 11:07:11,399 log "GET /static/admin/img/icon-viewlink.svg HTTP/1.1" 200 928
INFO 2026-06-20 11:07:11,399 log "GET /static/admin/img/icon-addlink.svg HTTP/1.1" 200 593
INFO 2026-06-20 11:07:15,968 middleware Запит до / зайняв 0.0219 секунд.
INFO 2026-06-20 11:07:15,968 log "GET / HTTP/1.1" 200 9366
INFO 2026-06-20 11:10:00,071 middleware Запит до / зайняв 0.0176 секунд.
INFO 2026-06-20 11:10:00,071 log "GET / HTTP/1.1" 200 9366
INFO 2026-06-20 11:10:01,023 middleware Запит до /catalog/ зайняв 0.0206 секунд.
INFO 2026-06-20 11:10:01,024 log "GET /catalog/ HTTP/1.1" 200 8208
INFO 2026-06-20 11:10:03,635 middleware Запит до /1/ зайняв 0.0169 секунд.
INFO 2026-06-20 11:10:03,636 log "GET /1/ HTTP/1.1" 200 4363
INFO 2026-06-20 11:10:07,434 middleware Запит до /catalog/ зайняв 0.0163 секунд.
INFO 2026-06-20 11:10:07,435 log "GET /catalog/ HTTP/1.1" 200 8208
INFO 2026-06-20 11:10:29,861 middleware Запит до /catalog/ зайняв 0.0162 секунд.
INFO 2026-06-20 11:10:29,861 log "GET /catalog/?category=1 HTTP/1.1" 200 6213
INFO 2026-06-20 11:10:30,810 middleware Запит до /catalog/ зайняв 0.0160 секунд.
INFO 2026-06-20 11:10:30,811 log "GET /catalog/?category=6 HTTP/1.1" 200 6869
INFO 2026-06-20 11:10:31,860 middleware Запит до / зайняв 0.0169 секунд.
INFO 2026-06-20 11:10:31,861 log "GET / HTTP/1.1" 200 9366
INFO 2026-06-20 11:10:33,259 middleware Запит до /catalog/ зайняв 0.0155 секунд.
INFO 2026-06-20 11:10:33,259 log "GET /catalog/ HTTP/1.1" 200 8208
INFO 2026-06-20 11:10:34,691 middleware Запит до /catalog/ зайняв 0.0150 секунд.
INFO 2026-06-20 11:10:34,691 log "GET /catalog/?category=1 HTTP/1.1" 200 6213
INFO 2026-06-20 11:10:36,825 middleware Запит до /2/ зайняв 0.0143 секунд.
INFO 2026-06-20 11:10:36,825 log "GET /2/ HTTP/1.1" 200 4385
INFO 2026-06-20 11:10:36,838 middleware Запит до /images/covers/The_Master_and_Margarita_.jpg зайняв 0.0008 секунд.
INFO 2026-06-20 11:10:36,839 log "GET /images/covers/The_Master_and_Margarita_.jpg HTTP/1.1" 200 23201
INFO 2026-06-20 11:10:40,984 middleware Запит до /catalog/ зайняв 0.0161 секунд.
INFO 2026-06-20 11:10:40,985 log "GET /catalog/ HTTP/1.1" 200 8208
INFO 2026-06-20 12:35:38,027 autoreload Watching for file changes with StatReloader
INFO 2026-06-20 12:36:35,274 middleware Запит до /admin/shop_app/book/ зайняв 0.0469 секунд.
INFO 2026-06-20 12:36:35,275 log "GET /admin/shop_app/book/ HTTP/1.1" 200 28689
INFO 2026-06-20 12:36:35,305 middleware Запит до /admin/jsi18n/ зайняв 0.0106 секунд.
INFO 2026-06-20 12:36:35,305 log "GET /admin/jsi18n/ HTTP/1.1" 200 3342
INFO 2026-06-20 12:36:37,710 middleware Запит до /catalog/ зайняв 0.0203 секунд.
INFO 2026-06-20 12:36:37,710 log "GET /catalog/ HTTP/1.1" 200 8208
INFO 2026-06-20 12:40:08,102 middleware Запит до /orders/cart/ зайняв 0.0155 секунд.
INFO 2026-06-20 12:40:08,106 log "GET /orders/cart/ HTTP/1.1" 200 2828
INFO 2026-06-20 12:40:33,171 middleware Запит до /orders/cart/add/1 зайняв 0.0044 секунд.
INFO 2026-06-20 12:40:33,172 log "GET /orders/cart/add/1 HTTP/1.1" 301 0
WARNING 2026-06-20 12:40:33,177 log Method Not Allowed (GET): /orders/cart/add/1/
INFO 2026-06-20 12:40:33,177 middleware Запит до /orders/cart/add/1/ зайняв 0.0004 секунд.
WARNING 2026-06-20 12:40:33,177 log "GET /orders/cart/add/1/ HTTP/1.1" 405 0
INFO 2026-06-20 12:41:06,791 middleware Запит до /orders/create зайняв 0.0031 секунд.
INFO 2026-06-20 12:41:06,792 log "GET /orders/create HTTP/1.1" 301 0
INFO 2026-06-20 12:41:06,810 middleware Запит до /orders/create/ зайняв 0.0147 секунд.
INFO 2026-06-20 12:41:06,813 log "GET /orders/create/ HTTP/1.1" 200 5470
INFO 2026-06-20 12:42:25,283 middleware Запит до /orders/create/ зайняв 0.0455 секунд.
INFO 2026-06-20 12:42:25,284 log "POST /orders/create/ HTTP/1.1" 200 2895
INFO 2026-06-20 12:44:59,564 middleware Запит до /catalog/ зайняв 0.0152 секунд.
INFO 2026-06-20 12:44:59,564 log "GET /catalog/ HTTP/1.1" 200 8208
INFO 2026-06-20 12:45:07,994 middleware Запит до /orders/add/1 зайняв 0.0046 секунд.
WARNING 2026-06-20 12:45:07,995 log Not Found: /orders/add/1
WARNING 2026-06-20 12:45:07,995 log "GET /orders/add/1 HTTP/1.1" 404 5402
WARNING 2026-06-20 12:45:21,409 log Method Not Allowed (GET): /orders/cart/add/1/
INFO 2026-06-20 12:45:21,410 middleware Запит до /orders/cart/add/1/ зайняв 0.0004 секунд.
WARNING 2026-06-20 12:45:21,410 log "GET /orders/cart/add/1/ HTTP/1.1" 405 0
INFO 2026-06-20 12:50:14,398 middleware Запит до / зайняв 0.0175 секунд.
INFO 2026-06-20 12:50:14,399 log "GET / HTTP/1.1" 200 9366
INFO 2026-06-20 12:50:26,911 middleware Запит до / зайняв 0.0172 секунд.
INFO 2026-06-20 12:50:26,911 log "GET / HTTP/1.1" 200 9366
INFO 2026-06-20 12:50:27,647 middleware Запит до /catalog/ зайняв 0.0159 секунд.
INFO 2026-06-20 12:50:27,648 log "GET /catalog/ HTTP/1.1" 200 8208
INFO 2026-06-20 12:50:29,198 middleware Запит до / зайняв 0.0181 секунд.
INFO 2026-06-20 12:50:29,198 log "GET / HTTP/1.1" 200 9366
INFO 2026-06-20 12:51:51,684 autoreload /app/shop_app/views.py changed, reloading.
INFO 2026-06-20 12:51:52,077 autoreload Watching for file changes with StatReloader
INFO 2026-06-20 12:54:59,931 autoreload /app/shop_app/views.py changed, reloading.
INFO 2026-06-20 12:55:00,349 autoreload Watching for file changes with StatReloader
INFO 2026-06-20 12:56:33,607 middleware Запит до / зайняв 0.0253 секунд.
INFO 2026-06-20 12:56:33,608 log "GET / HTTP/1.1" 200 9366
INFO 2026-06-20 12:56:34,626 middleware Запит до / зайняв 0.0170 секунд.
INFO 2026-06-20 12:56:34,626 log "GET / HTTP/1.1" 200 9366
INFO 2026-06-20 12:56:35,597 middleware Запит до /catalog/ зайняв 0.0222 секунд.
INFO 2026-06-20 12:56:35,597 log "GET /catalog/ HTTP/1.1" 200 8208
INFO 2026-06-20 12:56:37,032 middleware Запит до /1/ зайняв 0.0165 секунд.
INFO 2026-06-20 12:56:37,033 log "GET /1/ HTTP/1.1" 200 4363
INFO 2026-06-20 12:57:22,261 middleware Запит до /orders/create/ зайняв 0.0179 секунд.
INFO 2026-06-20 12:57:22,264 log "GET /orders/create/ HTTP/1.1" 200 5470
INFO 2026-06-20 12:57:27,702 middleware Запит до /orders/cart/ зайняв 0.0145 секунд.
INFO 2026-06-20 12:57:27,705 log "GET /orders/cart/ HTTP/1.1" 200 2828
INFO 2026-06-20 12:57:29,740 middleware Запит до /catalog/ зайняв 0.0161 секунд.
INFO 2026-06-20 12:57:29,741 log "GET /catalog/ HTTP/1.1" 200 8208
INFO 2026-06-20 12:57:57,132 middleware Запит до /catalog/ зайняв 0.0160 секунд.
INFO 2026-06-20 12:57:57,133 log "GET /catalog/?category=1 HTTP/1.1" 200 6213
INFO 2026-06-20 12:57:58,381 middleware Запит до /3/ зайняв 0.0161 секунд.
INFO 2026-06-20 12:57:58,382 log "GET /3/ HTTP/1.1" 200 4399
INFO 2026-06-20 12:57:58,399 middleware Запит до /images/covers/Charlie_and_the_Chocolate_Factory.jpg зайняв 0.0014 секунд.
INFO 2026-06-20 12:57:58,400 log "GET /images/covers/Charlie_and_the_Chocolate_Factory.jpg HTTP/1.1" 304 0
INFO 2026-06-20 12:58:02,456 middleware Запит до /book/create/ зайняв 0.0243 секунд.
INFO 2026-06-20 12:58:02,457 log "GET /book/create/ HTTP/1.1" 200 5636
INFO 2026-06-20 12:58:03,397 middleware Запит до /catalog/ зайняв 0.0154 секунд.
INFO 2026-06-20 12:58:03,398 log "GET /catalog/ HTTP/1.1" 200 8208
INFO 2026-06-20 12:58:04,014 middleware Запит до / зайняв 0.0164 секунд.
INFO 2026-06-20 12:58:04,014 log "GET / HTTP/1.1" 200 9366
INFO 2026-06-20 12:58:04,843 middleware Запит до /catalog/ зайняв 0.0160 секунд.
INFO 2026-06-20 12:58:04,844 log "GET /catalog/ HTTP/1.1" 200 8208
INFO 2026-06-20 12:59:07,657 middleware Запит до / зайняв 0.0170 секунд.
INFO 2026-06-20 12:59:07,658 log "GET / HTTP/1.1" 200 9366
INFO 2026-06-20 12:59:09,406 middleware Запит до /catalog/ зайняв 0.0160 секунд.
INFO 2026-06-20 12:59:09,407 log "GET /catalog/ HTTP/1.1" 200 8208
INFO 2026-06-20 12:59:12,940 middleware Запит до /2/ зайняв 0.0144 секунд.
INFO 2026-06-20 12:59:12,940 log "GET /2/ HTTP/1.1" 200 4385
INFO 2026-06-20 12:59:15,405 middleware Запит до /catalog/ зайняв 0.0161 секунд.
INFO 2026-06-20 12:59:15,406 log "GET /catalog/ HTTP/1.1" 200 8208
INFO 2026-06-20 12:59:16,348 middleware Запит до / зайняв 0.0165 секунд.
INFO 2026-06-20 12:59:16,348 log "GET / HTTP/1.1" 200 9366
INFO 2026-06-20 12:59:50,162 middleware Запит до / зайняв 0.0074 секунд.
INFO 2026-06-20 12:59:50,162 log "GET / HTTP/1.1" 200 9366
INFO 2026-06-20 12:59:50,821 middleware Запит до /catalog/ зайняв 0.0162 секунд.
INFO 2026-06-20 12:59:50,822 log "GET /catalog/ HTTP/1.1" 200 8208
INFO 2026-06-20 12:59:53,704 middleware Запит до /2/ зайняв 0.0148 секунд.
INFO 2026-06-20 12:59:53,704 log "GET /2/ HTTP/1.1" 200 4385
INFO 2026-06-20 13:10:38,678 middleware Запит до /2/ зайняв 0.0174 секунд.
INFO 2026-06-20 13:10:38,679 log "GET /2/ HTTP/1.1" 200 4833
INFO 2026-06-20 13:10:40,056 middleware Запит до /2/ зайняв 0.0147 секунд.
INFO 2026-06-20 13:10:40,057 log "GET /2/ HTTP/1.1" 200 4833
INFO 2026-06-20 13:10:41,484 middleware Запит до /orders/cart/add/2/ зайняв 0.0100 секунд.
INFO 2026-06-20 13:10:41,486 log "POST /orders/cart/add/2/ HTTP/1.1" 302 0
INFO 2026-06-20 13:10:41,502 middleware Запит до /orders/cart/ зайняв 0.0135 секунд.
INFO 2026-06-20 13:10:41,502 log "GET /orders/cart/ HTTP/1.1" 200 8320
INFO 2026-06-20 13:10:44,313 middleware Запит до /orders/create/ зайняв 0.0186 секунд.
INFO 2026-06-20 13:10:44,314 log "GET /orders/create/ HTTP/1.1" 200 5963
INFO 2026-06-20 13:11:12,356 middleware Запит до /orders/create/ зайняв 0.0449 секунд.
INFO 2026-06-20 13:11:12,357 log "POST /orders/create/ HTTP/1.1" 200 2895
INFO 2026-06-20 13:11:14,939 middleware Запит до /catalog/ зайняв 0.0211 секунд.
INFO 2026-06-20 13:11:14,939 log "GET /catalog/ HTTP/1.1" 200 8208
INFO 2026-06-20 13:11:40,910 middleware Запит до /catalog/ зайняв 0.0170 секунд.
INFO 2026-06-20 13:11:40,910 log "GET /catalog/ HTTP/1.1" 200 8208
INFO 2026-06-20 13:11:42,175 middleware Запит до /2/ зайняв 0.0147 секунд.
INFO 2026-06-20 13:11:42,176 log "GET /2/ HTTP/1.1" 200 4833
INFO 2026-06-20 13:11:43,381 middleware Запит до /book/2/update/ зайняв 0.0215 секунд.
INFO 2026-06-20 13:11:43,382 log "GET /book/2/update/ HTTP/1.1" 200 6252
INFO 2026-06-20 13:11:48,167 middleware Запит до /catalog/ зайняв 0.0154 секунд.
INFO 2026-06-20 13:11:48,168 log "GET /catalog/ HTTP/1.1" 200 8208
INFO 2026-06-20 13:11:49,382 middleware Запит до /2/ зайняв 0.0143 секунд.
INFO 2026-06-20 13:11:49,383 log "GET /2/ HTTP/1.1" 200 4833
INFO 2026-06-20 13:11:52,519 middleware Запит до /catalog/ зайняв 0.0172 секунд.
INFO 2026-06-20 13:11:52,520 log "GET /catalog/ HTTP/1.1" 200 8208
INFO 2026-06-20 13:11:58,392 middleware Запит до /catalog/ зайняв 0.0161 секунд.
INFO 2026-06-20 13:11:58,393 log "GET /catalog/ HTTP/1.1" 200 8208
INFO 2026-06-20 13:11:59,909 middleware Запит до /catalog/ зайняв 0.0163 секунд.
INFO 2026-06-20 13:11:59,910 log "GET /catalog/ HTTP/1.1" 200 8208
INFO 2026-06-20 13:12:00,832 middleware Запит до / зайняв 0.0218 секунд.
INFO 2026-06-20 13:12:00,833 log "GET / HTTP/1.1" 200 9366
INFO 2026-06-20 13:12:01,408 middleware Запит до /catalog/ зайняв 0.0154 секунд.
INFO 2026-06-20 13:12:01,408 log "GET /catalog/ HTTP/1.1" 200 8208
INFO 2026-06-20 13:12:04,774 middleware Запит до /1/ зайняв 0.0149 секунд.
INFO 2026-06-20 13:12:04,775 log "GET /1/ HTTP/1.1" 200 4811
INFO 2026-06-20 13:12:08,395 middleware Запит до /orders/cart/add/1/ зайняв 0.0126 секунд.
INFO 2026-06-20 13:12:08,397 log "POST /orders/cart/add/1/ HTTP/1.1" 302 0
INFO 2026-06-20 13:12:08,412 middleware Запит до /orders/cart/ зайняв 0.0123 секунд.
INFO 2026-06-20 13:12:08,413 log "GET /orders/cart/ HTTP/1.1" 200 8300
INFO 2026-06-20 13:12:10,384 middleware Запит до /catalog/ зайняв 0.0156 секунд.
INFO 2026-06-20 13:12:10,385 log "GET /catalog/ HTTP/1.1" 200 8208
INFO 2026-06-20 13:12:11,633 middleware Запит до /2/ зайняв 0.0153 секунд.
INFO 2026-06-20 13:12:11,633 log "GET /2/ HTTP/1.1" 200 4833
INFO 2026-06-20 13:12:12,599 middleware Запит до /orders/cart/add/2/ зайняв 0.0137 секунд.
INFO 2026-06-20 13:12:12,601 log "POST /orders/cart/add/2/ HTTP/1.1" 302 0
INFO 2026-06-20 13:12:12,619 middleware Запит до /orders/cart/ зайняв 0.0147 секунд.
INFO 2026-06-20 13:12:12,619 log "GET /orders/cart/ HTTP/1.1" 200 11980
INFO 2026-06-20 13:12:13,683 middleware Запит до /catalog/ зайняв 0.0153 секунд.
INFO 2026-06-20 13:12:13,684 log "GET /catalog/ HTTP/1.1" 200 8208
INFO 2026-06-20 13:12:14,715 middleware Запит до /3/ зайняв 0.0144 секунд.
INFO 2026-06-20 13:12:14,716 log "GET /3/ HTTP/1.1" 200 4847
INFO 2026-06-20 13:12:15,769 middleware Запит до /orders/cart/add/3/ зайняв 0.0132 секунд.
INFO 2026-06-20 13:12:15,772 log "POST /orders/cart/add/3/ HTTP/1.1" 302 0
INFO 2026-06-20 13:12:15,795 middleware Запит до /orders/cart/ зайняв 0.0147 секунд.
INFO 2026-06-20 13:12:15,795 log "GET /orders/cart/ HTTP/1.1" 200 15680
INFO 2026-06-20 13:12:17,136 middleware Запит до /orders/create/ зайняв 0.0106 секунд.
INFO 2026-06-20 13:12:17,136 log "GET /orders/create/ HTTP/1.1" 200 6943
INFO 2026-06-20 13:12:39,462 middleware Запит до /orders/create/ зайняв 0.0161 секунд.
INFO 2026-06-20 13:12:39,464 log "POST /orders/create/ HTTP/1.1" 200 2895
INFO 2026-06-20 13:12:43,759 middleware Запит до / зайняв 0.0168 секунд.
INFO 2026-06-20 13:12:43,760 log "GET / HTTP/1.1" 200 9366
INFO 2026-06-21 17:19:42,088 autoreload Watching for file changes with StatReloader
INFO 2026-06-21 17:20:00,176 middleware Запит до / зайняв 0.0195 секунд.
INFO 2026-06-21 17:20:00,177 log "GET / HTTP/1.1" 200 9366
INFO 2026-06-21 17:35:27,131 middleware Запит до /catalog/ зайняв 0.0248 секунд.
INFO 2026-06-21 17:35:27,132 log "GET /catalog/ HTTP/1.1" 200 8208
INFO 2026-06-21 17:35:28,218 middleware Запит до / зайняв 0.0176 секунд.
INFO 2026-06-21 17:35:28,219 log "GET / HTTP/1.1" 200 9366
INFO 2026-06-21 17:35:29,067 middleware Запит до /catalog/ зайняв 0.0160 секунд.
INFO 2026-06-21 17:35:29,068 log "GET /catalog/ HTTP/1.1" 200 8208
INFO 2026-06-21 17:35:30,752 middleware Запит до / зайняв 0.0170 секунд.
INFO 2026-06-21 17:35:30,753 log "GET / HTTP/1.1" 200 9366
INFO 2026-06-21 17:35:57,971 middleware Запит до /catalog/ зайняв 0.0155 секунд.
INFO 2026-06-21 17:35:57,974 log "GET /catalog/ HTTP/1.1" 200 8208
INFO 2026-06-21 17:36:00,156 middleware Запит до /1/ зайняв 0.0177 секунд.
INFO 2026-06-21 17:36:00,157 log "GET /1/ HTTP/1.1" 200 4811
INFO 2026-06-21 17:36:02,579 middleware Запит до /orders/cart/add/1/ зайняв 0.0070 секунд.
INFO 2026-06-21 17:36:02,581 log "POST /orders/cart/add/1/ HTTP/1.1" 302 0
INFO 2026-06-21 17:36:02,592 middleware Запит до /orders/cart/ зайняв 0.0096 секунд.
INFO 2026-06-21 17:36:02,592 log "GET /orders/cart/ HTTP/1.1" 200 8300
INFO 2026-06-21 17:36:05,941 middleware Запит до /orders/cart/remove/1/ зайняв 0.0121 секунд.
INFO 2026-06-21 17:36:05,944 log "POST /orders/cart/remove/1/ HTTP/1.1" 302 0
INFO 2026-06-21 17:36:05,957 middleware Запит до /orders/cart/ зайняв 0.0106 секунд.
INFO 2026-06-21 17:36:05,959 log "GET /orders/cart/ HTTP/1.1" 200 2828
INFO 2026-06-21 17:36:08,163 middleware Запит до / зайняв 0.0168 секунд.
INFO 2026-06-21 17:36:08,164 log "GET / HTTP/1.1" 200 9366
INFO 2026-06-21 17:59:39,614 autoreload /app/bookstore_project/settings.py changed, reloading.
INFO 2026-06-21 17:59:40,029 autoreload Watching for file changes with StatReloader
INFO 2026-06-21 18:12:10,494 autoreload /app/orders/views.py changed, reloading.
INFO 2026-06-21 18:12:10,885 autoreload Watching for file changes with StatReloader
INFO 2026-06-21 18:12:20,083 autoreload /app/orders/views.py changed, reloading.
INFO 2026-06-21 18:12:20,470 autoreload Watching for file changes with StatReloader
INFO 2026-06-21 18:14:26,443 autoreload /app/orders/views.py changed, reloading.
INFO 2026-06-21 18:14:26,966 autoreload Watching for file changes with StatReloader
INFO 2026-06-21 18:20:07,130 autoreload /app/orders/views.py changed, reloading.
INFO 2026-06-21 18:20:07,539 autoreload Watching for file changes with StatReloader
INFO 2026-06-21 18:21:36,889 autoreload /app/orders/views.py changed, reloading.
INFO 2026-06-21 18:21:37,278 autoreload Watching for file changes with StatReloader
INFO 2026-06-21 18:22:21,981 autoreload /app/orders/views.py changed, reloading.
INFO 2026-06-21 18:22:22,369 autoreload Watching for file changes with StatReloader
INFO 2026-06-21 18:26:42,206 autoreload /app/orders/views.py changed, reloading.
INFO 2026-06-21 18:26:42,597 autoreload Watching for file changes with StatReloader
INFO 2026-06-21 18:27:20,181 autoreload /app/orders/views.py changed, reloading.
INFO 2026-06-21 18:27:20,603 autoreload Watching for file changes with StatReloader
INFO 2026-06-21 18:30:29,311 autoreload Watching for file changes with StatReloader
INFO 2026-06-21 18:34:13,601 autoreload Watching for file changes with StatReloader
INFO 2026-06-21 18:34:15,789 middleware Запит до / зайняв 0.0227 секунд.
INFO 2026-06-21 18:34:15,790 log "GET / HTTP/1.1" 200 9366
INFO 2026-06-21 18:34:17,377 middleware Запит до /catalog/ зайняв 0.0189 секунд.
INFO 2026-06-21 18:34:17,378 log "GET /catalog/ HTTP/1.1" 200 8208
INFO 2026-06-21 18:34:18,490 middleware Запит до / зайняв 0.0153 секунд.
INFO 2026-06-21 18:34:18,490 log "GET / HTTP/1.1" 200 9366
INFO 2026-06-21 18:34:19,277 middleware Запит до /catalog/ зайняв 0.0152 секунд.
INFO 2026-06-21 18:34:19,278 log "GET /catalog/ HTTP/1.1" 200 8208
INFO 2026-06-21 18:34:20,463 middleware Запит до / зайняв 0.0156 секунд.
INFO 2026-06-21 18:34:20,464 log "GET / HTTP/1.1" 200 9366
INFO 2026-06-21 18:34:20,966 middleware Запит до /catalog/ зайняв 0.0155 секунд.
INFO 2026-06-21 18:34:20,967 log "GET /catalog/ HTTP/1.1" 200 8208
INFO 2026-06-21 18:39:40,187 autoreload /app/orders/urls.py changed, reloading.
INFO 2026-06-21 18:39:40,594 autoreload Watching for file changes with StatReloader
INFO 2026-06-21 18:41:43,562 autoreload /app/orders/views.py changed, reloading.
INFO 2026-06-21 18:41:43,951 autoreload Watching for file changes with StatReloader
INFO 2026-06-21 18:42:15,391 middleware Запит до /catalog/ зайняв 0.0239 секунд.
INFO 2026-06-21 18:42:15,392 log "GET /catalog/ HTTP/1.1" 200 8208
INFO 2026-06-21 18:42:17,016 middleware Запит до / зайняв 0.0192 секунд.
INFO 2026-06-21 18:42:17,017 log "GET / HTTP/1.1" 200 9366
INFO 2026-06-21 18:42:37,397 middleware Запит до /catalog/ зайняв 0.0162 секунд.
INFO 2026-06-21 18:42:37,398 log "GET /catalog/ HTTP/1.1" 200 8208
INFO 2026-06-21 18:42:39,283 middleware Запит до /1/ зайняв 0.0177 секунд.
INFO 2026-06-21 18:42:39,283 log "GET /1/ HTTP/1.1" 200 4811
INFO 2026-06-21 18:42:41,360 middleware Запит до /orders/cart/add/1/ зайняв 0.0119 секунд.
INFO 2026-06-21 18:42:41,364 log "POST /orders/cart/add/1/ HTTP/1.1" 302 0
INFO 2026-06-21 18:42:41,380 middleware Запит до /orders/cart/ зайняв 0.0128 секунд.
INFO 2026-06-21 18:42:41,380 log "GET /orders/cart/ HTTP/1.1" 200 8300
INFO 2026-06-21 18:42:54,837 middleware Запит до /orders/create/ зайняв 0.0158 секунд.
INFO 2026-06-21 18:42:54,838 log "GET /orders/create/ HTTP/1.1" 200 5958
INFO 2026-06-21 18:43:54,369 middleware Запит до /orders/create/ зайняв 0.0437 секунд.
INFO 2026-06-21 18:43:54,370 log "POST /orders/create/ HTTP/1.1" 302 0
INFO 2026-06-21 18:43:54,381 middleware Запит до /orders/payment/process/ зайняв 0.0078 секунд.
INFO 2026-06-21 18:43:54,381 log "GET /orders/payment/process/ HTTP/1.1" 200 3677
INFO 2026-06-21 18:44:00,287 middleware Запит до /orders/payment/process/ зайняв 1.2907 секунд.
INFO 2026-06-21 18:44:00,287 log "POST /orders/payment/process/ HTTP/1.1" 302 0
ERROR 2026-06-21 18:45:37,835 log Internal Server Error: /orders/payment/completed/
Traceback (most recent call last):
  File "/usr/local/lib/python3.12/site-packages/django/core/handlers/exception.py", line 55, in inner
    response = get_response(request)
               ^^^^^^^^^^^^^^^^^^^^^
  File "/usr/local/lib/python3.12/site-packages/django/core/handlers/base.py", line 198, in _get_response
    response = wrapped_callback(request, *callback_args, **callback_kwargs)
               ^^^^^^^^^^^^^^^^^^^^^^^^^^^^^^^^^^^^^^^^^^^^^^^^^^^^^^^^^^^^
  File "/app/orders/views.py", line 119, in payment_completed
    return render(request, 'orders/completed.html')
           ^^^^^^^^^^^^^^^^^^^^^^^^^^^^^^^^^^^^^^^^
  File "/usr/local/lib/python3.12/site-packages/django/shortcuts.py", line 25, in render
    content = loader.render_to_string(template_name, context, request, using=using)
              ^^^^^^^^^^^^^^^^^^^^^^^^^^^^^^^^^^^^^^^^^^^^^^^^^^^^^^^^^^^^^^^^^^^^^
  File "/usr/local/lib/python3.12/site-packages/django/template/loader.py", line 61, in render_to_string
    template = get_template(template_name, using=using)
               ^^^^^^^^^^^^^^^^^^^^^^^^^^^^^^^^^^^^^^^^
  File "/usr/local/lib/python3.12/site-packages/django/template/loader.py", line 19, in get_template
    raise TemplateDoesNotExist(template_name, chain=chain)
django.template.exceptions.TemplateDoesNotExist: orders/completed.html
INFO 2026-06-21 18:45:37,836 middleware Запит до /orders/payment/completed/ зайняв 0.0274 секунд.
ERROR 2026-06-21 18:45:37,837 log "GET /orders/payment/completed/ HTTP/1.1" 500 75934
INFO 2026-06-21 18:48:12,652 autoreload /app/orders/views.py changed, reloading.
INFO 2026-06-21 18:48:13,084 autoreload Watching for file changes with StatReloader
INFO 2026-06-21 18:48:36,015 middleware Запит до / зайняв 0.0197 секунд.
INFO 2026-06-21 18:48:36,017 log "GET / HTTP/1.1" 200 9366
INFO 2026-06-21 18:48:39,350 middleware Запит до /catalog/ зайняв 0.0198 секунд.
INFO 2026-06-21 18:48:39,351 log "GET /catalog/ HTTP/1.1" 200 8208
INFO 2026-06-21 18:48:40,623 middleware Запит до /2/ зайняв 0.0135 секунд.
INFO 2026-06-21 18:48:40,624 log "GET /2/ HTTP/1.1" 200 4833
INFO 2026-06-21 18:48:41,860 middleware Запит до /orders/cart/add/2/ зайняв 0.0123 секунд.
INFO 2026-06-21 18:48:41,862 log "POST /orders/cart/add/2/ HTTP/1.1" 302 0
INFO 2026-06-21 18:48:41,883 middleware Запит до /orders/cart/ зайняв 0.0173 секунд.
INFO 2026-06-21 18:48:41,883 log "GET /orders/cart/ HTTP/1.1" 200 8320
INFO 2026-06-21 18:48:43,246 middleware Запит до /orders/create/ зайняв 0.0162 секунд.
INFO 2026-06-21 18:48:43,247 log "GET /orders/create/ HTTP/1.1" 200 5963
INFO 2026-06-21 18:49:13,135 middleware Запит до /orders/create/ зайняв 0.0455 секунд.
INFO 2026-06-21 18:49:13,137 log "POST /orders/create/ HTTP/1.1" 302 0
INFO 2026-06-21 18:49:13,149 middleware Запит до /orders/payment/process/ зайняв 0.0070 секунд.
INFO 2026-06-21 18:49:13,149 log "GET /orders/payment/process/ HTTP/1.1" 200 3676
INFO 2026-06-21 18:49:15,088 middleware Запит до /orders/payment/process/ зайняв 0.9165 секунд.
INFO 2026-06-21 18:49:15,089 log "POST /orders/payment/process/ HTTP/1.1" 302 0
INFO 2026-06-21 18:50:07,976 middleware Запит до /orders/payment/completed/ зайняв 0.0150 секунд.
INFO 2026-06-21 18:50:07,977 log "GET /orders/payment/completed/ HTTP/1.1" 200 2894
INFO 2026-06-21 18:50:12,140 middleware Запит до /catalog/ зайняв 0.0194 секунд.
INFO 2026-06-21 18:50:12,141 log "GET /catalog/ HTTP/1.1" 200 8208
INFO 2026-06-22 10:01:22,529 autoreload Watching for file changes with StatReloader
INFO 2026-06-22 10:01:44,311 middleware Запит до /catalog/ зайняв 0.0298 секунд.
INFO 2026-06-22 10:01:44,314 log "GET /catalog/ HTTP/1.1" 200 8208
INFO 2026-06-22 10:02:07,922 middleware Запит до /catalog/ зайняв 0.0153 секунд.
INFO 2026-06-22 10:02:07,922 log "GET /catalog/ HTTP/1.1" 200 8208
INFO 2026-06-22 10:02:09,161 middleware Запит до / зайняв 0.0206 секунд.
INFO 2026-06-22 10:02:09,162 log "GET / HTTP/1.1" 200 9366
INFO 2026-06-22 10:02:09,887 middleware Запит до /catalog/ зайняв 0.0156 секунд.
INFO 2026-06-22 10:02:09,888 log "GET /catalog/ HTTP/1.1" 200 8208
INFO 2026-06-22 10:10:41,777 autoreload /app/bookstore_project/settings.py changed, reloading.
INFO 2026-06-22 10:10:42,192 autoreload Watching for file changes with StatReloader
INFO 2026-06-22 10:13:18,581 autoreload /app/orders/views.py changed, reloading.
INFO 2026-06-22 10:13:18,976 autoreload Watching for file changes with StatReloader
INFO 2026-06-22 10:16:34,029 autoreload Watching for file changes with StatReloader
INFO 2026-06-22 10:17:29,862 middleware Запит до /catalog/ зайняв 0.0229 секунд.
INFO 2026-06-22 10:17:29,863 log "GET /catalog/ HTTP/1.1" 200 8208
INFO 2026-06-22 10:17:31,914 middleware Запит до /3/ зайняв 0.0166 секунд.
INFO 2026-06-22 10:17:31,915 log "GET /3/ HTTP/1.1" 200 4847
INFO 2026-06-22 10:17:33,283 middleware Запит до /orders/cart/add/3/ зайняв 0.0126 секунд.
INFO 2026-06-22 10:17:33,286 log "POST /orders/cart/add/3/ HTTP/1.1" 302 0
INFO 2026-06-22 10:17:33,306 middleware Запит до /orders/cart/ зайняв 0.0169 секунд.
INFO 2026-06-22 10:17:33,306 log "GET /orders/cart/ HTTP/1.1" 200 8340
INFO 2026-06-22 10:17:34,890 middleware Запит до /orders/create/ зайняв 0.0155 секунд.
INFO 2026-06-22 10:17:34,890 log "GET /orders/create/ HTTP/1.1" 200 5972
INFO 2026-06-22 10:18:01,889 middleware Запит до /orders/create/ зайняв 0.0448 секунд.
INFO 2026-06-22 10:18:01,890 log "POST /orders/create/ HTTP/1.1" 302 0
INFO 2026-06-22 10:18:01,900 middleware Запит до /orders/payment/process/ зайняв 0.0081 секунд.
INFO 2026-06-22 10:18:01,901 log "GET /orders/payment/process/ HTTP/1.1" 200 3677
INFO 2026-06-22 10:18:03,928 middleware Запит до /orders/payment/process/ зайняв 0.8982 секунд.
INFO 2026-06-22 10:18:03,928 log "POST /orders/payment/process/ HTTP/1.1" 302 0
INFO 2026-06-22 10:18:59,008 middleware Запит до /orders/payment/completed/ зайняв 0.0205 секунд.
INFO 2026-06-22 10:18:59,009 log "GET /orders/payment/completed/ HTTP/1.1" 200 2894
INFO 2026-06-22 10:39:32,036 middleware Запит до /admin/ зайняв 0.0377 секунд.
INFO 2026-06-22 10:39:32,037 log "GET /admin/ HTTP/1.1" 200 11893
INFO 2026-06-22 10:39:32,053 log "GET /static/admin/css/nav_sidebar.css HTTP/1.1" 200 2810
INFO 2026-06-22 10:39:32,053 log "GET /static/admin/css/dark_mode.css HTTP/1.1" 200 3538
INFO 2026-06-22 10:39:32,054 log "GET /static/admin/css/dashboard.css HTTP/1.1" 200 441
INFO 2026-06-22 10:39:32,057 log "GET /static/admin/js/theme.js HTTP/1.1" 200 1653
INFO 2026-06-22 10:39:32,057 log "GET /static/admin/css/responsive.css HTTP/1.1" 200 16273
INFO 2026-06-22 10:39:32,057 log "GET /static/admin/css/base.css HTTP/1.1" 200 23100
INFO 2026-06-22 10:39:32,060 log "GET /static/admin/js/nav_sidebar.js HTTP/1.1" 200 3063
INFO 2026-06-22 10:39:32,066 log "GET /static/admin/img/icon-addlink.svg HTTP/1.1" 200 593
INFO 2026-06-22 10:39:32,066 log "GET /static/admin/img/icon-changelink.svg HTTP/1.1" 200 978
INFO 2026-06-22 10:39:39,623 middleware Запит до /admin/shop_app/book/22/change/ зайняв 0.0339 секунд.
INFO 2026-06-22 10:39:39,624 log "GET /admin/shop_app/book/22/change/ HTTP/1.1" 200 17025
INFO 2026-06-22 10:39:39,649 log "GET /static/admin/js/prepopulate.js HTTP/1.1" 200 1531
INFO 2026-06-22 10:39:39,650 log "GET /static/admin/css/forms.css HTTP/1.1" 200 8831
INFO 2026-06-22 10:39:39,651 log "GET /static/admin/js/core.js HTTP/1.1" 200 6208
INFO 2026-06-22 10:39:39,651 log "GET /static/admin/js/actions.js HTTP/1.1" 200 8076
INFO 2026-06-22 10:39:39,654 log "GET /static/admin/js/urlify.js HTTP/1.1" 200 7887
INFO 2026-06-22 10:39:39,655 log "GET /static/admin/js/jquery.init.js HTTP/1.1" 200 347
INFO 2026-06-22 10:39:39,657 log "GET /static/admin/js/admin/RelatedObjectLookups.js HTTP/1.1" 200 9777
INFO 2026-06-22 10:39:39,658 log "GET /static/admin/css/widgets.css HTTP/1.1" 200 11811
INFO 2026-06-22 10:39:39,659 log "GET /static/admin/js/prepopulate_init.js HTTP/1.1" 200 586
INFO 2026-06-22 10:39:39,662 log "GET /static/admin/js/vendor/xregexp/xregexp.js HTTP/1.1" 200 325171
INFO 2026-06-22 10:39:39,667 log "GET /static/admin/js/vendor/jquery/jquery.js HTTP/1.1" 200 285314
INFO 2026-06-22 10:39:39,667 middleware Запит до /admin/jsi18n/ зайняв 0.0232 секунд.
INFO 2026-06-22 10:39:39,668 log "GET /admin/jsi18n/ HTTP/1.1" 200 3342
INFO 2026-06-22 10:39:39,673 log "GET /static/admin/js/change_form.js HTTP/1.1" 200 606
INFO 2026-06-22 10:39:39,674 log "GET /static/admin/img/icon-viewlink.svg HTTP/1.1" 200 928
INFO 2026-06-22 10:39:40,988 middleware Запит до /admin/ зайняв 0.0195 секунд.
INFO 2026-06-22 10:39:40,989 log "GET /admin/ HTTP/1.1" 200 11893
INFO 2026-06-22 10:39:45,072 middleware Запит до /admin/users/customuser/ зайняв 0.0328 секунд.
INFO 2026-06-22 10:39:45,072 log "GET /admin/users/customuser/ HTTP/1.1" 200 13902
INFO 2026-06-22 10:39:45,087 log "GET /static/admin/img/search.svg HTTP/1.1" 200 607
INFO 2026-06-22 10:39:45,088 log "GET /static/admin/img/icon-yes.svg HTTP/1.1" 200 558
INFO 2026-06-22 10:39:45,088 log "GET /static/admin/css/changelists.css HTTP/1.1" 200 7498
INFO 2026-06-22 10:39:45,094 log "GET /static/admin/img/icon-no.svg HTTP/1.1" 200 645
INFO 2026-06-22 10:39:45,097 middleware Запит до /admin/jsi18n/ зайняв 0.0122 секунд.
INFO 2026-06-22 10:39:45,097 log "GET /static/admin/js/filters.js HTTP/1.1" 200 978
INFO 2026-06-22 10:39:45,098 log "GET /admin/jsi18n/ HTTP/1.1" 200 3342
INFO 2026-06-22 10:39:45,106 log "GET /static/admin/img/tooltag-add.svg HTTP/1.1" 200 593
INFO 2026-06-22 10:39:45,107 log "GET /static/admin/img/sorting-icons.svg HTTP/1.1" 200 1761
INFO 2026-06-22 10:39:48,093 middleware Запит до /admin/ зайняв 0.0191 секунд.
INFO 2026-06-22 10:39:48,094 log "GET /admin/ HTTP/1.1" 200 11893
INFO 2026-06-22 10:40:27,048 middleware Запит до /admin/auth/group/ зайняв 0.0210 секунд.
INFO 2026-06-22 10:40:27,048 log "GET /admin/auth/group/ HTTP/1.1" 200 9832
INFO 2026-06-22 10:40:27,076 middleware Запит до /admin/jsi18n/ зайняв 0.0116 секунд.
INFO 2026-06-22 10:40:27,077 log "GET /admin/jsi18n/ HTTP/1.1" 200 3342
INFO 2026-06-22 10:40:28,858 middleware Запит до /admin/ зайняв 0.0192 секунд.
INFO 2026-06-22 10:40:28,858 log "GET /admin/ HTTP/1.1" 200 11893
INFO 2026-06-22 10:40:29,772 middleware Запит до /admin/shop_app/book/ зайняв 0.0315 секунд.
INFO 2026-06-22 10:40:29,772 log "GET /admin/shop_app/book/ HTTP/1.1" 200 28689
INFO 2026-06-22 10:40:29,787 middleware Запит до /admin/jsi18n/ зайняв 0.0073 секунд.
INFO 2026-06-22 10:40:29,788 log "GET /admin/jsi18n/ HTTP/1.1" 200 3342
INFO 2026-06-22 10:40:30,911 middleware Запит до /admin/ зайняв 0.0185 секунд.
INFO 2026-06-22 10:40:30,912 log "GET /admin/ HTTP/1.1" 200 11893
INFO 2026-06-22 10:40:31,866 middleware Запит до /admin/shop_app/category/ зайняв 0.0216 секунд.
INFO 2026-06-22 10:40:31,866 log "GET /admin/shop_app/category/ HTTP/1.1" 200 12049
INFO 2026-06-22 10:40:31,886 middleware Запит до /admin/jsi18n/ зайняв 0.0089 секунд.
INFO 2026-06-22 10:40:31,887 log "GET /admin/jsi18n/ HTTP/1.1" 200 3342
INFO 2026-06-22 10:40:33,913 middleware Запит до /admin/ зайняв 0.0188 секунд.
INFO 2026-06-22 10:40:33,914 log "GET /admin/ HTTP/1.1" 200 11893
INFO 2026-06-22 10:40:35,678 middleware Запит до /admin/users/customuser/ зайняв 0.0213 секунд.
INFO 2026-06-22 10:40:35,679 log "GET /admin/users/customuser/ HTTP/1.1" 200 13902
INFO 2026-06-22 10:40:35,705 middleware Запит до /admin/jsi18n/ зайняв 0.0111 секунд.
INFO 2026-06-22 10:40:35,706 log "GET /admin/jsi18n/ HTTP/1.1" 200 3342
INFO 2026-06-22 10:40:36,534 middleware Запит до /admin/ зайняв 0.0196 секунд.
INFO 2026-06-22 10:40:36,535 log "GET /admin/ HTTP/1.1" 200 11893
INFO 2026-06-22 10:45:05,174 autoreload /app/orders/admin.py changed, reloading.
INFO 2026-06-22 10:45:05,623 autoreload Watching for file changes with StatReloader
INFO 2026-06-22 10:45:48,324 autoreload /app/orders/admin.py changed, reloading.
INFO 2026-06-22 10:45:48,721 autoreload Watching for file changes with StatReloader
INFO 2026-06-22 10:46:05,352 autoreload Watching for file changes with StatReloader
INFO 2026-06-22 10:46:11,035 middleware Запит до /admin/ зайняв 0.0300 секунд.
INFO 2026-06-22 10:46:11,037 log "GET /admin/ HTTP/1.1" 200 12948
INFO 2026-06-22 10:46:14,084 middleware Запит до /admin/orders/order/ зайняв 0.0356 секунд.
INFO 2026-06-22 10:46:14,085 log "GET /admin/orders/order/ HTTP/1.1" 200 20390
INFO 2026-06-22 10:46:14,112 middleware Запит до /admin/jsi18n/ зайняв 0.0110 секунд.
INFO 2026-06-22 10:46:14,113 log "GET /admin/jsi18n/ HTTP/1.1" 200 3342
INFO 2026-06-22 10:46:18,796 middleware Запит до /admin/ зайняв 0.0205 секунд.
INFO 2026-06-22 10:46:18,797 log "GET /admin/ HTTP/1.1" 200 12948
INFO 2026-06-22 10:54:46,255 middleware Запит до /admin/orders/order/ зайняв 0.0259 секунд.
INFO 2026-06-22 10:54:46,256 log "GET /admin/orders/order/ HTTP/1.1" 200 20390
INFO 2026-06-22 10:54:46,281 middleware Запит до /admin/jsi18n/ зайняв 0.0120 секунд.
INFO 2026-06-22 10:54:46,282 log "GET /admin/jsi18n/ HTTP/1.1" 200 3342
INFO 2026-06-22 10:55:51,693 middleware Запит до /admin/orders/order/7/change/ зайняв 0.0305 секунд.
INFO 2026-06-22 10:55:51,694 log "GET /admin/orders/order/7/change/ HTTP/1.1" 200 15871
INFO 2026-06-22 10:55:51,721 middleware Запит до /admin/jsi18n/ зайняв 0.0123 секунд.
INFO 2026-06-22 10:55:51,721 log "GET /admin/jsi18n/ HTTP/1.1" 200 3342
INFO 2026-06-22 10:55:58,336 middleware Запит до /admin/orders/order/ зайняв 0.0239 секунд.
INFO 2026-06-22 10:55:58,337 log "GET /admin/orders/order/ HTTP/1.1" 200 20390
INFO 2026-06-22 10:56:11,151 middleware Запит до /admin/orders/order/6/change/ зайняв 0.0211 секунд.
INFO 2026-06-22 10:56:11,152 log "GET /admin/orders/order/6/change/ HTTP/1.1" 200 15877
INFO 2026-06-22 10:56:11,180 middleware Запит до /admin/jsi18n/ зайняв 0.0110 секунд.
INFO 2026-06-22 10:56:11,180 log "GET /admin/jsi18n/ HTTP/1.1" 200 3342
INFO 2026-06-22 10:56:14,523 middleware Запит до /admin/orders/order/ зайняв 0.0235 секунд.
INFO 2026-06-22 10:56:14,524 log "GET /admin/orders/order/ HTTP/1.1" 200 20390
INFO 2026-06-22 10:57:26,985 middleware Запит до /admin/orders/order/7/change/ зайняв 0.0212 секунд.
INFO 2026-06-22 10:57:26,986 log "GET /admin/orders/order/7/change/ HTTP/1.1" 200 15871
INFO 2026-06-22 10:57:27,018 middleware Запит до /admin/jsi18n/ зайняв 0.0126 секунд.
INFO 2026-06-22 10:57:27,018 log "GET /admin/jsi18n/ HTTP/1.1" 200 3342
INFO 2026-06-22 10:57:29,036 middleware Запит до /admin/orders/order/ зайняв 0.0235 секунд.
INFO 2026-06-22 10:57:29,037 log "GET /admin/orders/order/ HTTP/1.1" 200 20390
INFO 2026-06-22 10:57:34,027 middleware Запит до /admin/shop_app/book/ зайняв 0.0382 секунд.
INFO 2026-06-22 10:57:34,027 log "GET /admin/shop_app/book/ HTTP/1.1" 200 29575
INFO 2026-06-22 10:57:34,055 middleware Запит до /admin/jsi18n/ зайняв 0.0101 секунд.
INFO 2026-06-22 10:57:34,055 log "GET /admin/jsi18n/ HTTP/1.1" 200 3342
INFO 2026-06-22 10:57:34,747 middleware Запит до /admin/orders/order/ зайняв 0.0242 секунд.
INFO 2026-06-22 10:57:34,748 log "GET /admin/orders/order/ HTTP/1.1" 200 20390
INFO 2026-06-22 10:57:34,779 middleware Запит до /admin/jsi18n/ зайняв 0.0098 секунд.
INFO 2026-06-22 10:57:34,780 log "GET /admin/jsi18n/ HTTP/1.1" 200 3342
INFO 2026-06-22 10:57:37,014 middleware Запит до /admin/orders/order/ зайняв 0.0245 секунд.
INFO 2026-06-22 10:57:37,014 log "GET /admin/orders/order/ HTTP/1.1" 200 20390
INFO 2026-06-22 10:57:37,038 middleware Запит до /admin/jsi18n/ зайняв 0.0093 секунд.
INFO 2026-06-22 10:57:37,038 log "GET /admin/jsi18n/ HTTP/1.1" 200 3342
INFO 2026-06-22 10:57:41,859 middleware Запит до /admin/orders/order/7/change/ зайняв 0.0206 секунд.
INFO 2026-06-22 10:57:41,859 log "GET /admin/orders/order/7/change/ HTTP/1.1" 200 15871
INFO 2026-06-22 10:57:41,884 middleware Запит до /admin/jsi18n/ зайняв 0.0099 секунд.
INFO 2026-06-22 10:57:41,884 log "GET /admin/jsi18n/ HTTP/1.1" 200 3342
INFO 2026-06-22 10:57:45,550 middleware Запит до /admin/orders/order/ зайняв 0.0247 секунд.
INFO 2026-06-22 10:57:45,551 log "GET /admin/orders/order/ HTTP/1.1" 200 20390
INFO 2026-06-22 10:58:16,260 middleware Запит до /admin/auth/group/ зайняв 0.0221 секунд.
INFO 2026-06-22 10:58:16,260 log "GET /admin/auth/group/ HTTP/1.1" 200 10718
INFO 2026-06-22 10:58:16,291 middleware Запит до /admin/jsi18n/ зайняв 0.0121 секунд.
INFO 2026-06-22 10:58:16,291 log "GET /admin/jsi18n/ HTTP/1.1" 200 3342
INFO 2026-06-22 10:58:17,062 middleware Запит до /admin/orders/order/ зайняв 0.0239 секунд.
INFO 2026-06-22 10:58:17,063 log "GET /admin/orders/order/ HTTP/1.1" 200 20390
INFO 2026-06-22 10:58:17,084 middleware Запит до /admin/jsi18n/ зайняв 0.0089 секунд.
INFO 2026-06-22 10:58:17,084 log "GET /admin/jsi18n/ HTTP/1.1" 200 3342
INFO 2026-06-22 10:58:22,478 middleware Запит до /admin/orders/order/5/change/ зайняв 0.0204 секунд.
INFO 2026-06-22 10:58:22,479 log "GET /admin/orders/order/5/change/ HTTP/1.1" 200 15877
INFO 2026-06-22 10:58:22,502 middleware Запит до /admin/jsi18n/ зайняв 0.0100 секунд.
INFO 2026-06-22 10:58:22,502 log "GET /admin/jsi18n/ HTTP/1.1" 200 3342
INFO 2026-06-22 10:58:34,297 middleware Запит до /admin/orders/order/ зайняв 0.0241 секунд.
INFO 2026-06-22 10:58:34,298 log "GET /admin/orders/order/ HTTP/1.1" 200 20390
INFO 2026-06-22 10:58:34,323 middleware Запит до /admin/jsi18n/ зайняв 0.0109 секунд.
INFO 2026-06-22 10:58:34,323 log "GET /admin/jsi18n/ HTTP/1.1" 200 3342
INFO 2026-06-22 10:58:36,191 middleware Запит до /admin/orders/order/3/change/ зайняв 0.0182 секунд.
INFO 2026-06-22 10:58:36,191 log "GET /admin/orders/order/3/change/ HTTP/1.1" 200 15861
INFO 2026-06-22 10:58:36,217 middleware Запит до /admin/jsi18n/ зайняв 0.0092 секунд.
INFO 2026-06-22 10:58:36,218 log "GET /admin/jsi18n/ HTTP/1.1" 200 3342
INFO 2026-06-22 10:58:37,210 middleware Запит до /admin/orders/order/ зайняв 0.0244 секунд.
INFO 2026-06-22 10:58:37,211 log "GET /admin/orders/order/ HTTP/1.1" 200 20390
INFO 2026-06-22 10:58:38,511 middleware Запит до /admin/orders/order/7/change/ зайняв 0.0219 секунд.
INFO 2026-06-22 10:58:38,511 log "GET /admin/orders/order/7/change/ HTTP/1.1" 200 15871
INFO 2026-06-22 10:58:38,542 middleware Запит до /admin/jsi18n/ зайняв 0.0120 секунд.
INFO 2026-06-22 10:58:38,542 log "GET /admin/jsi18n/ HTTP/1.1" 200 3342
INFO 2026-06-22 10:58:39,766 middleware Запит до /admin/orders/order/ зайняв 0.0213 секунд.
INFO 2026-06-22 10:58:39,767 log "GET /admin/orders/order/ HTTP/1.1" 200 20390
INFO 2026-06-22 10:59:26,434 middleware Запит до /admin/shop_app/book/ зайняв 0.0348 секунд.
INFO 2026-06-22 10:59:26,435 log "GET /admin/shop_app/book/ HTTP/1.1" 200 29575
INFO 2026-06-22 10:59:26,468 middleware Запит до /admin/jsi18n/ зайняв 0.0122 секунд.
INFO 2026-06-22 10:59:26,468 log "GET /admin/jsi18n/ HTTP/1.1" 200 3342
INFO 2026-06-22 10:59:29,291 middleware Запит до /admin/orders/order/ зайняв 0.0257 секунд.
INFO 2026-06-22 10:59:29,291 log "GET /admin/orders/order/ HTTP/1.1" 200 20390
INFO 2026-06-22 10:59:29,315 middleware Запит до /admin/jsi18n/ зайняв 0.0100 секунд.
INFO 2026-06-22 10:59:29,315 log "GET /admin/jsi18n/ HTTP/1.1" 200 3342
INFO 2026-06-22 10:59:32,686 middleware Запит до /admin/orders/order/7/change/ зайняв 0.0221 секунд.
INFO 2026-06-22 10:59:32,686 log "GET /admin/orders/order/7/change/ HTTP/1.1" 200 15871
INFO 2026-06-22 10:59:32,716 middleware Запит до /admin/jsi18n/ зайняв 0.0109 секунд.
INFO 2026-06-22 10:59:32,716 log "GET /admin/jsi18n/ HTTP/1.1" 200 3342
INFO 2026-06-22 10:59:34,576 middleware Запит до /admin/orders/order/ зайняв 0.0240 секунд.
INFO 2026-06-22 10:59:34,577 log "GET /admin/orders/order/ HTTP/1.1" 200 20390
INFO 2026-06-22 11:07:17,567 autoreload Watching for file changes with StatReloader
INFO 2026-06-22 11:07:21,790 middleware Запит до /admin/orders/order/ зайняв 0.0413 секунд.
INFO 2026-06-22 11:07:21,791 log "GET /admin/orders/order/ HTTP/1.1" 200 20390
INFO 2026-06-22 11:07:21,818 middleware Запит до /admin/jsi18n/ зайняв 0.0088 секунд.
INFO 2026-06-22 11:07:21,819 log "GET /admin/jsi18n/ HTTP/1.1" 200 3342
INFO 2026-06-22 11:07:23,158 middleware Запит до /admin/orders/order/ зайняв 0.0260 секунд.
INFO 2026-06-22 11:07:23,158 log "GET /admin/orders/order/ HTTP/1.1" 200 20390
INFO 2026-06-22 11:07:23,178 middleware Запит до /admin/jsi18n/ зайняв 0.0089 секунд.
INFO 2026-06-22 11:07:23,178 log "GET /admin/jsi18n/ HTTP/1.1" 200 3342
INFO 2026-06-22 11:07:24,369 middleware Запит до /admin/auth/group/ зайняв 0.0207 секунд.
INFO 2026-06-22 11:07:24,370 log "GET /admin/auth/group/ HTTP/1.1" 200 10718
INFO 2026-06-22 11:07:24,393 middleware Запит до /admin/jsi18n/ зайняв 0.0107 секунд.
INFO 2026-06-22 11:07:24,394 log "GET /admin/jsi18n/ HTTP/1.1" 200 3342
INFO 2026-06-22 11:07:25,521 middleware Запит до /admin/orders/order/ зайняв 0.0232 секунд.
INFO 2026-06-22 11:07:25,521 log "GET /admin/orders/order/ HTTP/1.1" 200 20390
INFO 2026-06-22 11:07:25,550 middleware Запит до /admin/jsi18n/ зайняв 0.0110 секунд.
INFO 2026-06-22 11:07:25,551 log "GET /admin/jsi18n/ HTTP/1.1" 200 3342
INFO 2026-06-22 11:07:28,684 middleware Запит до /admin/orders/order/7/change/ зайняв 0.0288 секунд.
INFO 2026-06-22 11:07:28,685 log "GET /admin/orders/order/7/change/ HTTP/1.1" 200 15871
INFO 2026-06-22 11:07:28,715 middleware Запит до /admin/jsi18n/ зайняв 0.0109 секунд.
INFO 2026-06-22 11:07:28,715 log "GET /admin/jsi18n/ HTTP/1.1" 200 3342
INFO 2026-06-22 11:07:29,878 middleware Запит до /admin/orders/order/ зайняв 0.0237 секунд.
INFO 2026-06-22 11:07:29,879 log "GET /admin/orders/order/ HTTP/1.1" 200 20390
INFO 2026-06-22 11:07:37,109 middleware Запит до / зайняв 0.0200 секунд.
INFO 2026-06-22 11:07:37,110 log "GET / HTTP/1.1" 200 9366
INFO 2026-06-22 11:08:12,532 autoreload /app/orders/models.py changed, reloading.
INFO 2026-06-22 11:08:12,949 autoreload Watching for file changes with StatReloader
INFO 2026-06-22 11:08:19,757 middleware Запит до /admin/orders/order/ зайняв 0.0393 секунд.
INFO 2026-06-22 11:08:19,758 log "GET /admin/orders/order/ HTTP/1.1" 200 20390
INFO 2026-06-22 11:08:19,778 middleware Запит до /admin/jsi18n/ зайняв 0.0117 секунд.
INFO 2026-06-22 11:08:19,778 log "GET /admin/jsi18n/ HTTP/1.1" 200 3342
INFO 2026-06-22 11:08:20,982 middleware Запит до /admin/auth/group/ зайняв 0.0213 секунд.
INFO 2026-06-22 11:08:20,983 log "GET /admin/auth/group/ HTTP/1.1" 200 10718
INFO 2026-06-22 11:08:21,005 middleware Запит до /admin/jsi18n/ зайняв 0.0093 секунд.
INFO 2026-06-22 11:08:21,006 log "GET /admin/jsi18n/ HTTP/1.1" 200 3342
INFO 2026-06-22 11:08:21,845 middleware Запит до /admin/orders/order/ зайняв 0.0228 секунд.
INFO 2026-06-22 11:08:21,845 log "GET /admin/orders/order/ HTTP/1.1" 200 20390
INFO 2026-06-22 11:08:21,860 middleware Запит до /admin/jsi18n/ зайняв 0.0075 секунд.
INFO 2026-06-22 11:08:21,860 log "GET /admin/jsi18n/ HTTP/1.1" 200 3342
INFO 2026-06-22 11:08:23,376 middleware Запит до /admin/orders/order/7/change/ зайняв 0.0297 секунд.
INFO 2026-06-22 11:08:23,377 log "GET /admin/orders/order/7/change/ HTTP/1.1" 200 15871
INFO 2026-06-22 11:08:23,410 middleware Запит до /admin/jsi18n/ зайняв 0.0111 секунд.
INFO 2026-06-22 11:08:23,410 log "GET /admin/jsi18n/ HTTP/1.1" 200 3342
INFO 2026-06-22 11:08:24,312 middleware Запит до /admin/orders/order/ зайняв 0.0241 секунд.
INFO 2026-06-22 11:08:24,312 log "GET /admin/orders/order/ HTTP/1.1" 200 20390
INFO 2026-06-22 11:08:35,398 autoreload /app/orders/models.py changed, reloading.
INFO 2026-06-22 11:08:35,803 autoreload Watching for file changes with StatReloader
INFO 2026-06-22 11:10:07,254 autoreload /app/orders/admin.py changed, reloading.
INFO 2026-06-22 11:10:07,665 autoreload Watching for file changes with StatReloader
INFO 2026-06-22 11:10:12,976 middleware Запит до /admin/orders/order/ зайняв 0.0388 секунд.
INFO 2026-06-22 11:10:12,977 log "GET /admin/orders/order/ HTTP/1.1" 200 20390
INFO 2026-06-22 11:10:13,000 middleware Запит до /admin/jsi18n/ зайняв 0.0098 секунд.
INFO 2026-06-22 11:10:13,000 log "GET /admin/jsi18n/ HTTP/1.1" 200 3342
INFO 2026-06-22 11:10:14,294 middleware Запит до /admin/auth/group/ зайняв 0.0216 секунд.
INFO 2026-06-22 11:10:14,294 log "GET /admin/auth/group/ HTTP/1.1" 200 10718
INFO 2026-06-22 11:10:14,318 middleware Запит до /admin/jsi18n/ зайняв 0.0103 секунд.
INFO 2026-06-22 11:10:14,318 log "GET /admin/jsi18n/ HTTP/1.1" 200 3342
INFO 2026-06-22 11:10:15,109 middleware Запит до /admin/orders/order/ зайняв 0.0234 секунд.
INFO 2026-06-22 11:10:15,110 log "GET /admin/orders/order/ HTTP/1.1" 200 20390
INFO 2026-06-22 11:10:15,133 middleware Запит до /admin/jsi18n/ зайняв 0.0087 секунд.
INFO 2026-06-22 11:10:15,134 log "GET /admin/jsi18n/ HTTP/1.1" 200 3342
INFO 2026-06-22 11:10:15,954 middleware Запит до /admin/orders/order/7/change/ зайняв 0.0372 секунд.
INFO 2026-06-22 11:10:15,954 log "GET /admin/orders/order/7/change/ HTTP/1.1" 200 20248
INFO 2026-06-22 11:10:15,967 log "GET /static/admin/js/inlines.js HTTP/1.1" 200 15628
INFO 2026-06-22 11:10:15,975 middleware Запит до /admin/jsi18n/ зайняв 0.0103 секунд.
INFO 2026-06-22 11:10:15,976 log "GET /admin/jsi18n/ HTTP/1.1" 200 3342
INFO 2026-06-22 11:10:18,944 middleware Запит до /admin/orders/order/ зайняв 0.0223 секунд.
INFO 2026-06-22 11:10:18,945 log "GET /admin/orders/order/ HTTP/1.1" 200 20390
INFO 2026-06-29 12:29:16,631 autoreload Watching for file changes with StatReloader
INFO 2026-06-29 12:29:19,543 middleware Запит до / зайняв 0.0341 секунд.
INFO 2026-06-29 12:29:19,546 log "GET / HTTP/1.1" 200 9366
INFO 2026-06-29 12:29:24,233 middleware Запит до /catalog/ зайняв 0.0198 секунд.
INFO 2026-06-29 12:29:24,233 log "GET /catalog/ HTTP/1.1" 200 8208
INFO 2026-06-29 12:29:28,726 middleware Запит до /catalog/ зайняв 0.0152 секунд.
INFO 2026-06-29 12:29:28,727 log "GET /catalog/?category=1 HTTP/1.1" 200 6213
INFO 2026-06-29 12:29:29,407 middleware Запит до /catalog/ зайняв 0.0151 секунд.
INFO 2026-06-29 12:29:29,408 log "GET /catalog/?category=2 HTTP/1.1" 200 7649
INFO 2026-06-29 12:29:30,093 middleware Запит до /catalog/ зайняв 0.0155 секунд.
INFO 2026-06-29 12:29:30,093 log "GET /catalog/?category=4 HTTP/1.1" 200 6866
INFO 2026-06-29 12:29:30,627 middleware Запит до /catalog/ зайняв 0.0176 секунд.
INFO 2026-06-29 12:29:30,627 log "GET /catalog/?category=5 HTTP/1.1" 200 6210
INFO 2026-06-29 12:29:31,227 middleware Запит до /catalog/ зайняв 0.0140 секунд.
INFO 2026-06-29 12:29:31,228 log "GET /catalog/?category=6 HTTP/1.1" 200 6869
INFO 2026-06-29 12:29:32,242 middleware Запит до /catalog/ зайняв 0.0151 секунд.
INFO 2026-06-29 12:29:32,243 log "GET /catalog/ HTTP/1.1" 200 8208
INFO 2026-06-29 12:29:33,651 middleware Запит до /catalog/ зайняв 0.0154 секунд.
INFO 2026-06-29 12:29:33,651 log "GET /catalog/?category=1 HTTP/1.1" 200 6213
INFO 2026-06-29 12:29:34,409 middleware Запит до /catalog/ зайняв 0.0151 секунд.
INFO 2026-06-29 12:29:34,410 log "GET /catalog/ HTTP/1.1" 200 8208
INFO 2026-06-29 12:29:35,850 middleware Запит до /catalog/ зайняв 0.0153 секунд.
INFO 2026-06-29 12:29:35,851 log "GET /catalog/?category=2 HTTP/1.1" 200 7649
INFO 2026-06-29 12:29:37,233 middleware Запит до /catalog/ зайняв 0.0148 секунд.
INFO 2026-06-29 12:29:37,234 log "GET /catalog/ HTTP/1.1" 200 8208
INFO 2026-06-29 12:29:38,598 middleware Запит до /catalog/ зайняв 0.0151 секунд.
INFO 2026-06-29 12:29:38,599 log "GET /catalog/ HTTP/1.1" 200 8208
INFO 2026-06-29 12:29:39,235 middleware Запит до / зайняв 0.0161 секунд.
INFO 2026-06-29 12:29:39,235 log "GET / HTTP/1.1" 200 9366
INFO 2026-06-29 12:29:41,082 middleware Запит до /catalog/ зайняв 0.0149 секунд.
INFO 2026-06-29 12:29:41,082 log "GET /catalog/ HTTP/1.1" 200 8208
INFO 2026-06-29 12:31:02,463 autoreload /app/bookstore_project/settings.py changed, reloading.
INFO 2026-06-29 12:31:02,853 autoreload Watching for file changes with StatReloader
INFO 2026-06-29 12:35:40,935 autoreload /app/bookstore_project/settings.py changed, reloading.
INFO 2026-06-29 12:35:41,339 autoreload Watching for file changes with StatReloader
INFO 2026-06-29 12:37:49,357 autoreload /app/bookstore_project/settings.py changed, reloading.
INFO 2026-06-29 12:37:49,764 autoreload Watching for file changes with StatReloader
INFO 2026-06-29 12:38:35,535 autoreload /app/bookstore_project/settings.py changed, reloading.
INFO 2026-06-29 12:38:35,927 autoreload Watching for file changes with StatReloader
INFO 2026-06-29 12:49:06,697 autoreload /app/shop_app/models.py changed, reloading.
INFO 2026-06-29 12:49:07,155 autoreload Watching for file changes with StatReloader
INFO 2026-06-29 12:50:23,437 autoreload /app/shop_app/models.py changed, reloading.
INFO 2026-06-29 12:50:23,835 autoreload Watching for file changes with StatReloader
INFO 2026-06-29 12:50:39,149 autoreload /app/shop_app/models.py changed, reloading.
INFO 2026-06-29 12:50:39,549 autoreload Watching for file changes with StatReloader
INFO 2026-06-29 12:52:03,970 autoreload /app/shop_app/models.py changed, reloading.
INFO 2026-06-29 12:52:04,363 autoreload Watching for file changes with StatReloader
INFO 2026-06-29 12:53:36,867 autoreload /app/shop_app/models.py changed, reloading.
INFO 2026-06-29 12:53:37,265 autoreload Watching for file changes with StatReloader
INFO 2026-06-29 12:54:06,791 autoreload /app/shop_app/models.py changed, reloading.
INFO 2026-06-29 12:54:07,194 autoreload Watching for file changes with StatReloader
INFO 2026-06-29 12:54:12,335 autoreload /app/shop_app/models.py changed, reloading.
INFO 2026-06-29 12:54:12,732 autoreload Watching for file changes with StatReloader
INFO 2026-06-29 12:55:25,983 autoreload /app/orders/models.py changed, reloading.
INFO 2026-06-29 12:55:26,387 autoreload Watching for file changes with StatReloader
INFO 2026-06-29 13:01:09,941 autoreload /app/orders/models.py changed, reloading.
INFO 2026-06-29 13:01:10,345 autoreload Watching for file changes with StatReloader
INFO 2026-06-29 13:02:36,767 autoreload /app/orders/models.py changed, reloading.
INFO 2026-06-29 13:02:37,175 autoreload Watching for file changes with StatReloader
INFO 2026-06-29 13:04:24,933 autoreload /app/orders/models.py changed, reloading.
INFO 2026-06-29 13:04:25,332 autoreload Watching for file changes with StatReloader
INFO 2026-06-29 13:09:58,827 autoreload /app/orders/models.py changed, reloading.
INFO 2026-06-29 13:09:59,251 autoreload Watching for file changes with StatReloader
INFO 2026-06-29 13:11:09,421 autoreload /app/orders/models.py changed, reloading.
INFO 2026-06-29 13:11:09,822 autoreload Watching for file changes with StatReloader
INFO 2026-06-29 13:12:40,338 autoreload /app/orders/models.py changed, reloading.
INFO 2026-06-29 13:12:40,733 autoreload Watching for file changes with StatReloader
INFO 2026-06-29 13:20:27,149 autoreload /app/shop_app/models.py changed, reloading.
INFO 2026-06-29 13:20:27,647 autoreload Watching for file changes with StatReloader
INFO 2026-06-29 13:24:26,739 autoreload /app/shop_app/models.py changed, reloading.
INFO 2026-06-29 13:24:27,144 autoreload Watching for file changes with StatReloader
INFO 2026-06-29 13:33:28,852 autoreload /app/users/models.py changed, reloading.
INFO 2026-06-29 13:33:29,242 autoreload Watching for file changes with StatReloader
INFO 2026-06-29 13:34:00,668 autoreload /app/users/models.py changed, reloading.
INFO 2026-06-29 13:34:01,047 autoreload Watching for file changes with StatReloader
INFO 2026-06-29 13:35:27,956 autoreload /app/users/models.py changed, reloading.
INFO 2026-06-29 13:35:28,353 autoreload Watching for file changes with StatReloader
INFO 2026-07-01 09:55:34,076 autoreload Watching for file changes with StatReloader
INFO 2026-07-01 09:56:22,622 middleware Запит до / зайняв 0.0406 секунд.
INFO 2026-07-01 09:56:22,625 log "GET / HTTP/1.1" 200 9366
INFO 2026-07-01 09:56:24,447 middleware Запит до /catalog/ зайняв 0.0213 секунд.
INFO 2026-07-01 09:56:24,447 log "GET /catalog/ HTTP/1.1" 200 8208
INFO 2026-07-01 09:56:25,659 middleware Запит до / зайняв 0.0169 секунд.
INFO 2026-07-01 09:56:25,660 log "GET / HTTP/1.1" 200 9366
INFO 2026-07-01 09:56:26,674 middleware Запит до /catalog/ зайняв 0.0161 секунд.
INFO 2026-07-01 09:56:26,675 log "GET /catalog/ HTTP/1.1" 200 8208
INFO 2026-07-01 09:56:28,177 middleware Запит до / зайняв 0.0182 секунд.
INFO 2026-07-01 09:56:28,178 log "GET / HTTP/1.1" 200 9366
INFO 2026-07-01 10:14:44,830 middleware Запит до / зайняв 0.0213 секунд.
INFO 2026-07-01 10:14:44,832 log "GET / HTTP/1.1" 200 9407
INFO 2026-07-01 10:14:46,041 middleware Запит до / зайняв 0.0183 секунд.
INFO 2026-07-01 10:14:46,042 log "GET / HTTP/1.1" 200 9407
INFO 2026-07-01 10:14:46,809 middleware Запит до /catalog/ зайняв 0.0197 секунд.
INFO 2026-07-01 10:14:46,810 log "GET /catalog/ HTTP/1.1" 200 8249
INFO 2026-07-01 10:14:47,827 middleware Запит до / зайняв 0.0205 секунд.
INFO 2026-07-01 10:14:47,828 log "GET / HTTP/1.1" 200 9407
INFO 2026-07-01 10:14:49,055 middleware Запит до /catalog/ зайняв 0.0163 секунд.
INFO 2026-07-01 10:14:49,056 log "GET /catalog/ HTTP/1.1" 200 8249
INFO 2026-07-01 10:14:52,221 middleware Запит до / зайняв 0.0173 секунд.
INFO 2026-07-01 10:14:52,221 log "GET / HTTP/1.1" 200 9407
INFO 2026-07-01 10:14:53,402 middleware Запит до /catalog/ зайняв 0.0155 секунд.
INFO 2026-07-01 10:14:53,402 log "GET /catalog/ HTTP/1.1" 200 8249
INFO 2026-07-01 10:14:53,974 middleware Запит до / зайняв 0.0186 секунд.
INFO 2026-07-01 10:14:53,975 log "GET / HTTP/1.1" 200 9407
INFO 2026-07-01 10:14:55,381 middleware Запит до /catalog/ зайняв 0.0156 секунд.
INFO 2026-07-01 10:14:55,382 log "GET /catalog/ HTTP/1.1" 200 8249
INFO 2026-07-01 10:14:57,167 middleware Запит до / зайняв 0.0183 секунд.
INFO 2026-07-01 10:14:57,168 log "GET / HTTP/1.1" 200 9407
INFO 2026-07-01 10:19:26,756 autoreload Watching for file changes with StatReloader
INFO 2026-07-01 10:20:22,845 middleware Запит до / зайняв 0.0251 секунд.
INFO 2026-07-01 10:20:22,847 log "GET / HTTP/1.1" 200 9407
INFO 2026-07-01 10:20:23,808 middleware Запит до / зайняв 0.0171 секунд.
INFO 2026-07-01 10:20:23,808 log "GET / HTTP/1.1" 200 9407
INFO 2026-07-01 10:20:24,595 middleware Запит до /catalog/ зайняв 0.0199 секунд.
INFO 2026-07-01 10:20:24,595 log "GET /catalog/ HTTP/1.1" 200 8249
INFO 2026-07-01 10:20:26,151 middleware Запит до / зайняв 0.0180 секунд.
INFO 2026-07-01 10:20:26,152 log "GET / HTTP/1.1" 200 9407
INFO 2026-07-01 10:23:41,931 middleware Запит до / зайняв 0.0187 секунд.
INFO 2026-07-01 10:23:41,933 log "GET / HTTP/1.1" 200 9407
INFO 2026-07-01 10:23:42,942 middleware Запит до /catalog/ зайняв 0.0181 секунд.
INFO 2026-07-01 10:23:42,942 log "GET /catalog/ HTTP/1.1" 200 8249
INFO 2026-07-01 10:23:43,808 middleware Запит до / зайняв 0.0179 секунд.
INFO 2026-07-01 10:23:43,809 log "GET / HTTP/1.1" 200 9407
INFO 2026-07-01 10:25:24,586 autoreload Watching for file changes with StatReloader
INFO 2026-07-01 10:26:56,280 middleware Запит до / зайняв 0.0231 секунд.
INFO 2026-07-01 10:26:56,282 log "GET / HTTP/1.1" 200 9407
INFO 2026-07-01 10:26:57,143 middleware Запит до /catalog/ зайняв 0.0201 секунд.
INFO 2026-07-01 10:26:57,144 log "GET /catalog/ HTTP/1.1" 200 8249
INFO 2026-07-01 10:26:58,009 middleware Запит до / зайняв 0.0189 секунд.
INFO 2026-07-01 10:26:58,009 log "GET / HTTP/1.1" 200 9407
INFO 2026-07-01 10:27:41,043 autoreload Watching for file changes with StatReloader
INFO 2026-07-01 10:27:45,354 middleware Запит до / зайняв 0.0232 секунд.
INFO 2026-07-01 10:27:45,355 log "GET / HTTP/1.1" 200 9407
INFO 2026-07-01 10:27:45,992 middleware Запит до /catalog/ зайняв 0.0196 секунд.
INFO 2026-07-01 10:27:45,993 log "GET /catalog/ HTTP/1.1" 200 8249
INFO 2026-07-01 10:27:46,816 middleware Запит до / зайняв 0.0181 секунд.
INFO 2026-07-01 10:27:46,817 log "GET / HTTP/1.1" 200 9407
INFO 2026-07-01 10:50:19,805 middleware Запит до / зайняв 0.0210 секунд.
INFO 2026-07-01 10:50:19,806 log "GET / HTTP/1.1" 200 9407
INFO 2026-07-01 10:50:20,716 middleware Запит до /catalog/ зайняв 0.0161 секунд.
INFO 2026-07-01 10:50:20,717 log "GET /catalog/ HTTP/1.1" 200 8249
INFO 2026-07-01 10:50:21,467 middleware Запит до / зайняв 0.0172 секунд.
INFO 2026-07-01 10:50:21,468 log "GET / HTTP/1.1" 200 9407
INFO 2026-07-01 10:50:23,204 middleware Запит до /catalog/ зайняв 0.0173 секунд.
INFO 2026-07-01 10:50:23,205 log "GET /catalog/ HTTP/1.1" 200 8249
INFO 2026-07-01 10:50:24,121 middleware Запит до / зайняв 0.0179 секунд.
INFO 2026-07-01 10:50:24,122 log "GET / HTTP/1.1" 200 9407
INFO 2026-07-01 11:05:40,243 autoreload Watching for file changes with StatReloader
INFO 2026-07-01 11:10:10,148 autoreload Watching for file changes with StatReloader
INFO 2026-07-01 11:32:57,976 middleware Запит до / зайняв 0.0277 секунд.
INFO 2026-07-01 11:32:57,978 log "GET / HTTP/1.1" 200 9323
INFO 2026-07-01 11:33:01,485 middleware Запит до /catalog/ зайняв 0.0188 секунд.
INFO 2026-07-01 11:33:01,486 log "GET /catalog/ HTTP/1.1" 200 8141
INFO 2026-07-01 11:33:02,166 middleware Запит до / зайняв 0.0190 секунд.
INFO 2026-07-01 11:33:02,167 log "GET / HTTP/1.1" 200 9323
INFO 2026-07-01 11:33:02,895 middleware Запит до /catalog/ зайняв 0.0156 секунд.
INFO 2026-07-01 11:33:02,896 log "GET /catalog/ HTTP/1.1" 200 8141
INFO 2026-07-01 11:33:03,575 middleware Запит до / зайняв 0.0156 секунд.
INFO 2026-07-01 11:33:03,576 log "GET / HTTP/1.1" 200 9323
INFO 2026-07-01 11:33:04,347 middleware Запит до /catalog/ зайняв 0.0164 секунд.
INFO 2026-07-01 11:33:04,347 log "GET /catalog/ HTTP/1.1" 200 8141
INFO 2026-07-01 11:33:06,310 middleware Запит до / зайняв 0.0170 секунд.
INFO 2026-07-01 11:33:06,310 log "GET / HTTP/1.1" 200 9323
ERROR 2026-07-01 11:36:50,065 log Internal Server Error: /
Traceback (most recent call last):
  File "/usr/local/lib/python3.12/site-packages/django/core/handlers/exception.py", line 55, in inner
    response = get_response(request)
               ^^^^^^^^^^^^^^^^^^^^^
  File "/usr/local/lib/python3.12/site-packages/django/core/handlers/base.py", line 198, in _get_response
    response = wrapped_callback(request, *callback_args, **callback_kwargs)
               ^^^^^^^^^^^^^^^^^^^^^^^^^^^^^^^^^^^^^^^^^^^^^^^^^^^^^^^^^^^^
  File "/app/shop_app/views.py", line 24, in store
    return render(request, 'shop_app/store.html', context)
           ^^^^^^^^^^^^^^^^^^^^^^^^^^^^^^^^^^^^^^^^^^^^^^^
  File "/usr/local/lib/python3.12/site-packages/django/shortcuts.py", line 25, in render
    content = loader.render_to_string(template_name, context, request, using=using)
              ^^^^^^^^^^^^^^^^^^^^^^^^^^^^^^^^^^^^^^^^^^^^^^^^^^^^^^^^^^^^^^^^^^^^^
  File "/usr/local/lib/python3.12/site-packages/django/template/loader.py", line 62, in render_to_string
    return template.render(context, request)
           ^^^^^^^^^^^^^^^^^^^^^^^^^^^^^^^^^
  File "/usr/local/lib/python3.12/site-packages/django/template/backends/django.py", line 107, in render
    return self.template.render(context)
           ^^^^^^^^^^^^^^^^^^^^^^^^^^^^^
  File "/usr/local/lib/python3.12/site-packages/django/template/base.py", line 174, in render
    return self._render(context)
           ^^^^^^^^^^^^^^^^^^^^^
  File "/usr/local/lib/python3.12/site-packages/django/test/utils.py", line 114, in instrumented_test_render
    return self.nodelist.render(context)
           ^^^^^^^^^^^^^^^^^^^^^^^^^^^^^
  File "/usr/local/lib/python3.12/site-packages/django/template/base.py", line 1091, in render
    return SafeString("".join([node.render_annotated(context) for node in self]))
                               ^^^^^^^^^^^^^^^^^^^^^^^^^^^^^^
  File "/usr/local/lib/python3.12/site-packages/django/template/base.py", line 1052, in render_annotated
    return self.render(context)
           ^^^^^^^^^^^^^^^^^^^^
  File "/usr/local/lib/python3.12/site-packages/django/template/loader_tags.py", line 160, in render
    return compiled_parent._render(context)
           ^^^^^^^^^^^^^^^^^^^^^^^^^^^^^^^^
  File "/usr/local/lib/python3.12/site-packages/django/test/utils.py", line 114, in instrumented_test_render
    return self.nodelist.render(context)
           ^^^^^^^^^^^^^^^^^^^^^^^^^^^^^
  File "/usr/local/lib/python3.12/site-packages/django/template/base.py", line 1091, in render
    return SafeString("".join([node.render_annotated(context) for node in self]))
                               ^^^^^^^^^^^^^^^^^^^^^^^^^^^^^^
  File "/usr/local/lib/python3.12/site-packages/django/template/base.py", line 1052, in render_annotated
    return self.render(context)
           ^^^^^^^^^^^^^^^^^^^^
  File "/usr/local/lib/python3.12/site-packages/django/template/defaulttags.py", line 511, in render
    url = reverse(view_name, args=args, kwargs=kwargs, current_app=current_app)
          ^^^^^^^^^^^^^^^^^^^^^^^^^^^^^^^^^^^^^^^^^^^^^^^^^^^^^^^^^^^^^^^^^^^^^
  File "/usr/local/lib/python3.12/site-packages/django/urls/base.py", line 98, in reverse
    resolved_url = resolver._reverse_with_prefix(view, prefix, *args, **kwargs)
                   ^^^^^^^^^^^^^^^^^^^^^^^^^^^^^^^^^^^^^^^^^^^^^^^^^^^^^^^^^^^^
  File "/usr/local/lib/python3.12/site-packages/django/urls/resolvers.py", line 842, in _reverse_with_prefix
    raise NoReverseMatch(msg)
django.urls.exceptions.NoReverseMatch: Reverse for 'set_language' not found. 'set_language' is not a valid view function or pattern name.
INFO 2026-07-01 11:36:50,067 middleware Запит до / зайняв 0.0620 секунд.
ERROR 2026-07-01 11:36:50,067 log "GET / HTTP/1.1" 500 163959
INFO 2026-07-01 11:39:52,529 autoreload /app/bookstore_project/urls.py changed, reloading.
INFO 2026-07-01 11:39:52,955 autoreload Watching for file changes with StatReloader
INFO 2026-07-01 11:39:55,726 middleware Запит до / зайняв 0.0243 секунд.
INFO 2026-07-01 11:39:55,727 log "GET / HTTP/1.1" 200 10174
INFO 2026-07-01 11:39:59,744 middleware Запит до /i18n/setlang/ зайняв 0.0015 секунд.
INFO 2026-07-01 11:39:59,745 log "POST /i18n/setlang/ HTTP/1.1" 302 0
INFO 2026-07-01 11:39:59,763 middleware Запит до / зайняв 0.0158 секунд.
INFO 2026-07-01 11:39:59,764 log "GET / HTTP/1.1" 200 10217
INFO 2026-07-01 11:40:02,103 middleware Запит до /i18n/setlang/ зайняв 0.0007 секунд.
INFO 2026-07-01 11:40:02,103 log "POST /i18n/setlang/ HTTP/1.1" 302 0
INFO 2026-07-01 11:40:02,128 middleware Запит до / зайняв 0.0165 секунд.
INFO 2026-07-01 11:40:02,129 log "GET / HTTP/1.1" 200 10174
INFO 2026-07-01 11:40:07,836 middleware Запит до /i18n/setlang/ зайняв 0.0005 секунд.
INFO 2026-07-01 11:40:07,837 log "POST /i18n/setlang/ HTTP/1.1" 302 0
INFO 2026-07-01 11:40:07,859 middleware Запит до / зайняв 0.0165 секунд.
INFO 2026-07-01 11:40:07,859 log "GET / HTTP/1.1" 200 10217
INFO 2026-07-01 11:40:11,077 middleware Запит до /i18n/setlang/ зайняв 0.0005 секунд.
INFO 2026-07-01 11:40:11,077 log "POST /i18n/setlang/ HTTP/1.1" 302 0
INFO 2026-07-01 11:40:11,103 middleware Запит до / зайняв 0.0165 секунд.
INFO 2026-07-01 11:40:11,104 log "GET / HTTP/1.1" 200 10174
INFO 2026-07-01 11:40:14,494 middleware Запит до /i18n/setlang/ зайняв 0.0006 секунд.
INFO 2026-07-01 11:40:14,494 log "POST /i18n/setlang/ HTTP/1.1" 302 0
INFO 2026-07-01 11:40:14,522 middleware Запит до / зайняв 0.0174 секунд.
INFO 2026-07-01 11:40:14,523 log "GET / HTTP/1.1" 200 10217
INFO 2026-07-01 11:40:16,768 middleware Запит до /i18n/setlang/ зайняв 0.0006 секунд.
INFO 2026-07-01 11:40:16,768 log "POST /i18n/setlang/ HTTP/1.1" 302 0
INFO 2026-07-01 11:40:16,793 middleware Запит до / зайняв 0.0175 секунд.
INFO 2026-07-01 11:40:16,794 log "GET / HTTP/1.1" 200 10174
INFO 2026-07-01 11:40:20,200 middleware Запит до /i18n/setlang/ зайняв 0.0006 секунд.
INFO 2026-07-01 11:40:20,201 log "POST /i18n/setlang/ HTTP/1.1" 302 0
INFO 2026-07-01 11:40:20,225 middleware Запит до / зайняв 0.0165 секунд.
INFO 2026-07-01 11:40:20,226 log "GET / HTTP/1.1" 200 10217
INFO 2026-07-01 11:40:26,990 middleware Запит до /i18n/setlang/ зайняв 0.0006 секунд.
INFO 2026-07-01 11:40:26,991 log "POST /i18n/setlang/ HTTP/1.1" 302 0
INFO 2026-07-01 11:40:27,017 middleware Запит до / зайняв 0.0167 секунд.
INFO 2026-07-01 11:40:27,018 log "GET / HTTP/1.1" 200 10174
INFO 2026-07-01 11:45:19,700 middleware Запит до / зайняв 0.0193 секунд.
INFO 2026-07-01 11:45:19,702 log "GET / HTTP/1.1" 200 10174
INFO 2026-07-01 11:45:22,265 middleware Запит до /i18n/setlang/ зайняв 0.0006 секунд.
INFO 2026-07-01 11:45:22,265 log "POST /i18n/setlang/ HTTP/1.1" 302 0
INFO 2026-07-01 11:45:22,290 middleware Запит до / зайняв 0.0179 секунд.
INFO 2026-07-01 11:45:22,291 log "GET / HTTP/1.1" 200 10217
INFO 2026-07-01 11:45:24,772 middleware Запит до /i18n/setlang/ зайняв 0.0007 секунд.
INFO 2026-07-01 11:45:24,773 log "POST /i18n/setlang/ HTTP/1.1" 302 0
INFO 2026-07-01 11:45:24,795 middleware Запит до / зайняв 0.0162 секунд.
INFO 2026-07-01 11:45:24,795 log "GET / HTTP/1.1" 200 10174
INFO 2026-07-01 11:46:04,058 middleware Запит до / зайняв 0.0219 секунд.
INFO 2026-07-01 11:46:04,059 log "GET / HTTP/1.1" 200 10162
INFO 2026-07-01 11:46:07,353 middleware Запит до /i18n/setlang/ зайняв 0.0005 секунд.
INFO 2026-07-01 11:46:07,354 log "POST /i18n/setlang/ HTTP/1.1" 302 0
INFO 2026-07-01 11:46:07,381 middleware Запит до / зайняв 0.0173 секунд.
INFO 2026-07-01 11:46:07,381 log "GET / HTTP/1.1" 200 10217
INFO 2026-07-01 11:46:09,770 middleware Запит до /i18n/setlang/ зайняв 0.0006 секунд.
INFO 2026-07-01 11:46:09,771 log "POST /i18n/setlang/ HTTP/1.1" 302 0
INFO 2026-07-01 11:46:09,798 middleware Запит до / зайняв 0.0169 секунд.
INFO 2026-07-01 11:46:09,799 log "GET / HTTP/1.1" 200 10162
INFO 2026-07-01 12:01:57,710 middleware Запит до /catalog/ зайняв 0.0283 секунд.
INFO 2026-07-01 12:01:57,711 log "GET /catalog/ HTTP/1.1" 200 8962
INFO 2026-07-01 12:02:47,256 middleware Запит до /catalog/ зайняв 0.0169 секунд.
INFO 2026-07-01 12:02:47,257 log "GET /catalog/?category=1 HTTP/1.1" 200 6967
INFO 2026-07-01 12:02:48,508 middleware Запит до /catalog/ зайняв 0.0222 секунд.
INFO 2026-07-01 12:02:48,508 log "GET /catalog/ HTTP/1.1" 200 8962
INFO 2026-07-01 12:03:43,910 middleware Запит до /1/ зайняв 0.0221 секунд.
INFO 2026-07-01 12:03:43,911 log "GET /1/ HTTP/1.1" 200 5583
INFO 2026-07-01 12:03:43,932 middleware Запит до /images/covers/Pride_and_prejudice.webp зайняв 0.0009 секунд.
INFO 2026-07-01 12:03:43,935 log "GET /images/covers/Pride_and_prejudice.webp HTTP/1.1" 200 120978
INFO 2026-07-01 12:18:19,351 autoreload Watching for file changes with StatReloader
INFO 2026-07-01 12:20:08,550 autoreload Watching for file changes with StatReloader
INFO 2026-07-01 12:21:38,889 autoreload Watching for file changes with StatReloader
ERROR 2026-07-01 12:21:42,385 log Internal Server Error: /catalog/
Traceback (most recent call last):
  File "/usr/local/lib/python3.12/site-packages/django/core/handlers/exception.py", line 55, in inner
    response = get_response(request)
               ^^^^^^^^^^^^^^^^^^^^^
  File "/usr/local/lib/python3.12/site-packages/django/core/handlers/base.py", line 221, in _get_response
    response = response.render()
               ^^^^^^^^^^^^^^^^^
  File "/usr/local/lib/python3.12/site-packages/django/template/response.py", line 114, in render
    self.content = self.rendered_content
                   ^^^^^^^^^^^^^^^^^^^^^
  File "/usr/local/lib/python3.12/site-packages/django/template/response.py", line 90, in rendered_content
    template = self.resolve_template(self.template_name)
               ^^^^^^^^^^^^^^^^^^^^^^^^^^^^^^^^^^^^^^^^^
  File "/usr/local/lib/python3.12/site-packages/django/template/response.py", line 72, in resolve_template
    return select_template(template, using=self.using)
           ^^^^^^^^^^^^^^^^^^^^^^^^^^^^^^^^^^^^^^^^^^^
  File "/usr/local/lib/python3.12/site-packages/django/template/loader.py", line 42, in select_template
    return engine.get_template(template_name)
           ^^^^^^^^^^^^^^^^^^^^^^^^^^^^^^^^^^
  File "/usr/local/lib/python3.12/site-packages/django/template/backends/django.py", line 79, in get_template
    return Template(self.engine.get_template(template_name), self)
                    ^^^^^^^^^^^^^^^^^^^^^^^^^^^^^^^^^^^^^^^
  File "/usr/local/lib/python3.12/site-packages/django/template/engine.py", line 186, in get_template
    template, origin = self.find_template(template_name)
                       ^^^^^^^^^^^^^^^^^^^^^^^^^^^^^^^^^
  File "/usr/local/lib/python3.12/site-packages/django/template/engine.py", line 159, in find_template
    template = loader.get_template(name, skip=skip)
               ^^^^^^^^^^^^^^^^^^^^^^^^^^^^^^^^^^^^
  File "/usr/local/lib/python3.12/site-packages/django/template/loaders/cached.py", line 57, in get_template
    template = super().get_template(template_name, skip)
               ^^^^^^^^^^^^^^^^^^^^^^^^^^^^^^^^^^^^^^^^^
  File "/usr/local/lib/python3.12/site-packages/django/template/loaders/base.py", line 28, in get_template
    return Template(
           ^^^^^^^^^
  File "/usr/local/lib/python3.12/site-packages/django/template/base.py", line 157, in __init__
    self.nodelist = self.compile_nodelist()
                    ^^^^^^^^^^^^^^^^^^^^^^^
  File "/usr/local/lib/python3.12/site-packages/django/template/base.py", line 199, in compile_nodelist
    nodelist = parser.parse()
               ^^^^^^^^^^^^^^
  File "/usr/local/lib/python3.12/site-packages/django/template/base.py", line 585, in parse
    raise self.error(token, e)
  File "/usr/local/lib/python3.12/site-packages/django/template/base.py", line 583, in parse
    compiled_result = compile_func(self, token)
                      ^^^^^^^^^^^^^^^^^^^^^^^^^
  File "/usr/local/lib/python3.12/site-packages/django/template/loader_tags.py", line 307, in do_extends
    nodelist = parser.parse()
               ^^^^^^^^^^^^^^
  File "/usr/local/lib/python3.12/site-packages/django/template/base.py", line 585, in parse
    raise self.error(token, e)
  File "/usr/local/lib/python3.12/site-packages/django/template/base.py", line 583, in parse
    compiled_result = compile_func(self, token)
                      ^^^^^^^^^^^^^^^^^^^^^^^^^
  File "/usr/local/lib/python3.12/site-packages/django/template/loader_tags.py", line 235, in do_block
    nodelist = parser.parse(("endblock",))
               ^^^^^^^^^^^^^^^^^^^^^^^^^^^
  File "/usr/local/lib/python3.12/site-packages/django/template/base.py", line 585, in parse
    raise self.error(token, e)
  File "/usr/local/lib/python3.12/site-packages/django/template/base.py", line 583, in parse
    compiled_result = compile_func(self, token)
                      ^^^^^^^^^^^^^^^^^^^^^^^^^
  File "/usr/local/lib/python3.12/site-packages/django/template/defaulttags.py", line 894, in do_for
    nodelist_loop = parser.parse(
                    ^^^^^^^^^^^^^
  File "/usr/local/lib/python3.12/site-packages/django/template/base.py", line 585, in parse
    raise self.error(token, e)
  File "/usr/local/lib/python3.12/site-packages/django/template/base.py", line 583, in parse
    compiled_result = compile_func(self, token)
                      ^^^^^^^^^^^^^^^^^^^^^^^^^
  File "/usr/local/lib/python3.12/site-packages/django/templatetags/i18n.py", line 581, in do_block_translate
    raise TemplateSyntaxError(
django.template.exceptions.TemplateSyntaxError: Template: /app/shop_app/templates/shop_app/book_list.html, 'blocktranslate' doesn't allow other block tags (seen 'blocktranslate') inside it
INFO 2026-07-01 12:21:42,387 middleware Запит до /catalog/ зайняв 0.0381 секунд.
ERROR 2026-07-01 12:21:42,387 log "GET /catalog/ HTTP/1.1" 500 235313
ERROR 2026-07-01 12:24:03,946 log Internal Server Error: /catalog/
Traceback (most recent call last):
  File "/usr/local/lib/python3.12/site-packages/django/template/base.py", line 577, in parse
    compile_func = self.tags[command]
                   ~~~~~~~~~^^^^^^^^^
KeyError: 'endblocktranslate'

During handling of the above exception, another exception occurred:

Traceback (most recent call last):
  File "/usr/local/lib/python3.12/site-packages/django/core/handlers/exception.py", line 55, in inner
    response = get_response(request)
               ^^^^^^^^^^^^^^^^^^^^^
  File "/usr/local/lib/python3.12/site-packages/django/core/handlers/base.py", line 221, in _get_response
    response = response.render()
               ^^^^^^^^^^^^^^^^^
  File "/usr/local/lib/python3.12/site-packages/django/template/response.py", line 114, in render
    self.content = self.rendered_content
                   ^^^^^^^^^^^^^^^^^^^^^
  File "/usr/local/lib/python3.12/site-packages/django/template/response.py", line 90, in rendered_content
    template = self.resolve_template(self.template_name)
               ^^^^^^^^^^^^^^^^^^^^^^^^^^^^^^^^^^^^^^^^^
  File "/usr/local/lib/python3.12/site-packages/django/template/response.py", line 72, in resolve_template
    return select_template(template, using=self.using)
           ^^^^^^^^^^^^^^^^^^^^^^^^^^^^^^^^^^^^^^^^^^^
  File "/usr/local/lib/python3.12/site-packages/django/template/loader.py", line 42, in select_template
    return engine.get_template(template_name)
           ^^^^^^^^^^^^^^^^^^^^^^^^^^^^^^^^^^
  File "/usr/local/lib/python3.12/site-packages/django/template/backends/django.py", line 79, in get_template
    return Template(self.engine.get_template(template_name), self)
                    ^^^^^^^^^^^^^^^^^^^^^^^^^^^^^^^^^^^^^^^
  File "/usr/local/lib/python3.12/site-packages/django/template/engine.py", line 186, in get_template
    template, origin = self.find_template(template_name)
                       ^^^^^^^^^^^^^^^^^^^^^^^^^^^^^^^^^
  File "/usr/local/lib/python3.12/site-packages/django/template/engine.py", line 159, in find_template
    template = loader.get_template(name, skip=skip)
               ^^^^^^^^^^^^^^^^^^^^^^^^^^^^^^^^^^^^
  File "/usr/local/lib/python3.12/site-packages/django/template/loaders/cached.py", line 57, in get_template
    template = super().get_template(template_name, skip)
               ^^^^^^^^^^^^^^^^^^^^^^^^^^^^^^^^^^^^^^^^^
  File "/usr/local/lib/python3.12/site-packages/django/template/loaders/base.py", line 28, in get_template
    return Template(
           ^^^^^^^^^
  File "/usr/local/lib/python3.12/site-packages/django/template/base.py", line 157, in __init__
    self.nodelist = self.compile_nodelist()
                    ^^^^^^^^^^^^^^^^^^^^^^^
  File "/usr/local/lib/python3.12/site-packages/django/template/base.py", line 199, in compile_nodelist
    nodelist = parser.parse()
               ^^^^^^^^^^^^^^
  File "/usr/local/lib/python3.12/site-packages/django/template/base.py", line 585, in parse
    raise self.error(token, e)
  File "/usr/local/lib/python3.12/site-packages/django/template/base.py", line 583, in parse
    compiled_result = compile_func(self, token)
                      ^^^^^^^^^^^^^^^^^^^^^^^^^
  File "/usr/local/lib/python3.12/site-packages/django/template/loader_tags.py", line 307, in do_extends
    nodelist = parser.parse()
               ^^^^^^^^^^^^^^
  File "/usr/local/lib/python3.12/site-packages/django/template/base.py", line 585, in parse
    raise self.error(token, e)
  File "/usr/local/lib/python3.12/site-packages/django/template/base.py", line 583, in parse
    compiled_result = compile_func(self, token)
                      ^^^^^^^^^^^^^^^^^^^^^^^^^
  File "/usr/local/lib/python3.12/site-packages/django/template/loader_tags.py", line 235, in do_block
    nodelist = parser.parse(("endblock",))
               ^^^^^^^^^^^^^^^^^^^^^^^^^^^
  File "/usr/local/lib/python3.12/site-packages/django/template/base.py", line 585, in parse
    raise self.error(token, e)
  File "/usr/local/lib/python3.12/site-packages/django/template/base.py", line 583, in parse
    compiled_result = compile_func(self, token)
                      ^^^^^^^^^^^^^^^^^^^^^^^^^
  File "/usr/local/lib/python3.12/site-packages/django/template/defaulttags.py", line 894, in do_for
    nodelist_loop = parser.parse(
                    ^^^^^^^^^^^^^
  File "/usr/local/lib/python3.12/site-packages/django/template/base.py", line 579, in parse
    self.invalid_block_tag(token, command, parse_until)
  File "/usr/local/lib/python3.12/site-packages/django/template/base.py", line 634, in invalid_block_tag
    raise self.error(
django.template.exceptions.TemplateSyntaxError: Template: /app/shop_app/templates/shop_app/book_list.html, Invalid block tag on line 47: 'endblocktranslate', expected 'empty' or 'endfor'. Did you forget to register or load this tag?
INFO 2026-07-01 12:24:03,948 middleware Запит до /catalog/ зайняв 0.0376 секунд.
ERROR 2026-07-01 12:24:03,948 log "GET /catalog/ HTTP/1.1" 500 227769
ERROR 2026-07-01 12:24:51,210 log Internal Server Error: /catalog/
Traceback (most recent call last):
  File "/usr/local/lib/python3.12/site-packages/django/template/base.py", line 577, in parse
    compile_func = self.tags[command]
                   ~~~~~~~~~^^^^^^^^^
KeyError: 'endblocktranslate'

During handling of the above exception, another exception occurred:

Traceback (most recent call last):
  File "/usr/local/lib/python3.12/site-packages/django/core/handlers/exception.py", line 55, in inner
    response = get_response(request)
               ^^^^^^^^^^^^^^^^^^^^^
  File "/usr/local/lib/python3.12/site-packages/django/core/handlers/base.py", line 221, in _get_response
    response = response.render()
               ^^^^^^^^^^^^^^^^^
  File "/usr/local/lib/python3.12/site-packages/django/template/response.py", line 114, in render
    self.content = self.rendered_content
                   ^^^^^^^^^^^^^^^^^^^^^
  File "/usr/local/lib/python3.12/site-packages/django/template/response.py", line 90, in rendered_content
    template = self.resolve_template(self.template_name)
               ^^^^^^^^^^^^^^^^^^^^^^^^^^^^^^^^^^^^^^^^^
  File "/usr/local/lib/python3.12/site-packages/django/template/response.py", line 72, in resolve_template
    return select_template(template, using=self.using)
           ^^^^^^^^^^^^^^^^^^^^^^^^^^^^^^^^^^^^^^^^^^^
  File "/usr/local/lib/python3.12/site-packages/django/template/loader.py", line 42, in select_template
    return engine.get_template(template_name)
           ^^^^^^^^^^^^^^^^^^^^^^^^^^^^^^^^^^
  File "/usr/local/lib/python3.12/site-packages/django/template/backends/django.py", line 79, in get_template
    return Template(self.engine.get_template(template_name), self)
                    ^^^^^^^^^^^^^^^^^^^^^^^^^^^^^^^^^^^^^^^
  File "/usr/local/lib/python3.12/site-packages/django/template/engine.py", line 186, in get_template
    template, origin = self.find_template(template_name)
                       ^^^^^^^^^^^^^^^^^^^^^^^^^^^^^^^^^
  File "/usr/local/lib/python3.12/site-packages/django/template/engine.py", line 159, in find_template
    template = loader.get_template(name, skip=skip)
               ^^^^^^^^^^^^^^^^^^^^^^^^^^^^^^^^^^^^
  File "/usr/local/lib/python3.12/site-packages/django/template/loaders/cached.py", line 57, in get_template
    template = super().get_template(template_name, skip)
               ^^^^^^^^^^^^^^^^^^^^^^^^^^^^^^^^^^^^^^^^^
  File "/usr/local/lib/python3.12/site-packages/django/template/loaders/base.py", line 28, in get_template
    return Template(
           ^^^^^^^^^
  File "/usr/local/lib/python3.12/site-packages/django/template/base.py", line 157, in __init__
    self.nodelist = self.compile_nodelist()
                    ^^^^^^^^^^^^^^^^^^^^^^^
  File "/usr/local/lib/python3.12/site-packages/django/template/base.py", line 199, in compile_nodelist
    nodelist = parser.parse()
               ^^^^^^^^^^^^^^
  File "/usr/local/lib/python3.12/site-packages/django/template/base.py", line 585, in parse
    raise self.error(token, e)
  File "/usr/local/lib/python3.12/site-packages/django/template/base.py", line 583, in parse
    compiled_result = compile_func(self, token)
                      ^^^^^^^^^^^^^^^^^^^^^^^^^
  File "/usr/local/lib/python3.12/site-packages/django/template/loader_tags.py", line 307, in do_extends
    nodelist = parser.parse()
               ^^^^^^^^^^^^^^
  File "/usr/local/lib/python3.12/site-packages/django/template/base.py", line 585, in parse
    raise self.error(token, e)
  File "/usr/local/lib/python3.12/site-packages/django/template/base.py", line 583, in parse
    compiled_result = compile_func(self, token)
                      ^^^^^^^^^^^^^^^^^^^^^^^^^
  File "/usr/local/lib/python3.12/site-packages/django/template/loader_tags.py", line 235, in do_block
    nodelist = parser.parse(("endblock",))
               ^^^^^^^^^^^^^^^^^^^^^^^^^^^
  File "/usr/local/lib/python3.12/site-packages/django/template/base.py", line 585, in parse
    raise self.error(token, e)
  File "/usr/local/lib/python3.12/site-packages/django/template/base.py", line 583, in parse
    compiled_result = compile_func(self, token)
                      ^^^^^^^^^^^^^^^^^^^^^^^^^
  File "/usr/local/lib/python3.12/site-packages/django/template/defaulttags.py", line 894, in do_for
    nodelist_loop = parser.parse(
                    ^^^^^^^^^^^^^
  File "/usr/local/lib/python3.12/site-packages/django/template/base.py", line 579, in parse
    self.invalid_block_tag(token, command, parse_until)
  File "/usr/local/lib/python3.12/site-packages/django/template/base.py", line 634, in invalid_block_tag
    raise self.error(
django.template.exceptions.TemplateSyntaxError: Template: /app/shop_app/templates/shop_app/book_list.html, Invalid block tag on line 47: 'endblocktranslate', expected 'empty' or 'endfor'. Did you forget to register or load this tag?
INFO 2026-07-01 12:24:51,211 middleware Запит до /catalog/ зайняв 0.0379 секунд.
ERROR 2026-07-01 12:24:51,211 log "GET /catalog/ HTTP/1.1" 500 227815
ERROR 2026-07-01 12:25:12,825 log Internal Server Error: /catalog/
Traceback (most recent call last):
  File "/usr/local/lib/python3.12/site-packages/django/template/base.py", line 577, in parse
    compile_func = self.tags[command]
                   ~~~~~~~~~^^^^^^^^^
KeyError: 'endblocktranslate'

During handling of the above exception, another exception occurred:

Traceback (most recent call last):
  File "/usr/local/lib/python3.12/site-packages/django/core/handlers/exception.py", line 55, in inner
    response = get_response(request)
               ^^^^^^^^^^^^^^^^^^^^^
  File "/usr/local/lib/python3.12/site-packages/django/core/handlers/base.py", line 221, in _get_response
    response = response.render()
               ^^^^^^^^^^^^^^^^^
  File "/usr/local/lib/python3.12/site-packages/django/template/response.py", line 114, in render
    self.content = self.rendered_content
                   ^^^^^^^^^^^^^^^^^^^^^
  File "/usr/local/lib/python3.12/site-packages/django/template/response.py", line 90, in rendered_content
    template = self.resolve_template(self.template_name)
               ^^^^^^^^^^^^^^^^^^^^^^^^^^^^^^^^^^^^^^^^^
  File "/usr/local/lib/python3.12/site-packages/django/template/response.py", line 72, in resolve_template
    return select_template(template, using=self.using)
           ^^^^^^^^^^^^^^^^^^^^^^^^^^^^^^^^^^^^^^^^^^^
  File "/usr/local/lib/python3.12/site-packages/django/template/loader.py", line 42, in select_template
    return engine.get_template(template_name)
           ^^^^^^^^^^^^^^^^^^^^^^^^^^^^^^^^^^
  File "/usr/local/lib/python3.12/site-packages/django/template/backends/django.py", line 79, in get_template
    return Template(self.engine.get_template(template_name), self)
                    ^^^^^^^^^^^^^^^^^^^^^^^^^^^^^^^^^^^^^^^
  File "/usr/local/lib/python3.12/site-packages/django/template/engine.py", line 186, in get_template
    template, origin = self.find_template(template_name)
                       ^^^^^^^^^^^^^^^^^^^^^^^^^^^^^^^^^
  File "/usr/local/lib/python3.12/site-packages/django/template/engine.py", line 159, in find_template
    template = loader.get_template(name, skip=skip)
               ^^^^^^^^^^^^^^^^^^^^^^^^^^^^^^^^^^^^
  File "/usr/local/lib/python3.12/site-packages/django/template/loaders/cached.py", line 57, in get_template
    template = super().get_template(template_name, skip)
               ^^^^^^^^^^^^^^^^^^^^^^^^^^^^^^^^^^^^^^^^^
  File "/usr/local/lib/python3.12/site-packages/django/template/loaders/base.py", line 28, in get_template
    return Template(
           ^^^^^^^^^
  File "/usr/local/lib/python3.12/site-packages/django/template/base.py", line 157, in __init__
    self.nodelist = self.compile_nodelist()
                    ^^^^^^^^^^^^^^^^^^^^^^^
  File "/usr/local/lib/python3.12/site-packages/django/template/base.py", line 199, in compile_nodelist
    nodelist = parser.parse()
               ^^^^^^^^^^^^^^
  File "/usr/local/lib/python3.12/site-packages/django/template/base.py", line 585, in parse
    raise self.error(token, e)
  File "/usr/local/lib/python3.12/site-packages/django/template/base.py", line 583, in parse
    compiled_result = compile_func(self, token)
                      ^^^^^^^^^^^^^^^^^^^^^^^^^
  File "/usr/local/lib/python3.12/site-packages/django/template/loader_tags.py", line 307, in do_extends
    nodelist = parser.parse()
               ^^^^^^^^^^^^^^
  File "/usr/local/lib/python3.12/site-packages/django/template/base.py", line 585, in parse
    raise self.error(token, e)
  File "/usr/local/lib/python3.12/site-packages/django/template/base.py", line 583, in parse
    compiled_result = compile_func(self, token)
                      ^^^^^^^^^^^^^^^^^^^^^^^^^
  File "/usr/local/lib/python3.12/site-packages/django/template/loader_tags.py", line 235, in do_block
    nodelist = parser.parse(("endblock",))
               ^^^^^^^^^^^^^^^^^^^^^^^^^^^
  File "/usr/local/lib/python3.12/site-packages/django/template/base.py", line 585, in parse
    raise self.error(token, e)
  File "/usr/local/lib/python3.12/site-packages/django/template/base.py", line 583, in parse
    compiled_result = compile_func(self, token)
                      ^^^^^^^^^^^^^^^^^^^^^^^^^
  File "/usr/local/lib/python3.12/site-packages/django/template/defaulttags.py", line 894, in do_for
    nodelist_loop = parser.parse(
                    ^^^^^^^^^^^^^
  File "/usr/local/lib/python3.12/site-packages/django/template/base.py", line 579, in parse
    self.invalid_block_tag(token, command, parse_until)
  File "/usr/local/lib/python3.12/site-packages/django/template/base.py", line 634, in invalid_block_tag
    raise self.error(
django.template.exceptions.TemplateSyntaxError: Template: /app/shop_app/templates/shop_app/book_list.html, Invalid block tag on line 47: 'endblocktranslate', expected 'empty' or 'endfor'. Did you forget to register or load this tag?
INFO 2026-07-01 12:25:12,826 middleware Запит до /catalog/ зайняв 0.0366 секунд.
ERROR 2026-07-01 12:25:12,826 log "GET /catalog/ HTTP/1.1" 500 227804
INFO 2026-07-01 12:27:45,203 middleware Запит до /catalog/ зайняв 0.0224 секунд.
INFO 2026-07-01 12:27:45,204 log "GET /catalog/ HTTP/1.1" 200 8935
INFO 2026-07-01 12:27:49,086 middleware Запит до /i18n/setlang/ зайняв 0.0007 секунд.
INFO 2026-07-01 12:27:49,086 log "POST /i18n/setlang/ HTTP/1.1" 302 0
INFO 2026-07-01 12:27:49,106 middleware Запит до /catalog/ зайняв 0.0164 секунд.
INFO 2026-07-01 12:27:49,107 log "GET /catalog/ HTTP/1.1" 200 9014
INFO 2026-07-01 12:27:51,659 middleware Запит до /i18n/setlang/ зайняв 0.0007 секунд.
INFO 2026-07-01 12:27:51,660 log "POST /i18n/setlang/ HTTP/1.1" 302 0
INFO 2026-07-01 12:27:51,678 middleware Запит до /catalog/ зайняв 0.0152 секунд.
INFO 2026-07-01 12:27:51,679 log "GET /catalog/ HTTP/1.1" 200 8935
INFO 2026-07-01 12:37:47,915 autoreload Watching for file changes with StatReloader
INFO 2026-07-01 12:46:18,215 middleware Запит до /catalog/ зайняв 0.0228 секунд.
INFO 2026-07-01 12:46:18,217 log "GET /catalog/ HTTP/1.1" 200 8935
INFO 2026-07-01 12:46:22,797 middleware Запит до /i18n/setlang/ зайняв 0.0007 секунд.
INFO 2026-07-01 12:46:22,797 log "POST /i18n/setlang/ HTTP/1.1" 302 0
INFO 2026-07-01 12:46:22,819 middleware Запит до /catalog/ зайняв 0.0169 секунд.
INFO 2026-07-01 12:46:22,820 log "GET /catalog/ HTTP/1.1" 200 9014
INFO 2026-07-01 12:46:24,839 middleware Запит до /i18n/setlang/ зайняв 0.0010 секунд.
INFO 2026-07-01 12:46:24,840 log "POST /i18n/setlang/ HTTP/1.1" 302 0
INFO 2026-07-01 12:46:24,867 middleware Запит до /catalog/ зайняв 0.0167 секунд.
INFO 2026-07-01 12:46:24,867 log "GET /catalog/ HTTP/1.1" 200 8935
INFO 2026-07-01 12:46:56,983 middleware Запит до /i18n/setlang/ зайняв 0.0007 секунд.
INFO 2026-07-01 12:46:56,984 log "POST /i18n/setlang/ HTTP/1.1" 302 0
INFO 2026-07-01 12:46:57,005 middleware Запит до /catalog/ зайняв 0.0174 секунд.
INFO 2026-07-01 12:46:57,006 log "GET /catalog/ HTTP/1.1" 200 9014
INFO 2026-07-01 13:02:40,727 middleware Запит до /catalog/ зайняв 0.0196 секунд.
INFO 2026-07-01 13:02:40,728 log "GET /catalog/ HTTP/1.1" 200 9014
INFO 2026-07-01 13:02:43,037 middleware Запит до /i18n/setlang/ зайняв 0.0007 секунд.
INFO 2026-07-01 13:02:43,037 log "POST /i18n/setlang/ HTTP/1.1" 302 0
INFO 2026-07-01 13:02:43,061 middleware Запит до /catalog/ зайняв 0.0160 секунд.
INFO 2026-07-01 13:02:43,061 log "GET /catalog/ HTTP/1.1" 200 8935
INFO 2026-07-01 13:02:45,010 middleware Запит до /i18n/setlang/ зайняв 0.0005 секунд.
INFO 2026-07-01 13:02:45,011 log "POST /i18n/setlang/ HTTP/1.1" 302 0
INFO 2026-07-01 13:02:45,032 middleware Запит до /catalog/ зайняв 0.0151 секунд.
INFO 2026-07-01 13:02:45,033 log "GET /catalog/ HTTP/1.1" 200 9014
INFO 2026-07-01 13:03:12,735 middleware Запит до /i18n/setlang/ зайняв 0.0008 секунд.
INFO 2026-07-01 13:03:12,736 log "POST /i18n/setlang/ HTTP/1.1" 302 0
INFO 2026-07-01 13:03:12,763 middleware Запит до /catalog/ зайняв 0.0220 секунд.
INFO 2026-07-01 13:03:12,763 log "GET /catalog/ HTTP/1.1" 200 8935
INFO 2026-07-01 13:03:14,649 middleware Запит до /catalog/ зайняв 0.0177 секунд.
INFO 2026-07-01 13:03:14,649 log "GET /catalog/ HTTP/1.1" 200 8935
INFO 2026-07-01 13:03:17,645 middleware Запит до /i18n/setlang/ зайняв 0.0006 секунд.
INFO 2026-07-01 13:03:17,645 log "POST /i18n/setlang/ HTTP/1.1" 302 0
INFO 2026-07-01 13:03:17,669 middleware Запит до /catalog/ зайняв 0.0168 секунд.
INFO 2026-07-01 13:03:17,670 log "GET /catalog/ HTTP/1.1" 200 9014
INFO 2026-07-01 13:03:19,532 middleware Запит до /i18n/setlang/ зайняв 0.0006 секунд.
INFO 2026-07-01 13:03:19,532 log "POST /i18n/setlang/ HTTP/1.1" 302 0
INFO 2026-07-01 13:03:19,551 middleware Запит до /catalog/ зайняв 0.0161 секунд.
INFO 2026-07-01 13:03:19,552 log "GET /catalog/ HTTP/1.1" 200 8935
INFO 2026-07-01 13:03:23,613 middleware Запит до /i18n/setlang/ зайняв 0.0005 секунд.
INFO 2026-07-01 13:03:23,614 log "POST /i18n/setlang/ HTTP/1.1" 302 0
INFO 2026-07-01 13:03:23,637 middleware Запит до /catalog/ зайняв 0.0165 секунд.
INFO 2026-07-01 13:03:23,637 log "GET /catalog/ HTTP/1.1" 200 9014
INFO 2026-07-01 13:03:25,586 middleware Запит до /i18n/setlang/ зайняв 0.0007 секунд.
INFO 2026-07-01 13:03:25,587 log "POST /i18n/setlang/ HTTP/1.1" 302 0
INFO 2026-07-01 13:03:25,611 middleware Запит до /catalog/ зайняв 0.0190 секунд.
INFO 2026-07-01 13:03:25,612 log "GET /catalog/ HTTP/1.1" 200 8935
INFO 2026-07-01 13:03:30,284 middleware Запит до /1/ зайняв 0.0194 секунд.
INFO 2026-07-01 13:03:30,285 log "GET /1/ HTTP/1.1" 200 5583
INFO 2026-07-01 13:03:33,469 middleware Запит до /i18n/setlang/ зайняв 0.0006 секунд.
INFO 2026-07-01 13:03:33,470 log "POST /i18n/setlang/ HTTP/1.1" 302 0
INFO 2026-07-01 13:03:33,492 middleware Запит до /1/ зайняв 0.0141 секунд.
INFO 2026-07-01 13:03:33,492 log "GET /1/ HTTP/1.1" 200 5662
INFO 2026-07-01 13:03:36,331 middleware Запит до /i18n/setlang/ зайняв 0.0006 секунд.
INFO 2026-07-01 13:03:36,331 log "POST /i18n/setlang/ HTTP/1.1" 302 0
INFO 2026-07-01 13:03:36,353 middleware Запит до /1/ зайняв 0.0124 секунд.
INFO 2026-07-01 13:03:36,353 log "GET /1/ HTTP/1.1" 200 5583
INFO 2026-07-01 13:03:48,392 middleware Запит до / зайняв 0.0196 секунд.
INFO 2026-07-01 13:03:48,393 log "GET / HTTP/1.1" 200 10162
INFO 2026-07-01 13:03:49,525 middleware Запит до /catalog/ зайняв 0.0149 секунд.
INFO 2026-07-01 13:03:49,526 log "GET /catalog/ HTTP/1.1" 200 8935
INFO 2026-07-01 13:04:06,409 middleware Запит до /catalog/ зайняв 0.0162 секунд.
INFO 2026-07-01 13:04:06,409 log "GET /catalog/ HTTP/1.1" 200 8935
INFO 2026-07-01 13:04:08,169 middleware Запит до /catalog/ зайняв 0.0186 секунд.
INFO 2026-07-01 13:04:08,170 log "GET /catalog/ HTTP/1.1" 200 8935
INFO 2026-07-01 13:04:12,804 middleware Запит до /i18n/setlang/ зайняв 0.0006 секунд.
INFO 2026-07-01 13:04:12,804 log "POST /i18n/setlang/ HTTP/1.1" 302 0
INFO 2026-07-01 13:04:12,826 middleware Запит до /catalog/ зайняв 0.0130 секунд.
INFO 2026-07-01 13:04:12,826 log "GET /catalog/ HTTP/1.1" 200 9014
INFO 2026-07-01 13:04:14,200 middleware Запит до /i18n/setlang/ зайняв 0.0007 секунд.
INFO 2026-07-01 13:04:14,201 log "POST /i18n/setlang/ HTTP/1.1" 302 0
INFO 2026-07-01 13:04:14,224 middleware Запит до /catalog/ зайняв 0.0162 секунд.
INFO 2026-07-01 13:04:14,225 log "GET /catalog/ HTTP/1.1" 200 8935
INFO 2026-07-01 13:07:57,125 middleware Запит до /catalog/ зайняв 0.0209 секунд.
INFO 2026-07-01 13:07:57,126 log "GET /catalog/ HTTP/1.1" 200 8918
INFO 2026-07-01 13:07:59,941 middleware Запит до /i18n/setlang/ зайняв 0.0006 секунд.
INFO 2026-07-01 13:07:59,942 log "POST /i18n/setlang/ HTTP/1.1" 302 0
INFO 2026-07-01 13:07:59,965 middleware Запит до /catalog/ зайняв 0.0156 секунд.
INFO 2026-07-01 13:07:59,966 log "GET /catalog/ HTTP/1.1" 200 9014
INFO 2026-07-01 13:08:02,676 middleware Запит до /i18n/setlang/ зайняв 0.0006 секунд.
INFO 2026-07-01 13:08:02,677 log "POST /i18n/setlang/ HTTP/1.1" 302 0
INFO 2026-07-01 13:08:02,695 middleware Запит до /catalog/ зайняв 0.0157 секунд.
INFO 2026-07-01 13:08:02,696 log "GET /catalog/ HTTP/1.1" 200 8918
INFO 2026-07-01 13:08:08,740 middleware Запит до /catalog/ зайняв 0.0185 секунд.
INFO 2026-07-01 13:08:08,741 log "GET /catalog/?page=2 HTTP/1.1" 200 8987
INFO 2026-07-01 13:08:10,140 middleware Запит до /catalog/ зайняв 0.0175 секунд.
INFO 2026-07-01 13:08:10,141 log "GET /catalog/?page=3 HTTP/1.1" 200 9009
INFO 2026-07-01 13:08:10,764 middleware Запит до /catalog/ зайняв 0.0178 секунд.
INFO 2026-07-01 13:08:10,765 log "GET /catalog/?page=4 HTTP/1.1" 200 8173
INFO 2026-07-01 13:08:11,893 middleware Запит до /catalog/ зайняв 0.0161 секунд.
INFO 2026-07-01 13:08:11,894 log "GET /catalog/?page=3 HTTP/1.1" 200 9009
INFO 2026-07-01 13:08:13,032 middleware Запит до /catalog/ зайняв 0.0195 секунд.
INFO 2026-07-01 13:08:13,033 log "GET /catalog/?page=2 HTTP/1.1" 200 8987
INFO 2026-07-01 13:08:13,470 middleware Запит до /catalog/ зайняв 0.0113 секунд.
INFO 2026-07-01 13:08:13,471 log "GET /catalog/?page=1 HTTP/1.1" 200 8918
INFO 2026-07-01 13:08:14,727 middleware Запит до /1/ зайняв 0.0148 секунд.
INFO 2026-07-01 13:08:14,728 log "GET /1/ HTTP/1.1" 200 5583
INFO 2026-07-01 13:08:22,336 middleware Запит до /catalog/ зайняв 0.0160 секунд.
INFO 2026-07-01 13:08:22,337 log "GET /catalog/ HTTP/1.1" 200 8918
INFO 2026-07-01 13:08:23,287 middleware Запит до /catalog/ зайняв 0.0164 секунд.
INFO 2026-07-01 13:08:23,287 log "GET /catalog/ HTTP/1.1" 200 8918
INFO 2026-07-01 13:10:29,630 middleware Запит до / зайняв 0.0182 секунд.
INFO 2026-07-01 13:10:29,631 log "GET / HTTP/1.1" 200 10162
INFO 2026-07-01 13:10:30,313 middleware Запит до /catalog/ зайняв 0.0179 секунд.
INFO 2026-07-01 13:10:30,314 log "GET /catalog/ HTTP/1.1" 200 8918
INFO 2026-07-01 13:10:42,503 middleware Запит до /catalog/ зайняв 0.0181 секунд.
INFO 2026-07-01 13:10:42,503 log "GET /catalog/ HTTP/1.1" 200 8918
INFO 2026-07-01 13:10:43,606 middleware Запит до /catalog/ зайняв 0.0164 секунд.
INFO 2026-07-01 13:10:43,607 log "GET /catalog/ HTTP/1.1" 200 8918
INFO 2026-07-01 13:10:45,250 middleware Запит до /i18n/setlang/ зайняв 0.0005 секунд.
INFO 2026-07-01 13:10:45,251 log "POST /i18n/setlang/ HTTP/1.1" 302 0
INFO 2026-07-01 13:10:45,271 middleware Запит до /catalog/ зайняв 0.0155 секунд.
INFO 2026-07-01 13:10:45,272 log "GET /catalog/ HTTP/1.1" 200 9014
INFO 2026-07-01 13:10:46,842 middleware Запит до /i18n/setlang/ зайняв 0.0006 секунд.
INFO 2026-07-01 13:10:46,843 log "POST /i18n/setlang/ HTTP/1.1" 302 0
INFO 2026-07-01 13:10:46,862 middleware Запит до /catalog/ зайняв 0.0157 секунд.
INFO 2026-07-01 13:10:46,863 log "GET /catalog/ HTTP/1.1" 200 8918
INFO 2026-07-01 13:10:48,885 middleware Запит до /2/ зайняв 0.0154 секунд.
INFO 2026-07-01 13:10:48,886 log "GET /2/ HTTP/1.1" 200 5605
INFO 2026-07-01 13:10:48,900 middleware Запит до /images/covers/The_Master_and_Margarita_.jpg зайняв 0.0007 секунд.
INFO 2026-07-01 13:10:48,900 log "GET /images/covers/The_Master_and_Margarita_.jpg HTTP/1.1" 304 0
INFO 2026-07-01 13:10:53,677 middleware Запит до /catalog/ зайняв 0.0167 секунд.
INFO 2026-07-01 13:10:53,678 log "GET /catalog/ HTTP/1.1" 200 8918
INFO 2026-07-01 13:10:54,830 middleware Запит до / зайняв 0.0187 секунд.
INFO 2026-07-01 13:10:54,831 log "GET / HTTP/1.1" 200 10162
INFO 2026-07-01 13:10:58,762 middleware Запит до /catalog/ зайняв 0.0174 секунд.
INFO 2026-07-01 13:10:58,763 log "GET /catalog/ HTTP/1.1" 200 8918
INFO 2026-07-01 13:11:00,749 middleware Запит до / зайняв 0.0171 секунд.
INFO 2026-07-01 13:11:00,750 log "GET / HTTP/1.1" 200 10162
INFO 2026-07-01 13:11:01,463 middleware Запит до /catalog/ зайняв 0.0148 секунд.
INFO 2026-07-01 13:11:01,464 log "GET /catalog/ HTTP/1.1" 200 8918
INFO 2026-07-01 13:11:04,471 middleware Запит до /catalog/ зайняв 0.0175 секунд.
INFO 2026-07-01 13:11:04,472 log "GET /catalog/?category=6 HTTP/1.1" 200 7578
INFO 2026-07-01 13:11:06,287 middleware Запит до /catalog/ зайняв 0.0169 секунд.
INFO 2026-07-01 13:11:06,287 log "GET /catalog/ HTTP/1.1" 200 8918
INFO 2026-07-01 13:11:07,137 middleware Запит до /catalog/ зайняв 0.0156 секунд.
INFO 2026-07-01 13:11:07,138 log "GET /catalog/?search= HTTP/1.1" 200 8918
INFO 2026-07-01 13:11:08,220 middleware Запит до /catalog/ зайняв 0.0162 секунд.
INFO 2026-07-01 13:11:08,221 log "GET /catalog/ HTTP/1.1" 200 8918
INFO 2026-07-01 13:11:09,088 middleware Запит до / зайняв 0.0182 секунд.
INFO 2026-07-01 13:11:09,089 log "GET / HTTP/1.1" 200 10162
INFO 2026-07-01 13:11:11,830 middleware Запит до /catalog/ зайняв 0.0178 секунд.
INFO 2026-07-01 13:11:11,831 log "GET /catalog/ HTTP/1.1" 200 8918
INFO 2026-07-01 13:15:32,291 middleware Запит до /catalog/ зайняв 0.0205 секунд.
INFO 2026-07-01 13:15:32,292 log "GET /catalog/ HTTP/1.1" 200 8918
INFO 2026-07-01 13:15:36,376 middleware Запит до /catalog/ зайняв 0.0162 секунд.
INFO 2026-07-01 13:15:36,377 log "GET /catalog/ HTTP/1.1" 200 8918
INFO 2026-07-01 13:15:37,061 middleware Запит до / зайняв 0.0174 секунд.
INFO 2026-07-01 13:15:37,062 log "GET / HTTP/1.1" 200 10162
INFO 2026-07-01 13:15:37,693 middleware Запит до /catalog/ зайняв 0.0167 секунд.
INFO 2026-07-01 13:15:37,694 log "GET /catalog/ HTTP/1.1" 200 8918
INFO 2026-07-01 13:15:40,207 middleware Запит до /i18n/setlang/ зайняв 0.0006 секунд.
INFO 2026-07-01 13:15:40,208 log "POST /i18n/setlang/ HTTP/1.1" 302 0
INFO 2026-07-01 13:15:40,227 middleware Запит до /catalog/ зайняв 0.0166 секунд.
INFO 2026-07-01 13:15:40,228 log "GET /catalog/ HTTP/1.1" 200 9014
INFO 2026-07-01 13:15:41,869 middleware Запит до /i18n/setlang/ зайняв 0.0006 секунд.
INFO 2026-07-01 13:15:41,870 log "POST /i18n/setlang/ HTTP/1.1" 302 0
INFO 2026-07-01 13:15:41,890 middleware Запит до /catalog/ зайняв 0.0161 секунд.
INFO 2026-07-01 13:15:41,891 log "GET /catalog/ HTTP/1.1" 200 8918
INFO 2026-07-01 13:16:21,921 middleware Запит до /catalog/ зайняв 0.0174 секунд.
INFO 2026-07-01 13:16:21,922 log "GET /catalog/?category=1 HTTP/1.1" 200 6920
INFO 2026-07-01 13:16:22,561 middleware Запит до /catalog/ зайняв 0.0140 секунд.
INFO 2026-07-01 13:16:22,562 log "GET /catalog/?category=6 HTTP/1.1" 200 7578
INFO 2026-07-01 13:16:23,703 middleware Запит до /catalog/ зайняв 0.0172 секунд.
INFO 2026-07-01 13:16:23,704 log "GET /catalog/ HTTP/1.1" 200 8918
INFO 2026-07-01 13:16:24,869 middleware Запит до / зайняв 0.0168 секунд.
INFO 2026-07-01 13:16:24,870 log "GET / HTTP/1.1" 200 10162
INFO 2026-07-01 13:16:27,836 middleware Запит до /catalog/ зайняв 0.0162 секунд.
INFO 2026-07-01 13:16:27,836 log "GET /catalog/ HTTP/1.1" 200 8918
INFO 2026-07-01 13:17:32,001 middleware Запит до /catalog/ зайняв 0.0194 секунд.
INFO 2026-07-01 13:17:32,004 log "GET /catalog/ HTTP/1.1" 200 8907
INFO 2026-07-01 13:17:34,930 middleware Запит до /i18n/setlang/ зайняв 0.0008 секунд.
INFO 2026-07-01 13:17:34,931 log "POST /i18n/setlang/ HTTP/1.1" 302 0
INFO 2026-07-01 13:17:34,955 middleware Запит до /catalog/ зайняв 0.0165 секунд.
INFO 2026-07-01 13:17:34,956 log "GET /catalog/ HTTP/1.1" 200 9014
INFO 2026-07-01 13:17:38,912 middleware Запит до /i18n/setlang/ зайняв 0.0005 секунд.
INFO 2026-07-01 13:17:38,913 log "POST /i18n/setlang/ HTTP/1.1" 302 0
INFO 2026-07-01 13:17:38,938 middleware Запит до /catalog/ зайняв 0.0123 секунд.
INFO 2026-07-01 13:17:38,939 log "GET /catalog/ HTTP/1.1" 200 8907
INFO 2026-07-01 13:25:38,994 middleware Запит до /catalog/ зайняв 0.0234 секунд.
INFO 2026-07-01 13:25:38,995 log "GET /catalog/ HTTP/1.1" 200 8894
INFO 2026-07-01 13:25:41,081 middleware Запит до /catalog/ зайняв 0.0164 секунд.
INFO 2026-07-01 13:25:41,081 log "GET /catalog/?page=2 HTTP/1.1" 200 8963
INFO 2026-07-01 13:25:42,039 middleware Запит до /catalog/ зайняв 0.0197 секунд.
INFO 2026-07-01 13:25:42,040 log "GET /catalog/?page=3 HTTP/1.1" 200 8985
INFO 2026-07-01 13:25:42,698 middleware Запит до /catalog/ зайняв 0.0155 секунд.
INFO 2026-07-01 13:25:42,698 log "GET /catalog/?page=4 HTTP/1.1" 200 8149
INFO 2026-07-01 13:25:44,106 middleware Запит до /catalog/ зайняв 0.0173 секунд.
INFO 2026-07-01 13:25:44,107 log "GET /catalog/?page=3 HTTP/1.1" 200 8985
INFO 2026-07-01 13:25:45,038 middleware Запит до /catalog/ зайняв 0.0180 секунд.
INFO 2026-07-01 13:25:45,039 log "GET /catalog/?page=2 HTTP/1.1" 200 8963
INFO 2026-07-01 13:25:45,822 middleware Запит до /catalog/ зайняв 0.0166 секунд.
INFO 2026-07-01 13:25:45,822 log "GET /catalog/?page=1 HTTP/1.1" 200 8894
INFO 2026-07-01 13:25:48,171 middleware Запит до /catalog/ зайняв 0.0152 секунд.
INFO 2026-07-01 13:25:48,172 log "GET /catalog/ HTTP/1.1" 200 8894
INFO 2026-07-01 13:25:50,914 middleware Запит до /i18n/setlang/ зайняв 0.0006 секунд.
INFO 2026-07-01 13:25:50,914 log "POST /i18n/setlang/ HTTP/1.1" 302 0
INFO 2026-07-01 13:25:50,935 middleware Запит до /catalog/ зайняв 0.0154 секунд.
INFO 2026-07-01 13:25:50,936 log "GET /catalog/ HTTP/1.1" 200 9013
INFO 2026-07-01 13:25:51,996 middleware Запит до /catalog/ зайняв 0.0171 секунд.
INFO 2026-07-01 13:25:51,997 log "GET /catalog/?page=2 HTTP/1.1" 200 9082
INFO 2026-07-01 13:25:53,329 middleware Запит до /catalog/ зайняв 0.0164 секунд.
INFO 2026-07-01 13:25:53,329 log "GET /catalog/?page=3 HTTP/1.1" 200 9104
INFO 2026-07-01 13:25:53,910 middleware Запит до /catalog/ зайняв 0.0158 секунд.
INFO 2026-07-01 13:25:53,911 log "GET /catalog/?page=4 HTTP/1.1" 200 8268
INFO 2026-07-01 13:25:55,110 middleware Запит до /catalog/ зайняв 0.0158 секунд.
INFO 2026-07-01 13:25:55,111 log "GET /catalog/?page=3 HTTP/1.1" 200 9104
INFO 2026-07-01 13:25:55,813 middleware Запит до /catalog/ зайняв 0.0171 секунд.
INFO 2026-07-01 13:25:55,814 log "GET /catalog/?page=2 HTTP/1.1" 200 9082
INFO 2026-07-01 13:25:56,360 middleware Запит до /catalog/ зайняв 0.0158 секунд.
INFO 2026-07-01 13:25:56,361 log "GET /catalog/?page=1 HTTP/1.1" 200 9013
INFO 2026-07-01 13:25:59,164 middleware Запит до /i18n/setlang/ зайняв 0.0007 секунд.
INFO 2026-07-01 13:25:59,165 log "POST /i18n/setlang/ HTTP/1.1" 302 0
INFO 2026-07-01 13:25:59,193 middleware Запит до /catalog/ зайняв 0.0164 секунд.
INFO 2026-07-01 13:25:59,193 log "GET /catalog/?page=1 HTTP/1.1" 200 8894
INFO 2026-07-01 13:26:25,771 middleware Запит до /catalog/ зайняв 0.0182 секунд.
INFO 2026-07-01 13:26:25,772 log "GET /catalog/?page=1 HTTP/1.1" 200 8886
INFO 2026-07-01 13:26:28,721 middleware Запит до /i18n/setlang/ зайняв 0.0006 секунд.
INFO 2026-07-01 13:26:28,721 log "POST /i18n/setlang/ HTTP/1.1" 302 0
INFO 2026-07-01 13:26:28,739 middleware Запит до /catalog/ зайняв 0.0154 секунд.
INFO 2026-07-01 13:26:28,740 log "GET /catalog/?page=1 HTTP/1.1" 200 9013
INFO 2026-07-01 13:26:30,813 middleware Запит до /i18n/setlang/ зайняв 0.0006 секунд.
INFO 2026-07-01 13:26:30,813 log "POST /i18n/setlang/ HTTP/1.1" 302 0
INFO 2026-07-01 13:26:30,831 middleware Запит до /catalog/ зайняв 0.0152 секунд.
INFO 2026-07-01 13:26:30,831 log "GET /catalog/?page=1 HTTP/1.1" 200 8886
INFO 2026-07-01 13:26:33,128 middleware Запит до /catalog/ зайняв 0.0168 секунд.
INFO 2026-07-01 13:26:33,128 log "GET /catalog/?page=2 HTTP/1.1" 200 8955
INFO 2026-07-01 13:26:34,094 middleware Запит до /catalog/ зайняв 0.0156 секунд.
INFO 2026-07-01 13:26:34,095 log "GET /catalog/?page=3 HTTP/1.1" 200 8977
INFO 2026-07-01 13:26:35,228 middleware Запит до /catalog/ зайняв 0.0167 секунд.
INFO 2026-07-01 13:26:35,229 log "GET /catalog/?page=4 HTTP/1.1" 200 8141
INFO 2026-07-01 13:26:36,506 middleware Запит до /catalog/ зайняв 0.0164 секунд.
INFO 2026-07-01 13:26:36,507 log "GET /catalog/?page=3 HTTP/1.1" 200 8977
INFO 2026-07-01 13:26:37,096 middleware Запит до /catalog/ зайняв 0.0171 секунд.
INFO 2026-07-01 13:26:37,097 log "GET /catalog/?page=2 HTTP/1.1" 200 8955
INFO 2026-07-01 13:26:37,676 middleware Запит до /catalog/ зайняв 0.0153 секунд.
INFO 2026-07-01 13:26:37,677 log "GET /catalog/?page=1 HTTP/1.1" 200 8886
INFO 2026-07-01 13:34:29,082 middleware Запит до /catalog/ зайняв 0.0194 секунд.
INFO 2026-07-01 13:34:29,084 log "GET /catalog/?page=1 HTTP/1.1" 200 8886
INFO 2026-07-01 13:34:34,549 middleware Запит до /catalog/ зайняв 0.0153 секунд.
INFO 2026-07-01 13:34:34,550 log "GET /catalog/?page=2 HTTP/1.1" 200 8955
INFO 2026-07-01 13:34:35,502 middleware Запит до /catalog/ зайняв 0.0178 секунд.
INFO 2026-07-01 13:34:35,503 log "GET /catalog/?page=3 HTTP/1.1" 200 8977
INFO 2026-07-01 13:34:36,575 middleware Запит до /catalog/ зайняв 0.0156 секунд.
INFO 2026-07-01 13:34:36,575 log "GET /catalog/?page=2 HTTP/1.1" 200 8955
INFO 2026-07-01 18:14:23,867 autoreload Watching for file changes with StatReloader
INFO 2026-07-01 18:14:52,124 middleware Запит до /catalog/ зайняв 0.0295 секунд.
INFO 2026-07-01 18:14:52,125 log "GET /catalog/?page=2 HTTP/1.1" 200 8955
INFO 2026-07-01 18:14:53,383 middleware Запит до / зайняв 0.0234 секунд.
INFO 2026-07-01 18:14:53,383 log "GET / HTTP/1.1" 200 10162
INFO 2026-07-01 18:14:54,127 middleware Запит до /catalog/ зайняв 0.0176 секунд.
INFO 2026-07-01 18:14:54,128 log "GET /catalog/ HTTP/1.1" 200 8886
INFO 2026-07-01 18:14:56,048 middleware Запит до /i18n/setlang/ зайняв 0.0018 секунд.
INFO 2026-07-01 18:14:56,048 log "POST /i18n/setlang/ HTTP/1.1" 302 0
INFO 2026-07-01 18:14:56,074 middleware Запит до /catalog/ зайняв 0.0164 секунд.
INFO 2026-07-01 18:14:56,074 log "GET /catalog/ HTTP/1.1" 200 9013
INFO 2026-07-01 18:14:58,310 middleware Запит до /i18n/setlang/ зайняв 0.0006 секунд.
INFO 2026-07-01 18:14:58,311 log "POST /i18n/setlang/ HTTP/1.1" 302 0
INFO 2026-07-01 18:14:58,336 middleware Запит до /catalog/ зайняв 0.0155 секунд.
INFO 2026-07-01 18:14:58,336 log "GET /catalog/ HTTP/1.1" 200 8886
INFO 2026-07-01 18:15:01,615 middleware Запит до /catalog/ зайняв 0.0161 секунд.
INFO 2026-07-01 18:15:01,616 log "GET /catalog/?page=2 HTTP/1.1" 200 8955
INFO 2026-07-01 18:15:03,135 middleware Запит до / зайняв 0.0185 секунд.
INFO 2026-07-01 18:15:03,139 log "GET / HTTP/1.1" 200 10162
INFO 2026-07-01 18:15:05,033 middleware Запит до /catalog/ зайняв 0.0157 секунд.
INFO 2026-07-01 18:15:05,033 log "GET /catalog/ HTTP/1.1" 200 8886
INFO 2026-07-01 18:15:06,264 middleware Запит до /catalog/ зайняв 0.0156 секунд.
INFO 2026-07-01 18:15:06,265 log "GET /catalog/ HTTP/1.1" 200 8886
INFO 2026-07-01 18:15:07,055 middleware Запит до / зайняв 0.0174 секунд.
INFO 2026-07-01 18:15:07,056 log "GET / HTTP/1.1" 200 10162
INFO 2026-07-01 18:25:13,247 autoreload Watching for file changes with StatReloader
INFO 2026-07-01 18:25:23,115 middleware Запит до / зайняв 0.0228 секунд.
INFO 2026-07-01 18:25:23,115 log "GET / HTTP/1.1" 200 10149
INFO 2026-07-01 18:25:27,060 middleware Запит до / зайняв 0.0177 секунд.
INFO 2026-07-01 18:25:27,061 log "GET / HTTP/1.1" 200 10149
INFO 2026-07-01 18:25:27,845 middleware Запит до /catalog/ зайняв 0.0192 секунд.
INFO 2026-07-01 18:25:27,846 log "GET /catalog/ HTTP/1.1" 200 8886
INFO 2026-07-01 18:25:28,411 middleware Запит до / зайняв 0.0181 секунд.
INFO 2026-07-01 18:25:28,412 log "GET / HTTP/1.1" 200 10149
INFO 2026-07-01 18:25:29,020 middleware Запит до /catalog/ зайняв 0.0147 секунд.
INFO 2026-07-01 18:25:29,021 log "GET /catalog/ HTTP/1.1" 200 8886
INFO 2026-07-01 18:25:30,411 middleware Запит до / зайняв 0.0176 секунд.
INFO 2026-07-01 18:25:30,412 log "GET / HTTP/1.1" 200 10149
INFO 2026-07-01 18:25:31,039 middleware Запит до / зайняв 0.0165 секунд.
INFO 2026-07-01 18:25:31,039 log "GET / HTTP/1.1" 200 10149
INFO 2026-07-01 18:25:31,644 middleware Запит до /catalog/ зайняв 0.0165 секунд.
INFO 2026-07-01 18:25:31,644 log "GET /catalog/ HTTP/1.1" 200 8886
INFO 2026-07-01 18:25:33,081 middleware Запит до /i18n/setlang/ зайняв 0.0006 секунд.
INFO 2026-07-01 18:25:33,082 log "POST /i18n/setlang/ HTTP/1.1" 302 0
INFO 2026-07-01 18:25:33,100 middleware Запит до /catalog/ зайняв 0.0124 секунд.
INFO 2026-07-01 18:25:33,101 log "GET /catalog/ HTTP/1.1" 200 9013
INFO 2026-07-01 18:25:35,822 middleware Запит до /i18n/setlang/ зайняв 0.0005 секунд.
INFO 2026-07-01 18:25:35,823 log "POST /i18n/setlang/ HTTP/1.1" 302 0
INFO 2026-07-01 18:25:35,847 middleware Запит до /catalog/ зайняв 0.0157 секунд.
INFO 2026-07-01 18:25:35,848 log "GET /catalog/ HTTP/1.1" 200 8886
INFO 2026-07-01 18:25:37,198 middleware Запит до /i18n/setlang/ зайняв 0.0007 секунд.
INFO 2026-07-01 18:25:37,198 log "POST /i18n/setlang/ HTTP/1.1" 302 0
INFO 2026-07-01 18:25:37,223 middleware Запит до /catalog/ зайняв 0.0155 секунд.
INFO 2026-07-01 18:25:37,224 log "GET /catalog/ HTTP/1.1" 200 9013
INFO 2026-07-01 18:25:37,933 middleware Запит до /catalog/ зайняв 0.0154 секунд.
INFO 2026-07-01 18:25:37,934 log "GET /catalog/ HTTP/1.1" 200 9013
INFO 2026-07-01 18:25:38,369 middleware Запит до / зайняв 0.0183 секунд.
INFO 2026-07-01 18:25:38,370 log "GET / HTTP/1.1" 200 10204
INFO 2026-07-01 18:25:40,421 middleware Запит до /i18n/setlang/ зайняв 0.0008 секунд.
INFO 2026-07-01 18:25:40,422 log "POST /i18n/setlang/ HTTP/1.1" 302 0
INFO 2026-07-01 18:25:40,449 middleware Запит до / зайняв 0.0174 секунд.
INFO 2026-07-01 18:25:40,450 log "GET / HTTP/1.1" 200 10149
INFO 2026-07-01 18:26:22,928 autoreload Watching for file changes with StatReloader
INFO 2026-07-01 18:28:47,055 middleware Запит до / зайняв 0.0172 секунд.
INFO 2026-07-01 18:28:47,056 log "GET / HTTP/1.1" 200 10149
INFO 2026-07-01 18:28:49,066 middleware Запит до /i18n/setlang/ зайняв 0.0006 секунд.
INFO 2026-07-01 18:28:49,067 log "POST /i18n/setlang/ HTTP/1.1" 302 0
INFO 2026-07-01 18:28:49,089 middleware Запит до / зайняв 0.0165 секунд.
INFO 2026-07-01 18:28:49,089 log "GET / HTTP/1.1" 200 10204
INFO 2026-07-01 18:28:50,679 middleware Запит до /i18n/setlang/ зайняв 0.0006 секунд.
INFO 2026-07-01 18:28:50,680 log "POST /i18n/setlang/ HTTP/1.1" 302 0
INFO 2026-07-01 18:28:50,702 middleware Запит до / зайняв 0.0169 секунд.
INFO 2026-07-01 18:28:50,703 log "GET / HTTP/1.1" 200 10149
INFO 2026-07-01 18:43:17,864 middleware Запит до / зайняв 0.0223 секунд.
INFO 2026-07-01 18:43:17,864 log "GET / HTTP/1.1" 200 10149
INFO 2026-07-01 18:43:19,764 middleware Запит до /catalog/ зайняв 0.0202 секунд.
INFO 2026-07-01 18:43:19,764 log "GET /catalog/ HTTP/1.1" 200 8886
INFO 2026-07-01 18:43:20,344 middleware Запит до / зайняв 0.0171 секунд.
INFO 2026-07-01 18:43:20,345 log "GET / HTTP/1.1" 200 10149
INFO 2026-07-01 18:46:21,318 middleware Запит до / зайняв 0.0197 секунд.
INFO 2026-07-01 18:46:21,321 log "GET / HTTP/1.1" 200 10061
INFO 2026-07-01 18:46:24,379 middleware Запит до /i18n/setlang/ зайняв 0.0007 секунд.
INFO 2026-07-01 18:46:24,380 log "POST /i18n/setlang/ HTTP/1.1" 302 0
INFO 2026-07-01 18:46:24,405 middleware Запит до / зайняв 0.0163 секунд.
INFO 2026-07-01 18:46:24,406 log "GET / HTTP/1.1" 200 10204
INFO 2026-07-01 18:46:27,045 middleware Запит до /i18n/setlang/ зайняв 0.0006 секунд.
INFO 2026-07-01 18:46:27,045 log "POST /i18n/setlang/ HTTP/1.1" 302 0
INFO 2026-07-01 18:46:27,076 middleware Запит до / зайняв 0.0173 секунд.
INFO 2026-07-01 18:46:27,077 log "GET / HTTP/1.1" 200 10061
INFO 2026-07-01 18:46:29,906 middleware Запит до /i18n/setlang/ зайняв 0.0008 секунд.
INFO 2026-07-01 18:46:29,906 log "POST /i18n/setlang/ HTTP/1.1" 302 0
INFO 2026-07-01 18:46:29,932 middleware Запит до / зайняв 0.0138 секунд.
INFO 2026-07-01 18:46:29,933 log "GET / HTTP/1.1" 200 10204
INFO 2026-07-01 18:46:31,435 middleware Запит до /i18n/setlang/ зайняв 0.0005 секунд.
INFO 2026-07-01 18:46:31,436 log "POST /i18n/setlang/ HTTP/1.1" 302 0
INFO 2026-07-01 18:46:31,462 middleware Запит до / зайняв 0.0162 секунд.
INFO 2026-07-01 18:46:31,462 log "GET / HTTP/1.1" 200 10061
INFO 2026-07-01 18:46:44,185 middleware Запит до /i18n/setlang/ зайняв 0.0010 секунд.
INFO 2026-07-01 18:46:44,185 log "POST /i18n/setlang/ HTTP/1.1" 302 0
INFO 2026-07-01 18:46:44,211 middleware Запит до / зайняв 0.0158 секунд.
INFO 2026-07-01 18:46:44,212 log "GET / HTTP/1.1" 200 10204
INFO 2026-07-01 18:46:54,860 middleware Запит до /i18n/setlang/ зайняв 0.0006 секунд.
INFO 2026-07-01 18:46:54,860 log "POST /i18n/setlang/ HTTP/1.1" 302 0
INFO 2026-07-01 18:46:54,889 middleware Запит до / зайняв 0.0176 секунд.
INFO 2026-07-01 18:46:54,890 log "GET / HTTP/1.1" 200 10061
INFO 2026-07-01 19:00:46,476 middleware Запит до / зайняв 0.0204 секунд.
INFO 2026-07-01 19:00:46,477 log "GET / HTTP/1.1" 200 10073
INFO 2026-07-01 19:00:56,739 middleware Запит до /i18n/setlang/ зайняв 0.0005 секунд.
INFO 2026-07-01 19:00:56,739 log "POST /i18n/setlang/ HTTP/1.1" 302 0
INFO 2026-07-01 19:00:56,761 middleware Запит до / зайняв 0.0194 секунд.
INFO 2026-07-01 19:00:56,762 log "GET / HTTP/1.1" 200 10216
INFO 2026-07-01 19:00:59,031 middleware Запит до /i18n/setlang/ зайняв 0.0006 секунд.
INFO 2026-07-01 19:00:59,032 log "POST /i18n/setlang/ HTTP/1.1" 302 0
INFO 2026-07-01 19:00:59,052 middleware Запит до / зайняв 0.0168 секунд.
INFO 2026-07-01 19:00:59,052 log "GET / HTTP/1.1" 200 10073
INFO 2026-07-01 19:01:01,596 middleware Запит до /i18n/setlang/ зайняв 0.0005 секунд.
INFO 2026-07-01 19:01:01,597 log "POST /i18n/setlang/ HTTP/1.1" 302 0
INFO 2026-07-01 19:01:01,623 middleware Запит до / зайняв 0.0173 секунд.
INFO 2026-07-01 19:01:01,624 log "GET / HTTP/1.1" 200 10216
INFO 2026-07-01 19:01:05,343 middleware Запит до /i18n/setlang/ зайняв 0.0006 секунд.
INFO 2026-07-01 19:01:05,344 log "POST /i18n/setlang/ HTTP/1.1" 302 0
INFO 2026-07-01 19:01:05,368 middleware Запит до / зайняв 0.0179 секунд.
INFO 2026-07-01 19:01:05,369 log "GET / HTTP/1.1" 200 10073
INFO 2026-07-01 19:03:31,123 middleware Запит до / зайняв 0.0195 секунд.
INFO 2026-07-01 19:03:31,127 log "GET / HTTP/1.1" 200 10051
INFO 2026-07-01 19:03:37,424 middleware Запит до /i18n/setlang/ зайняв 0.0006 секунд.
INFO 2026-07-01 19:03:37,424 log "POST /i18n/setlang/ HTTP/1.1" 302 0
INFO 2026-07-01 19:03:37,450 middleware Запит до / зайняв 0.0152 секунд.
INFO 2026-07-01 19:03:37,450 log "GET / HTTP/1.1" 200 10216
INFO 2026-07-01 19:03:40,076 middleware Запит до /i18n/setlang/ зайняв 0.0009 секунд.
INFO 2026-07-01 19:03:40,077 log "POST /i18n/setlang/ HTTP/1.1" 302 0
INFO 2026-07-01 19:03:40,106 middleware Запит до / зайняв 0.0166 секунд.
INFO 2026-07-01 19:03:40,106 log "GET / HTTP/1.1" 200 10051
INFO 2026-07-01 19:05:06,180 middleware Запит до / зайняв 0.0188 секунд.
INFO 2026-07-01 19:05:06,181 log "GET / HTTP/1.1" 200 10099
INFO 2026-07-01 19:05:16,060 middleware Запит до /i18n/setlang/ зайняв 0.0006 секунд.
INFO 2026-07-01 19:05:16,061 log "POST /i18n/setlang/ HTTP/1.1" 302 0
INFO 2026-07-01 19:05:16,086 middleware Запит до / зайняв 0.0160 секунд.
INFO 2026-07-01 19:05:16,086 log "GET / HTTP/1.1" 200 10240
INFO 2026-07-01 19:05:18,910 middleware Запит до /i18n/setlang/ зайняв 0.0007 секунд.
INFO 2026-07-01 19:05:18,911 log "POST /i18n/setlang/ HTTP/1.1" 302 0
INFO 2026-07-01 19:05:18,935 middleware Запит до / зайняв 0.0168 секунд.
INFO 2026-07-01 19:05:18,936 log "GET / HTTP/1.1" 200 10099
INFO 2026-07-01 19:05:21,674 middleware Запит до /i18n/setlang/ зайняв 0.0008 секунд.
INFO 2026-07-01 19:05:21,675 log "POST /i18n/setlang/ HTTP/1.1" 302 0
INFO 2026-07-01 19:05:21,704 middleware Запит до / зайняв 0.0172 секунд.
INFO 2026-07-01 19:05:21,704 log "GET / HTTP/1.1" 200 10240
INFO 2026-07-01 19:05:24,715 middleware Запит до /i18n/setlang/ зайняв 0.0005 секунд.
INFO 2026-07-01 19:05:24,716 log "POST /i18n/setlang/ HTTP/1.1" 302 0
INFO 2026-07-01 19:05:24,741 middleware Запит до / зайняв 0.0167 секунд.
INFO 2026-07-01 19:05:24,742 log "GET / HTTP/1.1" 200 10099
INFO 2026-07-01 19:05:53,787 middleware Запит до / зайняв 0.0187 секунд.
INFO 2026-07-01 19:05:53,787 log "GET / HTTP/1.1" 200 10111
INFO 2026-07-01 19:06:00,216 middleware Запит до /i18n/setlang/ зайняв 0.0007 секунд.
INFO 2026-07-01 19:06:00,217 log "POST /i18n/setlang/ HTTP/1.1" 302 0
INFO 2026-07-01 19:06:00,239 middleware Запит до / зайняв 0.0155 секунд.
INFO 2026-07-01 19:06:00,239 log "GET / HTTP/1.1" 200 10229
INFO 2026-07-01 19:06:02,056 middleware Запит до /i18n/setlang/ зайняв 0.0007 секунд.
INFO 2026-07-01 19:06:02,057 log "POST /i18n/setlang/ HTTP/1.1" 302 0
INFO 2026-07-01 19:06:02,085 middleware Запит до / зайняв 0.0150 секунд.
INFO 2026-07-01 19:06:02,085 log "GET / HTTP/1.1" 200 10111
INFO 2026-07-01 19:06:44,114 middleware Запит до / зайняв 0.0194 секунд.
INFO 2026-07-01 19:06:44,118 log "GET / HTTP/1.1" 200 10111
INFO 2026-07-01 19:06:45,232 middleware Запит до / зайняв 0.0170 секунд.
INFO 2026-07-01 19:06:45,232 log "GET / HTTP/1.1" 200 10111
INFO 2026-07-01 19:07:16,433 middleware Запит до / зайняв 0.0237 секунд.
INFO 2026-07-01 19:07:16,436 log "GET / HTTP/1.1" 200 10099
INFO 2026-07-01 19:07:20,273 middleware Запит до /i18n/setlang/ зайняв 0.0008 секунд.
INFO 2026-07-01 19:07:20,274 log "POST /i18n/setlang/ HTTP/1.1" 302 0
INFO 2026-07-01 19:07:20,301 middleware Запит до / зайняв 0.0172 секунд.
INFO 2026-07-01 19:07:20,302 log "GET / HTTP/1.1" 200 10229
INFO 2026-07-01 19:07:24,810 middleware Запит до /i18n/setlang/ зайняв 0.0008 секунд.
INFO 2026-07-01 19:07:24,811 log "POST /i18n/setlang/ HTTP/1.1" 302 0
INFO 2026-07-01 19:07:24,841 middleware Запит до / зайняв 0.0165 секунд.
INFO 2026-07-01 19:07:24,841 log "GET / HTTP/1.1" 200 10099
INFO 2026-07-01 19:07:30,048 middleware Запит до /i18n/setlang/ зайняв 0.0005 секунд.
INFO 2026-07-01 19:07:30,049 log "POST /i18n/setlang/ HTTP/1.1" 302 0
INFO 2026-07-01 19:07:30,077 middleware Запит до / зайняв 0.0174 секунд.
INFO 2026-07-01 19:07:30,078 log "GET / HTTP/1.1" 200 10229
INFO 2026-07-01 19:08:47,579 middleware Запит до /i18n/setlang/ зайняв 0.0004 секунд.
INFO 2026-07-01 19:08:47,580 log "POST /i18n/setlang/ HTTP/1.1" 302 0
INFO 2026-07-01 19:08:47,600 middleware Запит до / зайняв 0.0121 секунд.
INFO 2026-07-01 19:08:47,600 log "GET / HTTP/1.1" 200 10099
INFO 2026-07-01 19:09:46,140 middleware Запит до / зайняв 0.0194 секунд.
INFO 2026-07-01 19:09:46,140 log "GET / HTTP/1.1" 200 10119
INFO 2026-07-01 19:09:52,240 middleware Запит до / зайняв 0.0191 секунд.
INFO 2026-07-01 19:09:52,241 log "GET / HTTP/1.1" 200 10099
INFO 2026-07-01 19:09:54,436 middleware Запит до /i18n/setlang/ зайняв 0.0006 секунд.
INFO 2026-07-01 19:09:54,436 log "POST /i18n/setlang/ HTTP/1.1" 302 0
INFO 2026-07-01 19:09:54,463 middleware Запит до / зайняв 0.0157 секунд.
INFO 2026-07-01 19:09:54,463 log "GET / HTTP/1.1" 200 10229
INFO 2026-07-01 19:09:55,902 middleware Запит до /i18n/setlang/ зайняв 0.0006 секунд.
INFO 2026-07-01 19:09:55,902 log "POST /i18n/setlang/ HTTP/1.1" 302 0
INFO 2026-07-01 19:09:55,928 middleware Запит до / зайняв 0.0177 секунд.
INFO 2026-07-01 19:09:55,928 log "GET / HTTP/1.1" 200 10099
INFO 2026-07-01 19:10:04,955 middleware Запит до / зайняв 0.0188 секунд.
INFO 2026-07-01 19:10:04,956 log "GET / HTTP/1.1" 200 10119
INFO 2026-07-01 19:10:08,656 middleware Запит до / зайняв 0.0177 секунд.
INFO 2026-07-01 19:10:08,657 log "GET / HTTP/1.1" 200 10099
INFO 2026-07-01 19:10:45,671 middleware Запит до / зайняв 0.0176 секунд.
INFO 2026-07-01 19:10:45,672 log "GET / HTTP/1.1" 200 10104
INFO 2026-07-01 19:10:49,826 middleware Запит до /i18n/setlang/ зайняв 0.0008 секунд.
INFO 2026-07-01 19:10:49,827 log "POST /i18n/setlang/ HTTP/1.1" 302 0
INFO 2026-07-01 19:10:49,856 middleware Запит до / зайняв 0.0185 секунд.
INFO 2026-07-01 19:10:49,857 log "GET / HTTP/1.1" 200 10234
INFO 2026-07-01 19:10:51,942 middleware Запит до /i18n/setlang/ зайняв 0.0007 секунд.
INFO 2026-07-01 19:10:51,943 log "POST /i18n/setlang/ HTTP/1.1" 302 0
INFO 2026-07-01 19:10:51,973 middleware Запит до / зайняв 0.0173 секунд.
INFO 2026-07-01 19:10:51,974 log "GET / HTTP/1.1" 200 10104
INFO 2026-07-01 19:21:00,070 middleware Запит до /i18n/setlang/ зайняв 0.0010 секунд.
INFO 2026-07-01 19:21:00,071 log "POST /i18n/setlang/ HTTP/1.1" 302 0
INFO 2026-07-01 19:21:00,096 middleware Запит до / зайняв 0.0207 секунд.
INFO 2026-07-01 19:21:00,097 log "GET / HTTP/1.1" 200 10234
INFO 2026-07-01 19:21:03,848 middleware Запит до /i18n/setlang/ зайняв 0.0007 секунд.
INFO 2026-07-01 19:21:03,849 log "POST /i18n/setlang/ HTTP/1.1" 302 0
INFO 2026-07-01 19:21:03,870 middleware Запит до / зайняв 0.0141 секунд.
INFO 2026-07-01 19:21:03,871 log "GET / HTTP/1.1" 200 10104
INFO 2026-07-01 19:23:34,217 middleware Запит до /i18n/setlang/ зайняв 0.0005 секунд.
INFO 2026-07-01 19:23:34,218 log "POST /i18n/setlang/ HTTP/1.1" 302 0
INFO 2026-07-01 19:23:34,241 middleware Запит до / зайняв 0.0175 секунд.
INFO 2026-07-01 19:23:34,241 log "GET / HTTP/1.1" 200 10234
INFO 2026-07-01 19:23:37,184 middleware Запит до /i18n/setlang/ зайняв 0.0006 секунд.
INFO 2026-07-01 19:23:37,184 log "POST /i18n/setlang/ HTTP/1.1" 302 0
INFO 2026-07-01 19:23:37,208 middleware Запит до / зайняв 0.0171 секунд.
INFO 2026-07-01 19:23:37,208 log "GET / HTTP/1.1" 200 10104
INFO 2026-07-01 19:23:39,967 middleware Запит до /i18n/setlang/ зайняв 0.0007 секунд.
INFO 2026-07-01 19:23:39,967 log "POST /i18n/setlang/ HTTP/1.1" 302 0
INFO 2026-07-01 19:23:39,990 middleware Запит до / зайняв 0.0167 секунд.
INFO 2026-07-01 19:23:39,991 log "GET / HTTP/1.1" 200 10234
INFO 2026-07-01 19:23:42,948 middleware Запит до /i18n/setlang/ зайняв 0.0006 секунд.
INFO 2026-07-01 19:23:42,948 log "POST /i18n/setlang/ HTTP/1.1" 302 0
INFO 2026-07-01 19:23:42,973 middleware Запит до / зайняв 0.0172 секунд.
INFO 2026-07-01 19:23:42,973 log "GET / HTTP/1.1" 200 10104
INFO 2026-07-01 19:23:44,523 middleware Запит до / зайняв 0.0169 секунд.
INFO 2026-07-01 19:23:44,524 log "GET / HTTP/1.1" 200 10104
INFO 2026-07-01 19:23:46,156 middleware Запит до /catalog/ зайняв 0.0181 секунд.
INFO 2026-07-01 19:23:46,157 log "GET /catalog/ HTTP/1.1" 200 8766
INFO 2026-07-01 19:23:52,815 middleware Запит до / зайняв 0.0169 секунд.
INFO 2026-07-01 19:23:52,816 log "GET / HTTP/1.1" 200 10104
INFO 2026-07-01 19:24:00,212 middleware Запит до / зайняв 0.0167 секунд.
INFO 2026-07-01 19:24:00,213 log "GET / HTTP/1.1" 200 10104
INFO 2026-07-01 19:24:01,180 middleware Запит до / зайняв 0.0166 секунд.
INFO 2026-07-01 19:24:01,180 log "GET / HTTP/1.1" 200 10104
INFO 2026-07-01 19:24:02,080 middleware Запит до /catalog/ зайняв 0.0158 секунд.
INFO 2026-07-01 19:24:02,080 log "GET /catalog/ HTTP/1.1" 200 8766
INFO 2026-07-01 19:24:19,752 middleware Запит до /i18n/setlang/ зайняв 0.0006 секунд.
INFO 2026-07-01 19:24:19,752 log "POST /i18n/setlang/ HTTP/1.1" 302 0
INFO 2026-07-01 19:24:19,771 middleware Запит до /catalog/ зайняв 0.0158 секунд.
INFO 2026-07-01 19:24:19,772 log "GET /catalog/ HTTP/1.1" 200 9013
INFO 2026-07-01 19:24:22,722 middleware Запит до /i18n/setlang/ зайняв 0.0007 секунд.
INFO 2026-07-01 19:24:22,722 log "POST /i18n/setlang/ HTTP/1.1" 302 0
INFO 2026-07-01 19:24:22,745 middleware Запит до /catalog/ зайняв 0.0163 секунд.
INFO 2026-07-01 19:24:22,745 log "GET /catalog/ HTTP/1.1" 200 8766
INFO 2026-07-01 19:24:38,983 middleware Запит до /1/ зайняв 0.0188 секунд.
INFO 2026-07-01 19:24:38,983 log "GET /1/ HTTP/1.1" 200 5583
INFO 2026-07-01 19:24:44,271 middleware Запит до /1/ зайняв 0.0143 секунд.
INFO 2026-07-01 19:24:44,272 log "GET /1/ HTTP/1.1" 200 5583
INFO 2026-07-01 19:40:14,727 middleware Запит до /1/ зайняв 0.0227 секунд.
INFO 2026-07-01 19:40:14,728 log "GET /1/ HTTP/1.1" 200 5595
INFO 2026-07-01 19:42:51,782 middleware Запит до /1/ зайняв 0.0153 секунд.
INFO 2026-07-01 19:42:51,785 log "GET /1/ HTTP/1.1" 200 5595
INFO 2026-07-01 19:42:52,897 middleware Запит до /1/ зайняв 0.0165 секунд.
INFO 2026-07-01 19:42:52,898 log "GET /1/ HTTP/1.1" 200 5595
INFO 2026-07-01 19:43:13,720 middleware Запит до /1/ зайняв 0.0193 секунд.
INFO 2026-07-01 19:43:13,721 log "GET /1/ HTTP/1.1" 200 5556
INFO 2026-07-01 19:43:24,874 middleware Запит до / зайняв 0.0206 секунд.
INFO 2026-07-01 19:43:24,875 log "GET / HTTP/1.1" 200 10104
INFO 2026-07-01 19:43:26,640 middleware Запит до /catalog/ зайняв 0.0197 секунд.
INFO 2026-07-01 19:43:26,640 log "GET /catalog/ HTTP/1.1" 200 8746
INFO 2026-07-01 19:43:34,862 middleware Запит до /catalog/ зайняв 0.0172 секунд.
INFO 2026-07-01 19:43:34,863 log "GET /catalog/ HTTP/1.1" 200 8746
INFO 2026-07-01 19:43:35,696 middleware Запит до / зайняв 0.0178 секунд.
INFO 2026-07-01 19:43:35,696 log "GET / HTTP/1.1" 200 10104
INFO 2026-07-01 19:43:41,303 middleware Запит до / зайняв 0.0173 секунд.
INFO 2026-07-01 19:43:41,303 log "GET / HTTP/1.1" 200 10104
INFO 2026-07-01 19:43:43,038 middleware Запит до /catalog/ зайняв 0.0184 секунд.
INFO 2026-07-01 19:43:43,039 log "GET /catalog/ HTTP/1.1" 200 8746
INFO 2026-07-01 19:43:44,201 middleware Запит до /1/ зайняв 0.0150 секунд.
INFO 2026-07-01 19:43:44,202 log "GET /1/ HTTP/1.1" 200 5556
INFO 2026-07-01 19:45:19,567 middleware Запит до /1/ зайняв 0.0135 секунд.
INFO 2026-07-01 19:45:19,568 log "GET /1/ HTTP/1.1" 200 5556
INFO 2026-07-01 19:45:28,977 middleware Запит до /1/ зайняв 0.0151 секунд.
INFO 2026-07-01 19:45:28,977 log "GET /1/ HTTP/1.1" 200 5556
INFO 2026-07-01 19:45:30,046 middleware Запит до /1/ зайняв 0.0162 секунд.
INFO 2026-07-01 19:45:30,047 log "GET /1/ HTTP/1.1" 200 5556
INFO 2026-07-01 19:45:53,158 middleware Запит до /1/ зайняв 0.0159 секунд.
INFO 2026-07-01 19:45:53,158 log "GET /1/ HTTP/1.1" 200 5550
INFO 2026-07-01 19:46:22,548 middleware Запит до /1/ зайняв 0.0163 секунд.
INFO 2026-07-01 19:46:22,549 log "GET /1/ HTTP/1.1" 200 5538
INFO 2026-07-01 19:46:25,033 middleware Запит до /catalog/ зайняв 0.0168 секунд.
INFO 2026-07-01 19:46:25,033 log "GET /catalog/ HTTP/1.1" 200 8746
INFO 2026-07-01 19:46:27,001 middleware Запит до / зайняв 0.0186 секунд.
INFO 2026-07-01 19:46:27,002 log "GET / HTTP/1.1" 200 10104
INFO 2026-07-01 19:46:32,572 middleware Запит до /catalog/ зайняв 0.0163 секунд.
INFO 2026-07-01 19:46:32,573 log "GET /catalog/ HTTP/1.1" 200 8746
INFO 2026-07-01 19:46:38,476 middleware Запит до /1/ зайняв 0.0148 секунд.
INFO 2026-07-01 19:46:38,476 log "GET /1/ HTTP/1.1" 200 5538
INFO 2026-07-01 19:46:41,284 middleware Запит до /1/ зайняв 0.0154 секунд.
INFO 2026-07-01 19:46:41,285 log "GET /1/ HTTP/1.1" 200 5538
INFO 2026-07-01 19:54:39,718 middleware Запит до /1/ зайняв 0.0171 секунд.
INFO 2026-07-01 19:54:39,719 log "GET /1/ HTTP/1.1" 200 5490
INFO 2026-07-01 19:54:55,219 middleware Запит до /i18n/setlang/ зайняв 0.0015 секунд.
INFO 2026-07-01 19:54:55,220 log "POST /i18n/setlang/ HTTP/1.1" 302 0
INFO 2026-07-01 19:54:55,240 middleware Запит до /1/ зайняв 0.0161 секунд.
INFO 2026-07-01 19:54:55,240 log "GET /1/ HTTP/1.1" 200 5672
INFO 2026-07-01 19:54:59,573 middleware Запит до /i18n/setlang/ зайняв 0.0004 секунд.
INFO 2026-07-01 19:54:59,573 log "POST /i18n/setlang/ HTTP/1.1" 302 0
INFO 2026-07-01 19:54:59,589 middleware Запит до /1/ зайняв 0.0135 секунд.
INFO 2026-07-01 19:54:59,590 log "GET /1/ HTTP/1.1" 200 5490
INFO 2026-07-01 19:56:14,539 middleware Запит до /1/ зайняв 0.0198 секунд.
INFO 2026-07-01 19:56:14,540 log "GET /1/ HTTP/1.1" 200 5494
INFO 2026-07-01 19:56:17,814 middleware Запит до /i18n/setlang/ зайняв 0.0006 секунд.
INFO 2026-07-01 19:56:17,815 log "POST /i18n/setlang/ HTTP/1.1" 302 0
INFO 2026-07-01 19:56:17,838 middleware Запит до /1/ зайняв 0.0146 секунд.
INFO 2026-07-01 19:56:17,839 log "GET /1/ HTTP/1.1" 200 5670
INFO 2026-07-01 19:56:19,688 middleware Запит до /i18n/setlang/ зайняв 0.0005 секунд.
INFO 2026-07-01 19:56:19,688 log "POST /i18n/setlang/ HTTP/1.1" 302 0
INFO 2026-07-01 19:56:19,710 middleware Запит до /1/ зайняв 0.0135 секунд.
INFO 2026-07-01 19:56:19,710 log "GET /1/ HTTP/1.1" 200 5494
INFO 2026-07-01 19:57:13,586 middleware Запит до /1/ зайняв 0.0181 секунд.
INFO 2026-07-01 19:57:13,587 log "GET /1/ HTTP/1.1" 200 5494
INFO 2026-07-01 19:57:14,425 middleware Запит до /1/ зайняв 0.0148 секунд.
INFO 2026-07-01 19:57:14,427 log "GET /1/ HTTP/1.1" 200 5494
INFO 2026-07-01 19:57:23,496 middleware Запит до /1/ зайняв 0.0172 секунд.
INFO 2026-07-01 19:57:23,496 log "GET /1/ HTTP/1.1" 200 5494
INFO 2026-07-01 20:04:35,398 middleware Запит до /1/ зайняв 0.0202 секунд.
INFO 2026-07-01 20:04:35,401 log "GET /1/ HTTP/1.1" 200 5494
INFO 2026-07-01 20:04:36,388 middleware Запит до /1/ зайняв 0.0161 секунд.
INFO 2026-07-01 20:04:36,389 log "GET /1/ HTTP/1.1" 200 5494
INFO 2026-07-01 20:04:47,498 middleware Запит до /1/ зайняв 0.0172 секунд.
INFO 2026-07-01 20:04:47,498 log "GET /1/ HTTP/1.1" 200 5490
INFO 2026-07-01 20:06:05,660 middleware Запит до /1/ зайняв 0.0156 секунд.
INFO 2026-07-01 20:06:05,661 log "GET /1/ HTTP/1.1" 200 5490
INFO 2026-07-01 20:06:15,340 middleware Запит до /1/ зайняв 0.0178 секунд.
INFO 2026-07-01 20:06:15,340 log "GET /1/ HTTP/1.1" 200 5490
INFO 2026-07-01 20:06:17,375 middleware Запит до /i18n/setlang/ зайняв 0.0010 секунд.
INFO 2026-07-01 20:06:17,376 log "POST /i18n/setlang/ HTTP/1.1" 302 0
INFO 2026-07-01 20:06:17,399 middleware Запит до /1/ зайняв 0.0153 секунд.
INFO 2026-07-01 20:06:17,399 log "GET /1/ HTTP/1.1" 200 5670
INFO 2026-07-01 20:06:20,056 middleware Запит до /i18n/setlang/ зайняв 0.0005 секунд.
INFO 2026-07-01 20:06:20,056 log "POST /i18n/setlang/ HTTP/1.1" 302 0
INFO 2026-07-01 20:06:20,085 middleware Запит до /1/ зайняв 0.0138 секунд.
INFO 2026-07-01 20:06:20,085 log "GET /1/ HTTP/1.1" 200 5490
INFO 2026-07-01 20:09:32,727 middleware Запит до /1/ зайняв 0.0192 секунд.
INFO 2026-07-01 20:09:32,728 log "GET /1/ HTTP/1.1" 200 5488
INFO 2026-07-02 12:13:00,710 autoreload Watching for file changes with StatReloader
INFO 2026-07-02 12:13:42,098 middleware Запит до /1/ зайняв 0.0296 секунд.
INFO 2026-07-02 12:13:42,099 log "GET /1/ HTTP/1.1" 200 5488
INFO 2026-07-02 12:16:21,531 middleware Запит до /catalog/ зайняв 0.0216 секунд.
INFO 2026-07-02 12:16:21,532 log "GET /catalog/ HTTP/1.1" 200 8746
INFO 2026-07-02 12:16:22,796 middleware Запит до /3/ зайняв 0.0158 секунд.
INFO 2026-07-02 12:16:22,797 log "GET /3/ HTTP/1.1" 200 5524
INFO 2026-07-02 12:16:22,812 middleware Запит до /images/covers/Charlie_and_the_Chocolate_Factory.jpg зайняв 0.0007 секунд.
INFO 2026-07-02 12:16:22,815 log "GET /images/covers/Charlie_and_the_Chocolate_Factory.jpg HTTP/1.1" 200 201838
INFO 2026-07-02 12:16:29,473 middleware Запит до /catalog/ зайняв 0.0157 секунд.
INFO 2026-07-02 12:16:29,474 log "GET /catalog/ HTTP/1.1" 200 8746
INFO 2026-07-02 12:16:30,796 middleware Запит до / зайняв 0.0213 секунд.
INFO 2026-07-02 12:16:30,797 log "GET / HTTP/1.1" 200 10104
INFO 2026-07-02 12:17:56,598 middleware Запит до / зайняв 0.0219 секунд.
INFO 2026-07-02 12:17:56,598 log "GET / HTTP/1.1" 200 10090
INFO 2026-07-02 12:17:58,858 middleware Запит до / зайняв 0.0174 секунд.
INFO 2026-07-02 12:17:58,858 log "GET / HTTP/1.1" 200 10090
INFO 2026-07-02 12:17:59,544 middleware Запит до /catalog/ зайняв 0.0145 секунд.
INFO 2026-07-02 12:17:59,545 log "GET /catalog/ HTTP/1.1" 200 8741
INFO 2026-07-02 12:18:50,225 middleware Запит до /2/ зайняв 0.0154 секунд.
INFO 2026-07-02 12:18:50,225 log "GET /2/ HTTP/1.1" 200 5509
INFO 2026-07-02 12:18:51,931 middleware Запит до /catalog/ зайняв 0.0066 секунд.
INFO 2026-07-02 12:18:51,932 log "GET /catalog/ HTTP/1.1" 200 8741
INFO 2026-07-02 12:18:53,072 middleware Запит до /2/ зайняв 0.0143 секунд.
INFO 2026-07-02 12:18:53,072 log "GET /2/ HTTP/1.1" 200 5509
INFO 2026-07-02 12:18:54,998 middleware Запит до /i18n/setlang/ зайняв 0.0021 секунд.
INFO 2026-07-02 12:18:54,999 log "POST /i18n/setlang/ HTTP/1.1" 302 0
INFO 2026-07-02 12:18:55,024 middleware Запит до /2/ зайняв 0.0176 секунд.
INFO 2026-07-02 12:18:55,025 log "GET /2/ HTTP/1.1" 200 5692
INFO 2026-07-02 12:19:02,168 middleware Запит до /i18n/setlang/ зайняв 0.0007 секунд.
INFO 2026-07-02 12:19:02,170 log "POST /i18n/setlang/ HTTP/1.1" 302 0
INFO 2026-07-02 12:19:02,191 middleware Запит до /2/ зайняв 0.0145 секунд.
INFO 2026-07-02 12:19:02,192 log "GET /2/ HTTP/1.1" 200 5509
INFO 2026-07-02 12:19:06,753 middleware Запит до /i18n/setlang/ зайняв 0.0006 секунд.
INFO 2026-07-02 12:19:06,753 log "POST /i18n/setlang/ HTTP/1.1" 302 0
INFO 2026-07-02 12:19:06,777 middleware Запит до /2/ зайняв 0.0144 секунд.
INFO 2026-07-02 12:19:06,777 log "GET /2/ HTTP/1.1" 200 5692
INFO 2026-07-02 12:19:09,575 middleware Запит до /i18n/setlang/ зайняв 0.0008 секунд.
INFO 2026-07-02 12:19:09,576 log "POST /i18n/setlang/ HTTP/1.1" 302 0
INFO 2026-07-02 12:19:09,599 middleware Запит до /2/ зайняв 0.0152 секунд.
INFO 2026-07-02 12:19:09,599 log "GET /2/ HTTP/1.1" 200 5509
INFO 2026-07-02 12:19:23,697 middleware Запит до /book/2/delete/ зайняв 0.0154 секунд.
INFO 2026-07-02 12:19:23,698 log "GET /book/2/delete/ HTTP/1.1" 200 4337
ERROR 2026-07-02 12:30:07,130 log Internal Server Error: /book/2/delete/
Traceback (most recent call last):
  File "/usr/local/lib/python3.12/site-packages/django/template/base.py", line 577, in parse
    compile_func = self.tags[command]
                   ~~~~~~~~~^^^^^^^^^
KeyError: 'translate'

During handling of the above exception, another exception occurred:

Traceback (most recent call last):
  File "/usr/local/lib/python3.12/site-packages/django/core/handlers/exception.py", line 55, in inner
    response = get_response(request)
               ^^^^^^^^^^^^^^^^^^^^^
  File "/usr/local/lib/python3.12/site-packages/django/core/handlers/base.py", line 221, in _get_response
    response = response.render()
               ^^^^^^^^^^^^^^^^^
  File "/usr/local/lib/python3.12/site-packages/django/template/response.py", line 114, in render
    self.content = self.rendered_content
                   ^^^^^^^^^^^^^^^^^^^^^
  File "/usr/local/lib/python3.12/site-packages/django/template/response.py", line 90, in rendered_content
    template = self.resolve_template(self.template_name)
               ^^^^^^^^^^^^^^^^^^^^^^^^^^^^^^^^^^^^^^^^^
  File "/usr/local/lib/python3.12/site-packages/django/template/response.py", line 72, in resolve_template
    return select_template(template, using=self.using)
           ^^^^^^^^^^^^^^^^^^^^^^^^^^^^^^^^^^^^^^^^^^^
  File "/usr/local/lib/python3.12/site-packages/django/template/loader.py", line 42, in select_template
    return engine.get_template(template_name)
           ^^^^^^^^^^^^^^^^^^^^^^^^^^^^^^^^^^
  File "/usr/local/lib/python3.12/site-packages/django/template/backends/django.py", line 79, in get_template
    return Template(self.engine.get_template(template_name), self)
                    ^^^^^^^^^^^^^^^^^^^^^^^^^^^^^^^^^^^^^^^
  File "/usr/local/lib/python3.12/site-packages/django/template/engine.py", line 186, in get_template
    template, origin = self.find_template(template_name)
                       ^^^^^^^^^^^^^^^^^^^^^^^^^^^^^^^^^
  File "/usr/local/lib/python3.12/site-packages/django/template/engine.py", line 159, in find_template
    template = loader.get_template(name, skip=skip)
               ^^^^^^^^^^^^^^^^^^^^^^^^^^^^^^^^^^^^
  File "/usr/local/lib/python3.12/site-packages/django/template/loaders/cached.py", line 57, in get_template
    template = super().get_template(template_name, skip)
               ^^^^^^^^^^^^^^^^^^^^^^^^^^^^^^^^^^^^^^^^^
  File "/usr/local/lib/python3.12/site-packages/django/template/loaders/base.py", line 28, in get_template
    return Template(
           ^^^^^^^^^
  File "/usr/local/lib/python3.12/site-packages/django/template/base.py", line 157, in __init__
    self.nodelist = self.compile_nodelist()
                    ^^^^^^^^^^^^^^^^^^^^^^^
  File "/usr/local/lib/python3.12/site-packages/django/template/base.py", line 199, in compile_nodelist
    nodelist = parser.parse()
               ^^^^^^^^^^^^^^
  File "/usr/local/lib/python3.12/site-packages/django/template/base.py", line 585, in parse
    raise self.error(token, e)
  File "/usr/local/lib/python3.12/site-packages/django/template/base.py", line 583, in parse
    compiled_result = compile_func(self, token)
                      ^^^^^^^^^^^^^^^^^^^^^^^^^
  File "/usr/local/lib/python3.12/site-packages/django/template/loader_tags.py", line 307, in do_extends
    nodelist = parser.parse()
               ^^^^^^^^^^^^^^
  File "/usr/local/lib/python3.12/site-packages/django/template/base.py", line 585, in parse
    raise self.error(token, e)
  File "/usr/local/lib/python3.12/site-packages/django/template/base.py", line 583, in parse
    compiled_result = compile_func(self, token)
                      ^^^^^^^^^^^^^^^^^^^^^^^^^
  File "/usr/local/lib/python3.12/site-packages/django/template/loader_tags.py", line 235, in do_block
    nodelist = parser.parse(("endblock",))
               ^^^^^^^^^^^^^^^^^^^^^^^^^^^
  File "/usr/local/lib/python3.12/site-packages/django/template/base.py", line 579, in parse
    self.invalid_block_tag(token, command, parse_until)
  File "/usr/local/lib/python3.12/site-packages/django/template/base.py", line 634, in invalid_block_tag
    raise self.error(
django.template.exceptions.TemplateSyntaxError: Template: /app/shop_app/templates/shop_app/book_delete.html, Invalid block tag on line 9: 'translate', expected 'endblock'. Did you forget to register or load this tag?
INFO 2026-07-02 12:30:07,132 middleware Запит до /book/2/delete/ зайняв 0.0460 секунд.
ERROR 2026-07-02 12:30:07,132 log "GET /book/2/delete/ HTTP/1.1" 500 170984
INFO 2026-07-02 12:33:12,598 middleware Запит до /book/2/delete/ зайняв 0.0204 секунд.
INFO 2026-07-02 12:33:12,599 log "GET /book/2/delete/ HTTP/1.1" 200 4228
INFO 2026-07-02 12:34:51,743 middleware Запит до /2/ зайняв 0.0170 секунд.
INFO 2026-07-02 12:34:51,743 log "GET /2/ HTTP/1.1" 200 5509
INFO 2026-07-02 12:34:53,038 middleware Запит до /book/2/delete/ зайняв 0.0133 секунд.
INFO 2026-07-02 12:34:53,039 log "GET /book/2/delete/ HTTP/1.1" 200 4228
INFO 2026-07-02 12:35:01,334 middleware Запит до /2/ зайняв 0.0165 секунд.
INFO 2026-07-02 12:35:01,335 log "GET /2/ HTTP/1.1" 200 5509
INFO 2026-07-02 12:35:04,705 middleware Запит до /catalog/ зайняв 0.0223 секунд.
INFO 2026-07-02 12:35:04,706 log "GET /catalog/ HTTP/1.1" 200 8741
INFO 2026-07-02 12:35:05,649 middleware Запит до /3/ зайняв 0.0168 секунд.
INFO 2026-07-02 12:35:05,649 log "GET /3/ HTTP/1.1" 200 5523
INFO 2026-07-02 12:35:06,797 middleware Запит до /book/3/delete/ зайняв 0.0143 секунд.
INFO 2026-07-02 12:35:06,798 log "GET /book/3/delete/ HTTP/1.1" 200 4237
INFO 2026-07-02 12:35:50,611 middleware Запит до /book/3/update/ зайняв 0.0281 секунд.
INFO 2026-07-02 12:35:50,612 log "GET /book/3/update/ HTTP/1.1" 200 7054
INFO 2026-07-02 12:44:22,625 middleware Запит до /book/3/update/ зайняв 0.0257 секунд.
INFO 2026-07-02 12:44:22,626 log "GET /book/3/update/ HTTP/1.1" 200 7001
INFO 2026-07-02 12:44:25,344 middleware Запит до /i18n/setlang/ зайняв 0.0014 секунд.
INFO 2026-07-02 12:44:25,344 log "POST /i18n/setlang/ HTTP/1.1" 302 0
INFO 2026-07-02 12:44:25,375 middleware Запит до /book/3/update/ зайняв 0.0208 секунд.
INFO 2026-07-02 12:44:25,376 log "GET /book/3/update/ HTTP/1.1" 200 7214
INFO 2026-07-02 12:44:30,187 middleware Запит до /i18n/setlang/ зайняв 0.0006 секунд.
INFO 2026-07-02 12:44:30,188 log "POST /i18n/setlang/ HTTP/1.1" 302 0
INFO 2026-07-02 12:44:30,207 middleware Запит до /book/3/update/ зайняв 0.0167 секунд.
INFO 2026-07-02 12:44:30,208 log "GET /book/3/update/ HTTP/1.1" 200 7001
INFO 2026-07-02 12:45:06,757 middleware Запит до /book/3/update/ зайняв 0.0242 секунд.
INFO 2026-07-02 12:45:06,758 log "GET /book/3/update/ HTTP/1.1" 200 7003
INFO 2026-07-02 12:45:27,268 middleware Запит до /book/3/update/ зайняв 0.0228 секунд.
INFO 2026-07-02 12:45:27,268 log "GET /book/3/update/ HTTP/1.1" 200 7006
INFO 2026-07-02 12:45:35,029 middleware Запит до /book/3/update/ зайняв 0.0224 секунд.
INFO 2026-07-02 12:45:35,029 log "GET /book/3/update/ HTTP/1.1" 200 7001
INFO 2026-07-02 12:48:33,704 middleware Запит до /book/3/update/ зайняв 0.0186 секунд.
INFO 2026-07-02 12:48:33,705 log "GET /book/3/update/ HTTP/1.1" 200 7001
INFO 2026-07-02 12:48:35,894 middleware Запит до /i18n/setlang/ зайняв 0.0007 секунд.
INFO 2026-07-02 12:48:35,895 log "POST /i18n/setlang/ HTTP/1.1" 302 0
INFO 2026-07-02 12:48:35,915 middleware Запит до /book/3/update/ зайняв 0.0173 секунд.
INFO 2026-07-02 12:48:35,916 log "GET /book/3/update/ HTTP/1.1" 200 7214
INFO 2026-07-02 12:48:39,554 middleware Запит до /i18n/setlang/ зайняв 0.0005 секунд.
INFO 2026-07-02 12:48:39,555 log "POST /i18n/setlang/ HTTP/1.1" 302 0
INFO 2026-07-02 12:48:39,575 middleware Запит до /book/3/update/ зайняв 0.0165 секунд.
INFO 2026-07-02 12:48:39,575 log "GET /book/3/update/ HTTP/1.1" 200 7001
INFO 2026-07-02 12:48:40,475 middleware Запит до /catalog/ зайняв 0.0173 секунд.
INFO 2026-07-02 12:48:40,475 log "GET /catalog/ HTTP/1.1" 200 8741
INFO 2026-07-02 12:48:42,726 middleware Запит до / зайняв 0.0170 секунд.
INFO 2026-07-02 12:48:42,727 log "GET / HTTP/1.1" 200 10090
INFO 2026-07-02 12:48:43,456 middleware Запит до /catalog/ зайняв 0.0138 секунд.
INFO 2026-07-02 12:48:43,457 log "GET /catalog/ HTTP/1.1" 200 8741
INFO 2026-07-02 12:48:44,573 middleware Запит до / зайняв 0.0142 секунд.
INFO 2026-07-02 12:48:44,573 log "GET / HTTP/1.1" 200 10090
INFO 2026-07-02 12:48:45,324 middleware Запит до /catalog/ зайняв 0.0143 секунд.
INFO 2026-07-02 12:48:45,324 log "GET /catalog/ HTTP/1.1" 200 8741
INFO 2026-07-02 12:48:46,507 middleware Запит до / зайняв 0.0155 секунд.
INFO 2026-07-02 12:48:46,508 log "GET / HTTP/1.1" 200 10090
INFO 2026-07-02 12:59:05,973 middleware Запит до / зайняв 0.0222 секунд.
INFO 2026-07-02 12:59:05,974 log "GET / HTTP/1.1" 200 10110
INFO 2026-07-02 12:59:11,019 middleware Запит до / зайняв 0.0170 секунд.
INFO 2026-07-02 12:59:11,020 log "GET / HTTP/1.1" 200 10110
INFO 2026-07-02 12:59:20,805 middleware Запит до / зайняв 0.0175 секунд.
INFO 2026-07-02 12:59:20,806 log "GET / HTTP/1.1" 200 10091
INFO 2026-07-02 12:59:31,950 middleware Запит до / зайняв 0.0195 секунд.
INFO 2026-07-02 12:59:31,951 log "GET / HTTP/1.1" 200 10110
INFO 2026-07-02 12:59:32,856 middleware Запит до / зайняв 0.0192 секунд.
INFO 2026-07-02 12:59:32,857 log "GET / HTTP/1.1" 200 10110
INFO 2026-07-02 13:00:48,122 middleware Запит до / зайняв 0.0220 секунд.
INFO 2026-07-02 13:00:48,123 log "GET / HTTP/1.1" 200 10108
INFO 2026-07-02 13:00:51,221 middleware Запит до /i18n/setlang/ зайняв 0.0006 секунд.
INFO 2026-07-02 13:00:51,221 log "POST /i18n/setlang/ HTTP/1.1" 302 0
INFO 2026-07-02 13:00:51,248 middleware Запит до / зайняв 0.0170 секунд.
INFO 2026-07-02 13:00:51,249 log "GET / HTTP/1.1" 200 10252
INFO 2026-07-02 13:00:53,121 middleware Запит до /i18n/setlang/ зайняв 0.0006 секунд.
INFO 2026-07-02 13:00:53,122 log "POST /i18n/setlang/ HTTP/1.1" 302 0
INFO 2026-07-02 13:00:53,155 middleware Запит до / зайняв 0.0215 секунд.
INFO 2026-07-02 13:00:53,155 log "GET / HTTP/1.1" 200 10108
INFO 2026-07-02 13:00:59,044 middleware Запит до /i18n/setlang/ зайняв 0.0005 секунд.
INFO 2026-07-02 13:00:59,045 log "POST /i18n/setlang/ HTTP/1.1" 302 0
INFO 2026-07-02 13:00:59,071 middleware Запит до / зайняв 0.0176 секунд.
INFO 2026-07-02 13:00:59,072 log "GET / HTTP/1.1" 200 10252
INFO 2026-07-02 13:01:01,064 middleware Запит до /i18n/setlang/ зайняв 0.0005 секунд.
INFO 2026-07-02 13:01:01,064 log "POST /i18n/setlang/ HTTP/1.1" 302 0
INFO 2026-07-02 13:01:01,086 middleware Запит до / зайняв 0.0153 секунд.
INFO 2026-07-02 13:01:01,086 log "GET / HTTP/1.1" 200 10108
INFO 2026-07-02 13:04:14,137 middleware Запит до / зайняв 0.0192 секунд.
INFO 2026-07-02 13:04:14,138 log "GET / HTTP/1.1" 200 10108
INFO 2026-07-02 13:04:14,905 middleware Запит до /catalog/ зайняв 0.0211 секунд.
INFO 2026-07-02 13:04:14,905 log "GET /catalog/ HTTP/1.1" 200 8759
INFO 2026-07-02 13:04:15,750 middleware Запит до / зайняв 0.0168 секунд.
INFO 2026-07-02 13:04:15,751 log "GET / HTTP/1.1" 200 10108
INFO 2026-07-02 13:04:16,526 middleware Запит до /catalog/ зайняв 0.0168 секунд.
INFO 2026-07-02 13:04:16,527 log "GET /catalog/ HTTP/1.1" 200 8759
INFO 2026-07-02 13:04:17,779 middleware Запит до / зайняв 0.0191 секунд.
INFO 2026-07-02 13:04:17,780 log "GET / HTTP/1.1" 200 10108
INFO 2026-07-02 13:04:18,625 middleware Запит до /catalog/ зайняв 0.0166 секунд.
INFO 2026-07-02 13:04:18,626 log "GET /catalog/ HTTP/1.1" 200 8759
INFO 2026-07-02 13:04:19,843 middleware Запит до /1/ зайняв 0.0170 секунд.
INFO 2026-07-02 13:04:19,843 log "GET /1/ HTTP/1.1" 200 5505
INFO 2026-07-02 13:04:21,574 middleware Запит до /catalog/ зайняв 0.0165 секунд.
INFO 2026-07-02 13:04:21,575 log "GET /catalog/ HTTP/1.1" 200 8759
INFO 2026-07-02 13:04:22,921 middleware Запит до /1/ зайняв 0.0136 секунд.
INFO 2026-07-02 13:04:22,922 log "GET /1/ HTTP/1.1" 200 5505
INFO 2026-07-02 13:04:24,660 middleware Запит до /catalog/ зайняв 0.0159 секунд.
INFO 2026-07-02 13:04:24,660 log "GET /catalog/ HTTP/1.1" 200 8759
INFO 2026-07-02 13:04:25,227 middleware Запит до / зайняв 0.0139 секунд.
INFO 2026-07-02 13:04:25,228 log "GET / HTTP/1.1" 200 10108
INFO 2026-07-02 13:04:27,075 middleware Запит до /i18n/setlang/ зайняв 0.0007 секунд.
INFO 2026-07-02 13:04:27,075 log "POST /i18n/setlang/ HTTP/1.1" 302 0
INFO 2026-07-02 13:04:27,103 middleware Запит до / зайняв 0.0194 секунд.
INFO 2026-07-02 13:04:27,104 log "GET / HTTP/1.1" 200 10252
INFO 2026-07-02 13:04:29,283 middleware Запит до /catalog/ зайняв 0.0166 секунд.
INFO 2026-07-02 13:04:29,284 log "GET /catalog/ HTTP/1.1" 200 9031
INFO 2026-07-02 13:04:31,149 middleware Запит до /1/ зайняв 0.0163 секунд.
INFO 2026-07-02 13:04:31,150 log "GET /1/ HTTP/1.1" 200 5688
INFO 2026-07-02 13:04:34,798 middleware Запит до /orders/cart/add/1/ зайняв 0.0122 секунд.
INFO 2026-07-02 13:04:34,802 log "POST /orders/cart/add/1/ HTTP/1.1" 302 0
INFO 2026-07-02 13:04:34,822 middleware Запит до /orders/cart/ зайняв 0.0164 секунд.
INFO 2026-07-02 13:04:34,822 log "GET /orders/cart/ HTTP/1.1" 200 9169
INFO 2026-07-02 13:04:38,561 middleware Запит до /i18n/setlang/ зайняв 0.0009 секунд.
INFO 2026-07-02 13:04:38,562 log "POST /i18n/setlang/ HTTP/1.1" 302 0
INFO 2026-07-02 13:04:38,580 middleware Запит до /orders/cart/ зайняв 0.0146 секунд.
INFO 2026-07-02 13:04:38,580 log "GET /orders/cart/ HTTP/1.1" 200 9114
INFO 2026-07-02 13:10:27,303 middleware Запит до /orders/cart/ зайняв 0.0220 секунд.
INFO 2026-07-02 13:10:27,304 log "GET /orders/cart/ HTTP/1.1" 200 9094
INFO 2026-07-02 13:31:52,655 middleware Запит до /orders/cart/ зайняв 0.0228 секунд.
INFO 2026-07-02 13:31:52,656 log "GET /orders/cart/ HTTP/1.1" 200 9085
INFO 2026-07-02 13:31:57,131 middleware Запит до /i18n/setlang/ зайняв 0.0008 секунд.
INFO 2026-07-02 13:31:57,131 log "POST /i18n/setlang/ HTTP/1.1" 302 0
INFO 2026-07-02 13:31:57,153 middleware Запит до /orders/cart/ зайняв 0.0159 секунд.
INFO 2026-07-02 13:31:57,154 log "GET /orders/cart/ HTTP/1.1" 200 9169
INFO 2026-07-02 13:31:59,770 middleware Запит до /i18n/setlang/ зайняв 0.0007 секунд.
INFO 2026-07-02 13:31:59,771 log "POST /i18n/setlang/ HTTP/1.1" 302 0
INFO 2026-07-02 13:31:59,796 middleware Запит до /orders/cart/ зайняв 0.0149 секунд.
INFO 2026-07-02 13:31:59,796 log "GET /orders/cart/ HTTP/1.1" 200 9085
INFO 2026-07-02 13:38:11,626 middleware Запит до /catalog/ зайняв 0.0195 секунд.
INFO 2026-07-02 13:38:11,627 log "GET /catalog/ HTTP/1.1" 200 8759
INFO 2026-07-02 13:38:13,346 middleware Запит до /1/ зайняв 0.0162 секунд.
INFO 2026-07-02 13:38:13,347 log "GET /1/ HTTP/1.1" 200 5505
INFO 2026-07-02 13:38:18,302 middleware Запит до /1/ зайняв 0.0156 секунд.
INFO 2026-07-02 13:38:18,303 log "GET /1/ HTTP/1.1" 200 5505
INFO 2026-07-02 13:38:22,894 middleware Запит до /2/ зайняв 0.0170 секунд.
INFO 2026-07-02 13:38:22,894 log "GET /2/ HTTP/1.1" 200 5527
INFO 2026-07-02 13:38:26,698 middleware Запит до /i18n/setlang/ зайняв 0.0006 секунд.
INFO 2026-07-02 13:38:26,699 log "POST /i18n/setlang/ HTTP/1.1" 302 0
INFO 2026-07-02 13:38:26,715 middleware Запит до /2/ зайняв 0.0134 секунд.
INFO 2026-07-02 13:38:26,716 log "GET /2/ HTTP/1.1" 200 5710
INFO 2026-07-02 13:38:29,217 middleware Запит до /i18n/setlang/ зайняв 0.0007 секунд.
INFO 2026-07-02 13:38:29,218 log "POST /i18n/setlang/ HTTP/1.1" 302 0
INFO 2026-07-02 13:38:29,239 middleware Запит до /2/ зайняв 0.0150 секунд.
INFO 2026-07-02 13:38:29,240 log "GET /2/ HTTP/1.1" 200 5527
INFO 2026-07-02 13:38:29,997 middleware Запит до / зайняв 0.0198 секунд.
INFO 2026-07-02 13:38:29,998 log "GET / HTTP/1.1" 200 10108
INFO 2026-07-02 13:38:34,455 middleware Запит до / зайняв 0.0189 секунд.
INFO 2026-07-02 13:38:34,456 log "GET / HTTP/1.1" 200 10108
INFO 2026-07-02 13:38:35,902 middleware Запит до / зайняв 0.0188 секунд.
INFO 2026-07-02 13:38:35,903 log "GET / HTTP/1.1" 200 10108
INFO 2026-07-02 13:38:36,871 middleware Запит до /catalog/ зайняв 0.0180 секунд.
INFO 2026-07-02 13:38:36,872 log "GET /catalog/ HTTP/1.1" 200 8759
INFO 2026-07-02 13:38:38,400 middleware Запит до /2/ зайняв 0.0157 секунд.
INFO 2026-07-02 13:38:38,400 log "GET /2/ HTTP/1.1" 200 5527
INFO 2026-07-02 13:38:39,649 middleware Запит до /orders/cart/add/2/ зайняв 0.0113 секунд.
INFO 2026-07-02 13:38:39,652 log "POST /orders/cart/add/2/ HTTP/1.1" 302 0
INFO 2026-07-02 13:38:39,669 middleware Запит до /orders/cart/ зайняв 0.0141 секунд.
INFO 2026-07-02 13:38:39,670 log "GET /orders/cart/ HTTP/1.1" 200 12755
INFO 2026-07-02 13:42:35,907 middleware Запит до /i18n/setlang/ зайняв 0.0006 секунд.
INFO 2026-07-02 13:42:35,908 log "POST /i18n/setlang/ HTTP/1.1" 302 0
INFO 2026-07-02 13:42:35,933 middleware Запит до /orders/cart/ зайняв 0.0171 секунд.
INFO 2026-07-02 13:42:35,934 log "GET /orders/cart/ HTTP/1.1" 200 12849
INFO 2026-07-02 13:42:37,519 middleware Запит до /i18n/setlang/ зайняв 0.0006 секунд.
INFO 2026-07-02 13:42:37,520 log "POST /i18n/setlang/ HTTP/1.1" 302 0
INFO 2026-07-02 13:42:37,546 middleware Запит до /orders/cart/ зайняв 0.0172 секунд.
INFO 2026-07-02 13:42:37,547 log "GET /orders/cart/ HTTP/1.1" 200 12755
INFO 2026-07-02 13:47:16,403 middleware Запит до /orders/cart/ зайняв 0.0279 секунд.
INFO 2026-07-02 13:47:16,404 log "GET /orders/cart/ HTTP/1.1" 200 12652
INFO 2026-07-02 13:49:06,444 middleware Запит до /orders/cart/ зайняв 0.0247 секунд.
INFO 2026-07-02 13:49:06,445 log "GET /orders/cart/ HTTP/1.1" 200 12622
INFO 2026-07-02 13:54:04,627 middleware Запит до /orders/cart/ зайняв 0.0258 секунд.
INFO 2026-07-02 13:54:04,628 log "GET /orders/cart/ HTTP/1.1" 200 12633
INFO 2026-07-02 13:55:01,245 middleware Запит до /orders/cart/ зайняв 0.0205 секунд.
INFO 2026-07-02 13:55:01,246 log "GET /orders/cart/ HTTP/1.1" 200 12633
INFO 2026-07-02 13:55:02,557 middleware Запит до /orders/cart/ зайняв 0.0175 секунд.
INFO 2026-07-02 13:55:02,558 log "GET /orders/cart/ HTTP/1.1" 200 12633
INFO 2026-07-02 13:55:42,324 middleware Запит до /orders/cart/ зайняв 0.0161 секунд.
INFO 2026-07-02 13:55:42,324 log "GET /orders/cart/ HTTP/1.1" 200 12619
INFO 2026-07-02 13:57:14,697 middleware Запит до /orders/cart/ зайняв 0.0260 секунд.
INFO 2026-07-02 13:57:14,697 log "GET /orders/cart/ HTTP/1.1" 200 12621
INFO 2026-07-02 13:57:40,133 middleware Запит до /orders/cart/ зайняв 0.0209 секунд.
INFO 2026-07-02 13:57:40,134 log "GET /orders/cart/ HTTP/1.1" 200 12621
INFO 2026-07-02 13:57:45,943 middleware Запит до /i18n/setlang/ зайняв 0.0010 секунд.
INFO 2026-07-02 13:57:45,944 log "POST /i18n/setlang/ HTTP/1.1" 302 0
INFO 2026-07-02 13:57:45,971 middleware Запит до /orders/cart/ зайняв 0.0177 секунд.
INFO 2026-07-02 13:57:45,972 log "GET /orders/cart/ HTTP/1.1" 200 12858
INFO 2026-07-02 13:57:48,742 middleware Запит до /i18n/setlang/ зайняв 0.0011 секунд.
INFO 2026-07-02 13:57:48,743 log "POST /i18n/setlang/ HTTP/1.1" 302 0
INFO 2026-07-02 13:57:48,770 middleware Запит до /orders/cart/ зайняв 0.0177 секунд.
INFO 2026-07-02 13:57:48,771 log "GET /orders/cart/ HTTP/1.1" 200 12621
INFO 2026-07-02 13:58:25,883 middleware Запит до /orders/cart/ зайняв 0.0209 секунд.
INFO 2026-07-02 13:58:25,883 log "GET /orders/cart/ HTTP/1.1" 200 12623
INFO 2026-07-02 13:59:59,811 middleware Запит до /orders/cart/ зайняв 0.0201 секунд.
INFO 2026-07-02 13:59:59,811 log "GET /orders/cart/ HTTP/1.1" 200 12625
INFO 2026-07-02 14:00:00,810 middleware Запит до /orders/cart/ зайняв 0.0184 секунд.
INFO 2026-07-02 14:00:00,810 log "GET /orders/cart/ HTTP/1.1" 200 12625
INFO 2026-07-02 14:01:09,093 middleware Запит до /orders/cart/ зайняв 0.0239 секунд.
INFO 2026-07-02 14:01:09,094 log "GET /orders/cart/ HTTP/1.1" 200 12617
INFO 2026-07-02 14:01:34,979 middleware Запит до /orders/cart/ зайняв 0.0219 секунд.
INFO 2026-07-02 14:01:34,980 log "GET /orders/cart/ HTTP/1.1" 200 12617
INFO 2026-07-02 14:01:35,852 middleware Запит до /orders/cart/ зайняв 0.0187 секунд.
INFO 2026-07-02 14:01:35,852 log "GET /orders/cart/ HTTP/1.1" 200 12617
INFO 2026-07-02 14:02:09,907 middleware Запит до /orders/cart/ зайняв 0.0209 секунд.
INFO 2026-07-02 14:02:09,907 log "GET /orders/cart/ HTTP/1.1" 200 12614
INFO 2026-07-02 14:02:13,047 middleware Запит до /catalog/ зайняв 0.0193 секунд.
INFO 2026-07-02 14:02:13,048 log "GET /catalog/ HTTP/1.1" 200 8759
INFO 2026-07-02 14:02:14,780 middleware Запит до / зайняв 0.0185 секунд.
INFO 2026-07-02 14:02:14,781 log "GET / HTTP/1.1" 200 10108
INFO 2026-07-02 14:02:17,663 middleware Запит до /catalog/ зайняв 0.0148 секунд.
INFO 2026-07-02 14:02:17,664 log "GET /catalog/ HTTP/1.1" 200 8759
INFO 2026-07-02 14:02:20,803 middleware Запит до / зайняв 0.0167 секунд.
INFO 2026-07-02 14:02:20,804 log "GET / HTTP/1.1" 200 10108
INFO 2026-07-02 14:02:26,020 middleware Запит до / зайняв 0.0174 секунд.
INFO 2026-07-02 14:02:26,020 log "GET / HTTP/1.1" 200 10108
INFO 2026-07-02 14:02:26,653 middleware Запит до /catalog/ зайняв 0.0149 секунд.
INFO 2026-07-02 14:02:26,654 log "GET /catalog/ HTTP/1.1" 200 8759
INFO 2026-07-02 14:02:33,029 middleware Запит до /2/ зайняв 0.0164 секунд.
INFO 2026-07-02 14:02:33,030 log "GET /2/ HTTP/1.1" 200 5527
INFO 2026-07-02 14:02:36,778 middleware Запит до /5/ зайняв 0.0160 секунд.
INFO 2026-07-02 14:02:36,778 log "GET /5/ HTTP/1.1" 200 6216
INFO 2026-07-02 14:02:36,792 middleware Запит до /images/covers/Elon_Musk.webp зайняв 0.0008 секунд.
INFO 2026-07-02 14:02:36,794 log "GET /images/covers/Elon_Musk.webp HTTP/1.1" 200 65110
INFO 2026-07-02 14:02:39,929 middleware Запит до /orders/cart/add/5/ зайняв 0.0122 секунд.
INFO 2026-07-02 14:02:39,932 log "POST /orders/cart/add/5/ HTTP/1.1" 302 0
INFO 2026-07-02 14:02:39,951 middleware Запит до /orders/cart/ зайняв 0.0161 секунд.
INFO 2026-07-02 14:02:39,951 log "GET /orders/cart/ HTTP/1.1" 200 16330
INFO 2026-07-02 14:07:55,092 middleware Запит до /orders/cart/remove/1/ зайняв 0.0133 секунд.
INFO 2026-07-02 14:07:55,097 log "POST /orders/cart/remove/1/ HTTP/1.1" 302 0
INFO 2026-07-02 14:07:55,114 middleware Запит до /orders/cart/ зайняв 0.0134 секунд.
INFO 2026-07-02 14:07:55,114 log "GET /orders/cart/ HTTP/1.1" 200 12691
INFO 2026-07-02 14:07:56,123 middleware Запит до /orders/cart/remove/2/ зайняв 0.0125 секунд.
INFO 2026-07-02 14:07:56,125 log "POST /orders/cart/remove/2/ HTTP/1.1" 302 0
INFO 2026-07-02 14:07:56,142 middleware Запит до /orders/cart/ зайняв 0.0135 секунд.
INFO 2026-07-02 14:07:56,143 log "GET /orders/cart/ HTTP/1.1" 200 9032
INFO 2026-07-02 14:08:02,522 middleware Запит до / зайняв 0.0209 секунд.
INFO 2026-07-02 14:08:02,522 log "GET / HTTP/1.1" 200 10108
INFO 2026-07-02 14:08:03,783 middleware Запит до /catalog/ зайняв 0.0159 секунд.
INFO 2026-07-02 14:08:03,783 log "GET /catalog/ HTTP/1.1" 200 8759
INFO 2026-07-02 14:08:05,049 middleware Запит до /2/ зайняв 0.0152 секунд.
INFO 2026-07-02 14:08:05,050 log "GET /2/ HTTP/1.1" 200 5527
INFO 2026-07-02 14:08:06,481 middleware Запит до /orders/cart/add/2/ зайняв 0.0124 секунд.
INFO 2026-07-02 14:08:06,483 log "POST /orders/cart/add/2/ HTTP/1.1" 302 0
INFO 2026-07-02 14:08:06,501 middleware Запит до /orders/cart/ зайняв 0.0140 секунд.
INFO 2026-07-02 14:08:06,501 log "GET /orders/cart/ HTTP/1.1" 200 12691
INFO 2026-07-02 14:11:37,437 middleware Запит до /orders/cart/ зайняв 0.0245 секунд.
INFO 2026-07-02 14:11:37,437 log "GET /orders/cart/ HTTP/1.1" 200 12693
INFO 2026-07-02 14:12:22,300 middleware Запит до /orders/cart/ зайняв 0.0276 секунд.
INFO 2026-07-02 14:12:22,300 log "GET /orders/cart/ HTTP/1.1" 200 12693
INFO 2026-07-02 14:12:43,793 middleware Запит до /orders/cart/ зайняв 0.0216 секунд.
INFO 2026-07-02 14:12:43,793 log "GET /orders/cart/ HTTP/1.1" 200 12693
INFO 2026-07-02 14:13:01,883 middleware Запит до /orders/cart/ зайняв 0.0152 секунд.
INFO 2026-07-02 14:13:01,884 log "GET /orders/cart/ HTTP/1.1" 200 12693
INFO 2026-07-02 14:15:46,945 middleware Запит до /orders/cart/ зайняв 0.0248 секунд.
INFO 2026-07-02 14:15:46,945 log "GET /orders/cart/ HTTP/1.1" 200 12692
INFO 2026-07-02 14:15:51,124 middleware Запит до / зайняв 0.0189 секунд.
INFO 2026-07-02 14:15:51,124 log "GET / HTTP/1.1" 200 10108
INFO 2026-07-02 14:15:52,939 middleware Запит до /catalog/ зайняв 0.0171 секунд.
INFO 2026-07-02 14:15:52,940 log "GET /catalog/ HTTP/1.1" 200 8759
INFO 2026-07-02 14:15:54,206 middleware Запит до /3/ зайняв 0.0176 секунд.
INFO 2026-07-02 14:15:54,207 log "GET /3/ HTTP/1.1" 200 5541
INFO 2026-07-02 14:15:55,435 middleware Запит до /orders/cart/add/3/ зайняв 0.0128 секунд.
INFO 2026-07-02 14:15:55,438 log "POST /orders/cart/add/3/ HTTP/1.1" 302 0
INFO 2026-07-02 14:15:55,456 middleware Запит до /orders/cart/ зайняв 0.0159 секунд.
INFO 2026-07-02 14:15:55,457 log "GET /orders/cart/ HTTP/1.1" 200 16371
INFO 2026-07-02 14:18:07,545 middleware Запит до /catalog/ зайняв 0.0153 секунд.
INFO 2026-07-02 14:18:07,546 log "GET /catalog/ HTTP/1.1" 200 8759
INFO 2026-07-02 14:18:09,587 middleware Запит до /4/ зайняв 0.0157 секунд.
INFO 2026-07-02 14:18:09,588 log "GET /4/ HTTP/1.1" 200 6944
INFO 2026-07-02 14:18:09,606 middleware Запит до /images/covers/Steve_Jobs.webp зайняв 0.0007 секунд.
INFO 2026-07-02 14:18:09,607 log "GET /images/covers/Steve_Jobs.webp HTTP/1.1" 200 35082
INFO 2026-07-02 14:18:11,754 middleware Запит до /4/ зайняв 0.0161 секунд.
INFO 2026-07-02 14:18:11,755 log "GET /4/ HTTP/1.1" 200 6944
INFO 2026-07-02 14:18:13,516 middleware Запит до /orders/cart/add/4/ зайняв 0.0121 секунд.
INFO 2026-07-02 14:18:13,519 log "POST /orders/cart/add/4/ HTTP/1.1" 302 0
INFO 2026-07-02 14:18:13,536 middleware Запит до /orders/cart/ зайняв 0.0143 секунд.
INFO 2026-07-02 14:18:13,536 log "GET /orders/cart/ HTTP/1.1" 200 19987
INFO 2026-07-02 14:18:15,525 middleware Запит до /orders/create/ зайняв 0.0202 секунд.
INFO 2026-07-02 14:18:15,526 log "GET /orders/create/ HTTP/1.1" 200 8274
ERROR 2026-07-02 14:27:11,007 log Internal Server Error: /orders/create/
Traceback (most recent call last):
  File "/usr/local/lib/python3.12/site-packages/django/core/handlers/exception.py", line 55, in inner
    response = get_response(request)
               ^^^^^^^^^^^^^^^^^^^^^
  File "/usr/local/lib/python3.12/site-packages/django/core/handlers/base.py", line 198, in _get_response
    response = wrapped_callback(request, *callback_args, **callback_kwargs)
               ^^^^^^^^^^^^^^^^^^^^^^^^^^^^^^^^^^^^^^^^^^^^^^^^^^^^^^^^^^^^
  File "/app/orders/views.py", line 77, in order_create
    return render(request, 'orders/order_create.html', {'cart': cart, 'form': form})
           ^^^^^^^^^^^^^^^^^^^^^^^^^^^^^^^^^^^^^^^^^^^^^^^^^^^^^^^^^^^^^^^^^^^^^^^^^
  File "/usr/local/lib/python3.12/site-packages/django/shortcuts.py", line 25, in render
    content = loader.render_to_string(template_name, context, request, using=using)
              ^^^^^^^^^^^^^^^^^^^^^^^^^^^^^^^^^^^^^^^^^^^^^^^^^^^^^^^^^^^^^^^^^^^^^
  File "/usr/local/lib/python3.12/site-packages/django/template/loader.py", line 61, in render_to_string
    template = get_template(template_name, using=using)
               ^^^^^^^^^^^^^^^^^^^^^^^^^^^^^^^^^^^^^^^^
  File "/usr/local/lib/python3.12/site-packages/django/template/loader.py", line 15, in get_template
    return engine.get_template(template_name)
           ^^^^^^^^^^^^^^^^^^^^^^^^^^^^^^^^^^
  File "/usr/local/lib/python3.12/site-packages/django/template/backends/django.py", line 79, in get_template
    return Template(self.engine.get_template(template_name), self)
                    ^^^^^^^^^^^^^^^^^^^^^^^^^^^^^^^^^^^^^^^
  File "/usr/local/lib/python3.12/site-packages/django/template/engine.py", line 186, in get_template
    template, origin = self.find_template(template_name)
                       ^^^^^^^^^^^^^^^^^^^^^^^^^^^^^^^^^
  File "/usr/local/lib/python3.12/site-packages/django/template/engine.py", line 159, in find_template
    template = loader.get_template(name, skip=skip)
               ^^^^^^^^^^^^^^^^^^^^^^^^^^^^^^^^^^^^
  File "/usr/local/lib/python3.12/site-packages/django/template/loaders/cached.py", line 57, in get_template
    template = super().get_template(template_name, skip)
               ^^^^^^^^^^^^^^^^^^^^^^^^^^^^^^^^^^^^^^^^^
  File "/usr/local/lib/python3.12/site-packages/django/template/loaders/base.py", line 28, in get_template
    return Template(
           ^^^^^^^^^
  File "/usr/local/lib/python3.12/site-packages/django/template/base.py", line 157, in __init__
    self.nodelist = self.compile_nodelist()
                    ^^^^^^^^^^^^^^^^^^^^^^^
  File "/usr/local/lib/python3.12/site-packages/django/template/base.py", line 199, in compile_nodelist
    nodelist = parser.parse()
               ^^^^^^^^^^^^^^
  File "/usr/local/lib/python3.12/site-packages/django/template/base.py", line 585, in parse
    raise self.error(token, e)
  File "/usr/local/lib/python3.12/site-packages/django/template/base.py", line 583, in parse
    compiled_result = compile_func(self, token)
                      ^^^^^^^^^^^^^^^^^^^^^^^^^
  File "/usr/local/lib/python3.12/site-packages/django/template/loader_tags.py", line 307, in do_extends
    nodelist = parser.parse()
               ^^^^^^^^^^^^^^
  File "/usr/local/lib/python3.12/site-packages/django/template/base.py", line 585, in parse
    raise self.error(token, e)
  File "/usr/local/lib/python3.12/site-packages/django/template/base.py", line 583, in parse
    compiled_result = compile_func(self, token)
                      ^^^^^^^^^^^^^^^^^^^^^^^^^
  File "/usr/local/lib/python3.12/site-packages/django/template/loader_tags.py", line 235, in do_block
    nodelist = parser.parse(("endblock",))
               ^^^^^^^^^^^^^^^^^^^^^^^^^^^
  File "/usr/local/lib/python3.12/site-packages/django/template/base.py", line 585, in parse
    raise self.error(token, e)
  File "/usr/local/lib/python3.12/site-packages/django/template/base.py", line 583, in parse
    compiled_result = compile_func(self, token)
                      ^^^^^^^^^^^^^^^^^^^^^^^^^
  File "/usr/local/lib/python3.12/site-packages/django/templatetags/i18n.py", line 543, in do_block_translate
    raise TemplateSyntaxError(
django.template.exceptions.TemplateSyntaxError: Template: /app/orders/templates/orders/order_create.html, Unknown argument for 'blocktranslate' tag: 'wuth'.
INFO 2026-07-02 14:27:11,008 middleware Запит до /orders/create/ зайняв 0.0406 секунд.
ERROR 2026-07-02 14:27:11,009 log "GET /orders/create/ HTTP/1.1" 500 181058
INFO 2026-07-02 14:27:57,729 middleware Запит до /orders/create/ зайняв 0.0241 секунд.
INFO 2026-07-02 14:27:57,730 log "GET /orders/create/ HTTP/1.1" 200 8096
INFO 2026-07-02 14:28:24,024 middleware Запит до /i18n/setlang/ зайняв 0.0005 секунд.
INFO 2026-07-02 14:28:24,025 log "POST /i18n/setlang/ HTTP/1.1" 302 0
INFO 2026-07-02 14:28:24,047 middleware Запит до /orders/create/ зайняв 0.0142 секунд.
INFO 2026-07-02 14:28:24,048 log "GET /orders/create/ HTTP/1.1" 200 8334
INFO 2026-07-02 14:28:31,166 middleware Запит до /i18n/setlang/ зайняв 0.0007 секунд.
INFO 2026-07-02 14:28:31,167 log "POST /i18n/setlang/ HTTP/1.1" 302 0
INFO 2026-07-02 14:28:31,187 middleware Запит до /orders/create/ зайняв 0.0154 секунд.
INFO 2026-07-02 14:28:31,187 log "GET /orders/create/ HTTP/1.1" 200 8096
INFO 2026-07-02 14:29:42,540 middleware Запит до /orders/create/ зайняв 0.0219 секунд.
INFO 2026-07-02 14:29:42,541 log "GET /orders/create/ HTTP/1.1" 200 8100
INFO 2026-07-02 14:29:45,300 middleware Запит до /i18n/setlang/ зайняв 0.0006 секунд.
INFO 2026-07-02 14:29:45,301 log "POST /i18n/setlang/ HTTP/1.1" 302 0
INFO 2026-07-02 14:29:45,322 middleware Запит до /orders/create/ зайняв 0.0155 секунд.
INFO 2026-07-02 14:29:45,323 log "GET /orders/create/ HTTP/1.1" 200 8338
INFO 2026-07-02 14:29:48,272 middleware Запит до /i18n/setlang/ зайняв 0.0006 секунд.
INFO 2026-07-02 14:29:48,272 log "POST /i18n/setlang/ HTTP/1.1" 302 0
INFO 2026-07-02 14:29:48,296 middleware Запит до /orders/create/ зайняв 0.0155 секунд.
INFO 2026-07-02 14:29:48,296 log "GET /orders/create/ HTTP/1.1" 200 8100
INFO 2026-07-02 14:32:36,765 middleware Запит до /orders/create/ зайняв 0.0507 секунд.
INFO 2026-07-02 14:32:36,767 log "POST /orders/create/ HTTP/1.1" 302 0
INFO 2026-07-02 14:32:36,777 middleware Запит до /orders/payment/process/ зайняв 0.0076 секунд.
INFO 2026-07-02 14:32:36,777 log "GET /orders/payment/process/ HTTP/1.1" 200 4489
INFO 2026-07-02 14:45:29,270 middleware Запит до /orders/payment/process/ зайняв 0.0256 секунд.
INFO 2026-07-02 14:45:29,271 log "GET /orders/payment/process/ HTTP/1.1" 200 4175
INFO 2026-07-02 14:46:25,911 middleware Запит до /orders/payment/process/ зайняв 0.0204 секунд.
INFO 2026-07-02 14:46:25,912 log "GET /orders/payment/process/ HTTP/1.1" 200 4171
INFO 2026-07-02 14:46:30,581 middleware Запит до /orders/payment/process/ зайняв 0.9434 секунд.
INFO 2026-07-02 14:46:30,582 log "POST /orders/payment/process/ HTTP/1.1" 302 0
INFO 2026-07-02 14:46:34,772 middleware Запит до /orders/payment/process/ зайняв 0.0151 секунд.
INFO 2026-07-02 14:46:34,773 log "GET /orders/payment/process/ HTTP/1.1" 200 4171
INFO 2026-07-02 14:46:35,960 middleware Запит до /catalog/ зайняв 0.0183 секунд.
INFO 2026-07-02 14:46:35,961 log "GET /catalog/ HTTP/1.1" 200 8759
INFO 2026-07-02 14:46:37,623 middleware Запит до /catalog/ зайняв 0.0159 секунд.
INFO 2026-07-02 14:46:37,624 log "GET /catalog/ HTTP/1.1" 200 8759
INFO 2026-07-02 14:47:19,645 middleware Запит до /3/ зайняв 0.0163 секунд.
INFO 2026-07-02 14:47:19,646 log "GET /3/ HTTP/1.1" 200 5541
INFO 2026-07-02 14:47:20,732 middleware Запит до /orders/cart/add/3/ зайняв 0.0122 секунд.
INFO 2026-07-02 14:47:20,735 log "POST /orders/cart/add/3/ HTTP/1.1" 302 0
INFO 2026-07-02 14:47:20,753 middleware Запит до /orders/cart/ зайняв 0.0155 секунд.
INFO 2026-07-02 14:47:20,754 log "GET /orders/cart/ HTTP/1.1" 200 8996
INFO 2026-07-02 14:47:23,913 middleware Запит до /orders/create/ зайняв 0.0183 секунд.
INFO 2026-07-02 14:47:23,914 log "GET /orders/create/ HTTP/1.1" 200 6645
INFO 2026-07-02 14:47:32,972 middleware Запит до /orders/create/ зайняв 0.0159 секунд.
INFO 2026-07-02 14:47:32,974 log "POST /orders/create/ HTTP/1.1" 302 0
INFO 2026-07-02 14:47:32,989 middleware Запит до /orders/payment/process/ зайняв 0.0117 секунд.
INFO 2026-07-02 14:47:32,989 log "GET /orders/payment/process/ HTTP/1.1" 200 4174
INFO 2026-07-02 14:47:39,084 middleware Запит до /orders/payment/process/ зайняв 0.5076 секунд.
INFO 2026-07-02 14:47:39,085 log "POST /orders/payment/process/ HTTP/1.1" 302 0
INFO 2026-07-02 14:48:59,324 middleware Запит до /orders/payment/completed/ зайняв 0.0206 секунд.
INFO 2026-07-02 14:48:59,325 log "GET /orders/payment/completed/ HTTP/1.1" 200 3708
INFO 2026-07-02 14:56:23,758 middleware Запит до /orders/payment/completed/ зайняв 0.0236 секунд.
INFO 2026-07-02 14:56:23,758 log "GET /orders/payment/completed/ HTTP/1.1" 200 3573
INFO 2026-07-03 14:05:15,144 autoreload Watching for file changes with StatReloader
INFO 2026-07-03 14:06:06,209 middleware Запит до /catalog/ зайняв 0.0294 секунд.
INFO 2026-07-03 14:06:06,211 log "GET /catalog/ HTTP/1.1" 200 8759
INFO 2026-07-03 14:06:42,966 middleware Запит до /users/logout/ зайняв 0.0158 секунд.
INFO 2026-07-03 14:06:42,967 log "POST /users/logout/ HTTP/1.1" 302 0
INFO 2026-07-03 14:06:42,984 middleware Запит до / зайняв 0.0143 секунд.
INFO 2026-07-03 14:06:42,984 log "GET / HTTP/1.1" 200 9641
INFO 2026-07-03 14:06:44,793 middleware Запит до /users/login/ зайняв 0.0105 секунд.
INFO 2026-07-03 14:06:44,794 log "GET /users/login/ HTTP/1.1" 200 3819
INFO 2026-07-03 14:10:12,290 middleware Запит до /users/login/ зайняв 0.0080 секунд.
INFO 2026-07-03 14:10:12,293 log "GET /users/login/ HTTP/1.1" 200 3797
INFO 2026-07-03 14:12:30,550 middleware Запит до /users/login/ зайняв 0.0077 секунд.
INFO 2026-07-03 14:12:30,553 log "GET /users/login/ HTTP/1.1" 200 3826
INFO 2026-07-03 14:14:40,876 middleware Запит до /users/login/ зайняв 0.0105 секунд.
INFO 2026-07-03 14:14:40,877 log "GET /users/login/ HTTP/1.1" 200 3769
INFO 2026-07-03 14:14:51,840 middleware Запит до /users/register/ зайняв 0.0134 секунд.
INFO 2026-07-03 14:14:51,841 log "GET /users/register/ HTTP/1.1" 200 4817
INFO 2026-07-03 14:16:00,684 middleware Запит до /i18n/setlang/ зайняв 0.0021 секунд.
INFO 2026-07-03 14:16:00,685 log "POST /i18n/setlang/ HTTP/1.1" 302 0
INFO 2026-07-03 14:16:00,700 middleware Запит до /users/register/ зайняв 0.0082 секунд.
INFO 2026-07-03 14:16:00,700 log "GET /users/register/ HTTP/1.1" 200 5165
INFO 2026-07-03 14:16:08,917 middleware Запит до /i18n/setlang/ зайняв 0.0005 секунд.
INFO 2026-07-03 14:16:08,918 log "POST /i18n/setlang/ HTTP/1.1" 302 0
INFO 2026-07-03 14:16:08,934 middleware Запит до /users/register/ зайняв 0.0029 секунд.
INFO 2026-07-03 14:16:08,935 log "GET /users/register/ HTTP/1.1" 200 4797
INFO 2026-07-03 14:17:35,726 middleware Запит до /users/register/ зайняв 0.0110 секунд.
INFO 2026-07-03 14:17:35,727 log "GET /users/register/ HTTP/1.1" 200 4783
INFO 2026-07-03 14:17:38,228 middleware Запит до /i18n/setlang/ зайняв 0.0008 секунд.
INFO 2026-07-03 14:17:38,229 log "POST /i18n/setlang/ HTTP/1.1" 302 0
INFO 2026-07-03 14:17:38,241 middleware Запит до /users/register/ зайняв 0.0031 секунд.
INFO 2026-07-03 14:17:38,241 log "GET /users/register/ HTTP/1.1" 200 5165
INFO 2026-07-03 14:17:40,445 middleware Запит до /i18n/setlang/ зайняв 0.0008 секунд.
INFO 2026-07-03 14:17:40,446 log "POST /i18n/setlang/ HTTP/1.1" 302 0
INFO 2026-07-03 14:17:40,460 middleware Запит до /users/register/ зайняв 0.0032 секунд.
INFO 2026-07-03 14:17:40,461 log "GET /users/register/ HTTP/1.1" 200 4783
INFO 2026-07-03 14:41:15,831 middleware Запит до /catalog/ зайняв 0.0174 секунд.
INFO 2026-07-03 14:41:15,831 log "GET /catalog/ HTTP/1.1" 200 8292
INFO 2026-07-03 14:41:18,795 middleware Запит до / зайняв 0.0180 секунд.
INFO 2026-07-03 14:41:18,796 log "GET / HTTP/1.1" 200 9641
INFO 2026-07-03 14:41:20,007 middleware Запит до / зайняв 0.0139 секунд.
INFO 2026-07-03 14:41:20,007 log "GET / HTTP/1.1" 200 9641
INFO 2026-07-03 14:42:45,985 middleware Запит до /catalog/ зайняв 0.0109 секунд.
INFO 2026-07-03 14:42:45,985 log "GET /catalog/ HTTP/1.1" 200 8292
INFO 2026-07-03 14:50:55,573 autoreload /app/shop_app/views.py changed, reloading.
INFO 2026-07-03 14:50:55,999 autoreload Watching for file changes with StatReloader
INFO 2026-07-03 14:51:51,980 autoreload /app/shop_app/views.py changed, reloading.
INFO 2026-07-03 14:51:52,379 autoreload Watching for file changes with StatReloader
INFO 2026-07-03 14:52:09,701 autoreload /app/shop_app/views.py changed, reloading.
INFO 2026-07-03 14:52:10,118 autoreload Watching for file changes with StatReloader
INFO 2026-07-03 14:53:54,885 autoreload /app/shop_app/views.py changed, reloading.
INFO 2026-07-03 14:53:55,309 autoreload Watching for file changes with StatReloader
INFO 2026-07-03 14:55:38,052 autoreload /app/shop_app/views.py changed, reloading.
INFO 2026-07-03 14:55:38,453 autoreload Watching for file changes with StatReloader
INFO 2026-07-03 14:55:46,641 autoreload /app/shop_app/views.py changed, reloading.
INFO 2026-07-03 14:55:47,050 autoreload Watching for file changes with StatReloader
INFO 2026-07-03 14:57:25,701 autoreload /app/shop_app/views.py changed, reloading.
INFO 2026-07-03 14:57:26,095 autoreload Watching for file changes with StatReloader
INFO 2026-07-03 15:00:56,533 autoreload /app/shop_app/views.py changed, reloading.
INFO 2026-07-03 15:00:56,935 autoreload Watching for file changes with StatReloader
INFO 2026-07-03 15:01:06,107 autoreload /app/shop_app/views.py changed, reloading.
INFO 2026-07-03 15:01:06,499 autoreload Watching for file changes with StatReloader
INFO 2026-07-03 15:03:20,610 autoreload /app/shop_app/views.py changed, reloading.
INFO 2026-07-03 15:03:20,996 autoreload Watching for file changes with StatReloader
INFO 2026-07-03 15:10:08,652 middleware Запит до /catalog/ зайняв 0.0210 секунд.
INFO 2026-07-03 15:10:08,654 log "GET /catalog/ HTTP/1.1" 200 8292
INFO 2026-07-03 15:10:09,794 middleware Запит до / зайняв 0.0226 секунд.
INFO 2026-07-03 15:10:09,795 log "GET / HTTP/1.1" 200 9641
INFO 2026-07-03 15:10:10,652 middleware Запит до /catalog/ зайняв 0.0152 секунд.
INFO 2026-07-03 15:10:10,653 log "GET /catalog/ HTTP/1.1" 200 8292
INFO 2026-07-03 15:10:11,304 middleware Запит до / зайняв 0.0162 секунд.
INFO 2026-07-03 15:10:11,304 log "GET / HTTP/1.1" 200 9641
INFO 2026-07-03 15:10:13,512 middleware Запит до / зайняв 0.0159 секунд.
INFO 2026-07-03 15:10:13,513 log "GET / HTTP/1.1" 200 9641
INFO 2026-07-03 15:10:22,928 middleware Запит до /i18n/setlang/ зайняв 0.0008 секунд.
INFO 2026-07-03 15:10:22,928 log "POST /i18n/setlang/ HTTP/1.1" 302 0
INFO 2026-07-03 15:10:22,948 middleware Запит до / зайняв 0.0168 секунд.
INFO 2026-07-03 15:10:22,949 log "GET / HTTP/1.1" 200 9769
INFO 2026-07-03 15:10:25,092 middleware Запит до /i18n/setlang/ зайняв 0.0007 секунд.
INFO 2026-07-03 15:10:25,093 log "POST /i18n/setlang/ HTTP/1.1" 302 0
INFO 2026-07-03 15:10:25,119 middleware Запит до / зайняв 0.0165 секунд.
INFO 2026-07-03 15:10:25,120 log "GET / HTTP/1.1" 200 9641
INFO 2026-07-03 15:10:25,890 middleware Запит до / зайняв 0.0186 секунд.
INFO 2026-07-03 15:10:25,890 log "GET / HTTP/1.1" 200 9641
INFO 2026-07-03 15:10:27,235 middleware Запит до /catalog/ зайняв 0.0147 секунд.
INFO 2026-07-03 15:10:27,236 log "GET /catalog/ HTTP/1.1" 200 8292
INFO 2026-07-03 15:10:28,739 middleware Запит до / зайняв 0.0173 секунд.
INFO 2026-07-03 15:10:28,740 log "GET / HTTP/1.1" 200 9641
INFO 2026-07-03 15:10:29,686 middleware Запит до /catalog/ зайняв 0.0129 секунд.
INFO 2026-07-03 15:10:29,687 log "GET /catalog/ HTTP/1.1" 200 8292
INFO 2026-07-03 15:10:32,413 middleware Запит до / зайняв 0.0174 секунд.
INFO 2026-07-03 15:10:32,413 log "GET / HTTP/1.1" 200 9641
INFO 2026-07-03 15:11:39,263 middleware Запит до / зайняв 0.0174 секунд.
INFO 2026-07-03 15:11:39,264 log "GET / HTTP/1.1" 200 9641
INFO 2026-07-03 15:11:39,835 middleware Запит до /catalog/ зайняв 0.0138 секунд.
INFO 2026-07-03 15:11:39,836 log "GET /catalog/ HTTP/1.1" 200 8292
INFO 2026-07-03 15:11:40,793 middleware Запит до /catalog/ зайняв 0.0133 секунд.
INFO 2026-07-03 15:11:40,793 log "GET /catalog/ HTTP/1.1" 200 8292
INFO 2026-07-03 15:11:42,047 middleware Запит до / зайняв 0.0177 секунд.
INFO 2026-07-03 15:11:42,048 log "GET / HTTP/1.1" 200 9641
INFO 2026-07-03 15:11:43,516 middleware Запит до /catalog/ зайняв 0.0118 секунд.
INFO 2026-07-03 15:11:43,516 log "GET /catalog/ HTTP/1.1" 200 8292
INFO 2026-07-03 15:11:44,459 middleware Запит до / зайняв 0.0169 секунд.
INFO 2026-07-03 15:11:44,459 log "GET / HTTP/1.1" 200 9641
INFO 2026-07-03 15:11:47,224 middleware Запит до / зайняв 0.0190 секунд.
INFO 2026-07-03 15:11:47,225 log "GET / HTTP/1.1" 200 9641
INFO 2026-07-03 15:11:48,200 middleware Запит до /catalog/ зайняв 0.0124 секунд.
INFO 2026-07-03 15:11:48,200 log "GET /catalog/ HTTP/1.1" 200 8292
INFO 2026-07-03 15:11:48,930 middleware Запит до /catalog/ зайняв 0.0117 секунд.
INFO 2026-07-03 15:11:48,931 log "GET /catalog/ HTTP/1.1" 200 8292
INFO 2026-07-03 15:11:49,847 middleware Запит до / зайняв 0.0174 секунд.
INFO 2026-07-03 15:11:49,848 log "GET / HTTP/1.1" 200 9641
INFO 2026-07-03 15:29:38,288 autoreload /app/shop_app/views.py changed, reloading.
INFO 2026-07-03 15:29:38,701 autoreload Watching for file changes with StatReloader
INFO 2026-07-03 15:34:42,851 autoreload /app/shop_app/views.py changed, reloading.
INFO 2026-07-03 15:34:43,290 autoreload Watching for file changes with StatReloader
INFO 2026-07-03 15:38:10,808 autoreload /app/shop_app/views.py changed, reloading.
INFO 2026-07-03 15:38:11,205 autoreload Watching for file changes with StatReloader
INFO 2026-07-03 15:38:23,464 autoreload /app/shop_app/views.py changed, reloading.
INFO 2026-07-03 15:38:23,856 autoreload Watching for file changes with StatReloader
INFO 2026-07-03 15:38:27,481 middleware Запит до / зайняв 0.0229 секунд.
INFO 2026-07-03 15:38:27,482 log "GET / HTTP/1.1" 200 9641
INFO 2026-07-03 15:38:28,432 middleware Запит до / зайняв 0.0165 секунд.
INFO 2026-07-03 15:38:28,433 log "GET / HTTP/1.1" 200 9641
INFO 2026-07-03 15:38:28,963 middleware Запит до /catalog/ зайняв 0.0168 секунд.
INFO 2026-07-03 15:38:28,964 log "GET /catalog/ HTTP/1.1" 200 8292
INFO 2026-07-03 15:38:30,231 middleware Запит до / зайняв 0.0177 секунд.
INFO 2026-07-03 15:38:30,232 log "GET / HTTP/1.1" 200 9641
INFO 2026-07-03 15:38:30,820 middleware Запит до /catalog/ зайняв 0.0118 секунд.
INFO 2026-07-03 15:38:30,821 log "GET /catalog/ HTTP/1.1" 200 8292
INFO 2026-07-03 15:38:31,490 middleware Запит до /catalog/ зайняв 0.0184 секунд.
INFO 2026-07-03 15:38:31,491 log "GET /catalog/ HTTP/1.1" 200 8292
INFO 2026-07-03 15:38:33,153 middleware Запит до /catalog/ зайняв 0.0140 секунд.
INFO 2026-07-03 15:38:33,153 log "GET /catalog/?category=6 HTTP/1.1" 200 6994
INFO 2026-07-03 15:38:33,831 middleware Запит до /catalog/ зайняв 0.0133 секунд.
INFO 2026-07-03 15:38:33,832 log "GET /catalog/?category=1 HTTP/1.1" 200 6365
INFO 2026-07-03 15:38:34,339 middleware Запит до /catalog/ зайняв 0.0147 секунд.
INFO 2026-07-03 15:38:34,340 log "GET /catalog/?category=2 HTTP/1.1" 200 7747
INFO 2026-07-03 15:38:34,882 middleware Запит до /catalog/ зайняв 0.0129 секунд.
INFO 2026-07-03 15:38:34,883 log "GET /catalog/?category=4 HTTP/1.1" 200 6991
INFO 2026-07-03 15:38:35,302 middleware Запит до /catalog/ зайняв 0.0146 секунд.
INFO 2026-07-03 15:38:35,303 log "GET /catalog/?category=5 HTTP/1.1" 200 6362
INFO 2026-07-03 15:38:35,932 middleware Запит до /catalog/ зайняв 0.0137 секунд.
INFO 2026-07-03 15:38:35,933 log "GET /catalog/?category=1 HTTP/1.1" 200 6365
INFO 2026-07-03 15:38:36,420 middleware Запит до /catalog/ зайняв 0.0137 секунд.
INFO 2026-07-03 15:38:36,420 log "GET /catalog/ HTTP/1.1" 200 8292
INFO 2026-07-03 15:38:39,170 middleware Запит до /catalog/ зайняв 0.0138 секунд.
INFO 2026-07-03 15:38:39,171 log "GET /catalog/?page=2 HTTP/1.1" 200 8361
INFO 2026-07-03 15:38:40,086 middleware Запит до /catalog/ зайняв 0.0140 секунд.
INFO 2026-07-03 15:38:40,086 log "GET /catalog/?page=3 HTTP/1.1" 200 8383
INFO 2026-07-03 15:38:40,800 middleware Запит до /catalog/ зайняв 0.0108 секунд.
INFO 2026-07-03 15:38:40,800 log "GET /catalog/?page=4 HTTP/1.1" 200 7576
INFO 2026-07-03 15:38:41,861 middleware Запит до /catalog/ зайняв 0.0107 секунд.
INFO 2026-07-03 15:38:41,861 log "GET /catalog/?page=3 HTTP/1.1" 200 8383
INFO 2026-07-03 15:38:42,837 middleware Запит до /catalog/ зайняв 0.0121 секунд.
INFO 2026-07-03 15:38:42,838 log "GET /catalog/?page=2 HTTP/1.1" 200 8361
INFO 2026-07-03 15:38:43,270 middleware Запит до /catalog/ зайняв 0.0145 секунд.
INFO 2026-07-03 15:38:43,271 log "GET /catalog/?page=1 HTTP/1.1" 200 8292
INFO 2026-07-03 15:38:48,245 middleware Запит до /catalog/ зайняв 0.0136 секунд.
INFO 2026-07-03 15:38:48,246 log "GET /catalog/?page=1 HTTP/1.1" 200 8292
INFO 2026-07-03 15:40:05,836 autoreload /app/shop_app/views.py changed, reloading.
INFO 2026-07-03 15:40:06,273 autoreload Watching for file changes with StatReloader
INFO 2026-07-03 15:40:16,505 autoreload /app/shop_app/views.py changed, reloading.
INFO 2026-07-03 15:40:16,898 autoreload Watching for file changes with StatReloader
INFO 2026-07-03 15:40:22,101 middleware Запит до /catalog/ зайняв 0.0203 секунд.
INFO 2026-07-03 15:40:22,103 log "GET /catalog/?page=1 HTTP/1.1" 200 8292
INFO 2026-07-03 15:40:22,659 middleware Запит до /catalog/ зайняв 0.0137 секунд.
INFO 2026-07-03 15:40:22,659 log "GET /catalog/ HTTP/1.1" 200 8292
INFO 2026-07-03 15:40:23,198 middleware Запит до / зайняв 0.0187 секунд.
INFO 2026-07-03 15:40:23,198 log "GET / HTTP/1.1" 200 9641
INFO 2026-07-03 15:40:24,291 middleware Запит до /catalog/ зайняв 0.0133 секунд.
INFO 2026-07-03 15:40:24,292 log "GET /catalog/ HTTP/1.1" 200 8292
INFO 2026-07-03 15:40:25,062 middleware Запит до /catalog/ зайняв 0.0143 секунд.
INFO 2026-07-03 15:40:25,062 log "GET /catalog/ HTTP/1.1" 200 8292
INFO 2026-07-03 15:40:25,776 middleware Запит до /catalog/ зайняв 0.0146 секунд.
INFO 2026-07-03 15:40:25,776 log "GET /catalog/ HTTP/1.1" 200 8292
INFO 2026-07-03 15:40:28,240 middleware Запит до /i18n/setlang/ зайняв 0.0005 секунд.
INFO 2026-07-03 15:40:28,241 log "POST /i18n/setlang/ HTTP/1.1" 302 0
INFO 2026-07-03 15:40:28,258 middleware Запит до /catalog/ зайняв 0.0135 секунд.
INFO 2026-07-03 15:40:28,259 log "GET /catalog/ HTTP/1.1" 200 8548
INFO 2026-07-03 15:40:28,729 middleware Запит до / зайняв 0.0162 секунд.
INFO 2026-07-03 15:40:28,730 log "GET / HTTP/1.1" 200 9769
INFO 2026-07-03 15:40:31,365 middleware Запит до /i18n/setlang/ зайняв 0.0007 секунд.
INFO 2026-07-03 15:40:31,366 log "POST /i18n/setlang/ HTTP/1.1" 302 0
INFO 2026-07-03 15:40:31,389 middleware Запит до / зайняв 0.0164 секунд.
INFO 2026-07-03 15:40:31,390 log "GET / HTTP/1.1" 200 9641
INFO 2026-07-03 15:40:32,085 middleware Запит до /catalog/ зайняв 0.0135 секунд.
INFO 2026-07-03 15:40:32,085 log "GET /catalog/ HTTP/1.1" 200 8292
INFO 2026-07-03 15:40:35,952 middleware Запит до /catalog/ зайняв 0.0138 секунд.
INFO 2026-07-03 15:40:35,953 log "GET /catalog/?page=2 HTTP/1.1" 200 8361
INFO 2026-07-03 15:40:36,579 middleware Запит до /catalog/ зайняв 0.0115 секунд.
INFO 2026-07-03 15:40:36,580 log "GET /catalog/?page=3 HTTP/1.1" 200 8383
INFO 2026-07-03 15:40:37,118 middleware Запит до /catalog/ зайняв 0.0135 секунд.
INFO 2026-07-03 15:40:37,118 log "GET /catalog/?page=4 HTTP/1.1" 200 7576
INFO 2026-07-03 15:40:37,913 middleware Запит до /catalog/ зайняв 0.0129 секунд.
INFO 2026-07-03 15:40:37,913 log "GET /catalog/?page=3 HTTP/1.1" 200 8383
INFO 2026-07-03 15:40:39,049 middleware Запит до /catalog/ зайняв 0.0137 секунд.
INFO 2026-07-03 15:40:39,050 log "GET /catalog/?page=2 HTTP/1.1" 200 8361
INFO 2026-07-03 15:40:39,451 middleware Запит до /catalog/ зайняв 0.0140 секунд.
INFO 2026-07-03 15:40:39,451 log "GET /catalog/?page=1 HTTP/1.1" 200 8292
INFO 2026-07-03 15:43:20,417 middleware Запит до /catalog/ зайняв 0.0148 секунд.
INFO 2026-07-03 15:43:20,418 log "GET /catalog/?page=2 HTTP/1.1" 200 8361
INFO 2026-07-03 15:43:21,448 middleware Запит до /catalog/ зайняв 0.0147 секунд.
INFO 2026-07-03 15:43:21,449 log "GET /catalog/?page=3 HTTP/1.1" 200 8383
INFO 2026-07-03 15:43:29,990 middleware Запит до /15/ зайняв 0.0144 секунд.
INFO 2026-07-03 15:43:29,990 log "GET /15/ HTTP/1.1" 200 4232
INFO 2026-07-03 15:43:30,003 middleware Запит до /images/covers/warbreaker.jpg зайняв 0.0018 секунд.
INFO 2026-07-03 15:43:30,007 log "GET /images/covers/warbreaker.jpg HTTP/1.1" 200 118538
INFO 2026-07-03 15:43:34,143 middleware Запит до /16/ зайняв 0.0118 секунд.
INFO 2026-07-03 15:43:34,144 log "GET /16/ HTTP/1.1" 200 5193
INFO 2026-07-03 15:43:34,155 middleware Запит до /images/covers/summer_game.jpg зайняв 0.0008 секунд.
INFO 2026-07-03 15:43:34,156 log "GET /images/covers/summer_game.jpg HTTP/1.1" 200 28988
INFO 2026-07-03 15:43:37,012 middleware Запит до /17/ зайняв 0.0121 секунд.
INFO 2026-07-03 15:43:37,013 log "GET /17/ HTTP/1.1" 200 5121
INFO 2026-07-03 15:43:37,023 middleware Запит до /images/covers/The_sweet_science.jpg зайняв 0.0008 секунд.
INFO 2026-07-03 15:43:37,023 log "GET /images/covers/The_sweet_science.jpg HTTP/1.1" 304 0
INFO 2026-07-03 15:43:40,831 middleware Запит до /14/ зайняв 0.0116 секунд.
INFO 2026-07-03 15:43:40,831 log "GET /14/ HTTP/1.1" 200 5369
INFO 2026-07-03 15:43:40,845 middleware Запит до /images/covers/game_of_thrones.jpg зайняв 0.0008 секунд.
INFO 2026-07-03 15:43:40,848 log "GET /images/covers/game_of_thrones.jpg HTTP/1.1" 200 321639
INFO 2026-07-03 15:43:44,855 middleware Запит до /15/ зайняв 0.0122 секунд.
INFO 2026-07-03 15:43:44,856 log "GET /15/ HTTP/1.1" 200 4232
INFO 2026-07-03 15:54:15,171 autoreload /app/shop_app/views.py changed, reloading.
INFO 2026-07-03 15:54:15,633 autoreload Watching for file changes with StatReloader
INFO 2026-07-03 15:57:50,345 middleware Запит до /catalog/ зайняв 0.0231 секунд.
INFO 2026-07-03 15:57:50,346 log "GET /catalog/?page=3 HTTP/1.1" 200 8383
INFO 2026-07-03 15:57:51,307 middleware Запит до /14/ зайняв 0.0248 секунд.
INFO 2026-07-03 15:57:51,310 log "GET /14/ HTTP/1.1" 200 5369
INFO 2026-07-03 15:57:55,162 middleware Запит до /15/ зайняв 0.0129 секунд.
INFO 2026-07-03 15:57:55,163 log "GET /15/ HTTP/1.1" 200 4232
INFO 2026-07-03 15:57:57,214 middleware Запит до /18/ зайняв 0.0141 секунд.
INFO 2026-07-03 15:57:57,214 log "GET /18/ HTTP/1.1" 200 5628
INFO 2026-07-03 15:57:57,226 middleware Запит до /images/covers/Heaven_is_a_playground.jpg зайняв 0.0008 секунд.
INFO 2026-07-03 15:57:57,229 log "GET /images/covers/Heaven_is_a_playground.jpg HTTP/1.1" 200 295111
INFO 2026-07-03 15:58:00,621 middleware Запит до /catalog/ зайняв 0.0152 секунд.
INFO 2026-07-03 15:58:00,622 log "GET /catalog/?page=2 HTTP/1.1" 200 8361
INFO 2026-07-03 15:58:01,405 middleware Запит до /13/ зайняв 0.0131 секунд.
INFO 2026-07-03 15:58:01,406 log "GET /13/ HTTP/1.1" 200 5164
INFO 2026-07-03 15:58:01,423 middleware Запит до /images/covers/Frida_Kahlo_Id85I6s.jpg зайняв 0.0013 секунд.
INFO 2026-07-03 15:58:01,425 log "GET /images/covers/Frida_Kahlo_Id85I6s.jpg HTTP/1.1" 200 21128
INFO 2026-07-03 15:58:03,704 middleware Запит до /12/ зайняв 0.0138 секунд.
INFO 2026-07-03 15:58:03,705 log "GET /12/ HTTP/1.1" 200 5156
INFO 2026-07-03 15:58:03,720 middleware Запит до /images/covers/Frida_Kahlo.jpg зайняв 0.0006 секунд.
INFO 2026-07-03 15:58:03,721 log "GET /images/covers/Frida_Kahlo.jpg HTTP/1.1" 200 21128
INFO 2026-07-03 15:58:05,605 middleware Запит до /6/ зайняв 0.0160 секунд.
INFO 2026-07-03 15:58:05,606 log "GET /6/ HTTP/1.1" 200 5450
INFO 2026-07-03 15:58:05,625 middleware Запит до /images/covers/Nikola_Tesla.jpg зайняв 0.0008 секунд.
INFO 2026-07-03 15:58:05,627 log "GET /images/covers/Nikola_Tesla.jpg HTTP/1.1" 200 76974
INFO 2026-07-03 15:58:07,508 middleware Запит до /catalog/ зайняв 0.0176 секунд.
INFO 2026-07-03 15:58:07,508 log "GET /catalog/?page=1 HTTP/1.1" 200 8292
INFO 2026-07-03 15:58:08,530 middleware Запит до /2/ зайняв 0.0142 секунд.
INFO 2026-07-03 15:58:08,530 log "GET /2/ HTTP/1.1" 200 4822
INFO 2026-07-03 15:58:11,644 middleware Запит до /3/ зайняв 0.0131 секунд.
INFO 2026-07-03 15:58:11,645 log "GET /3/ HTTP/1.1" 200 4836
INFO 2026-07-03 15:58:14,563 middleware Запит до /4/ зайняв 0.0151 секунд.
INFO 2026-07-03 15:58:14,564 log "GET /4/ HTTP/1.1" 200 6239
INFO 2026-07-03 15:58:17,779 middleware Запит до /5/ зайняв 0.0143 секунд.
INFO 2026-07-03 15:58:17,780 log "GET /5/ HTTP/1.1" 200 5511
INFO 2026-07-03 15:58:19,871 middleware Запит до /5/ зайняв 0.0142 секунд.
INFO 2026-07-03 15:58:19,871 log "GET /5/ HTTP/1.1" 200 5511
INFO 2026-07-03 16:20:50,997 autoreload /app/orders/views.py changed, reloading.
INFO 2026-07-03 16:20:51,407 autoreload Watching for file changes with StatReloader
INFO 2026-07-03 16:27:46,330 autoreload /app/orders/views.py changed, reloading.
INFO 2026-07-03 16:27:46,717 autoreload Watching for file changes with StatReloader
INFO 2026-07-03 16:29:03,008 autoreload /app/orders/views.py changed, reloading.
INFO 2026-07-03 16:29:03,404 autoreload Watching for file changes with StatReloader
INFO 2026-07-03 16:31:42,860 autoreload Watching for file changes with StatReloader
INFO 2026-07-03 16:32:00,195 autoreload /app/orders/views.py changed, reloading.
INFO 2026-07-03 16:32:00,607 autoreload Watching for file changes with StatReloader
INFO 2026-07-03 16:32:02,337 middleware Запит до /catalog/ зайняв 0.0228 секунд.
INFO 2026-07-03 16:32:02,338 log "GET /catalog/?page=1 HTTP/1.1" 200 8292
INFO 2026-07-03 16:32:04,174 middleware Запит до /2/ зайняв 0.0179 секунд.
INFO 2026-07-03 16:32:04,175 log "GET /2/ HTTP/1.1" 200 4822
INFO 2026-07-03 16:32:05,825 middleware Запит до /1/ зайняв 0.0116 секунд.
INFO 2026-07-03 16:32:05,825 log "GET /1/ HTTP/1.1" 200 4800
INFO 2026-07-03 16:32:09,279 middleware Запит до /catalog/ зайняв 0.0151 секунд.
INFO 2026-07-03 16:32:09,280 log "GET /catalog/ HTTP/1.1" 200 8292
INFO 2026-07-03 16:32:09,878 middleware Запит до / зайняв 0.0178 секунд.
INFO 2026-07-03 16:32:09,879 log "GET / HTTP/1.1" 200 9641
INFO 2026-07-03 16:32:10,431 middleware Запит до /catalog/ зайняв 0.0154 секунд.
INFO 2026-07-03 16:32:10,432 log "GET /catalog/ HTTP/1.1" 200 8292
INFO 2026-07-03 16:32:12,202 middleware Запит до / зайняв 0.0200 секунд.
INFO 2026-07-03 16:32:12,203 log "GET / HTTP/1.1" 200 9641
INFO 2026-07-03 16:32:13,829 middleware Запит до /catalog/ зайняв 0.0159 секунд.
INFO 2026-07-03 16:32:13,830 log "GET /catalog/ HTTP/1.1" 200 8292
INFO 2026-07-03 16:32:42,369 middleware Запит до /2/ зайняв 0.0137 секунд.
INFO 2026-07-03 16:32:42,370 log "GET /2/ HTTP/1.1" 200 4822
INFO 2026-07-03 16:32:43,435 middleware Запит до /orders/cart/add/2/ зайняв 0.0137 секунд.
INFO 2026-07-03 16:32:43,440 log "POST /orders/cart/add/2/ HTTP/1.1" 302 0
ERROR 2026-07-03 16:32:43,473 log Internal Server Error: /orders/cart/
Traceback (most recent call last):
  File "/usr/local/lib/python3.12/site-packages/django/core/handlers/exception.py", line 55, in inner
    response = get_response(request)
               ^^^^^^^^^^^^^^^^^^^^^
  File "/usr/local/lib/python3.12/site-packages/django/core/handlers/base.py", line 198, in _get_response
    response = wrapped_callback(request, *callback_args, **callback_kwargs)
               ^^^^^^^^^^^^^^^^^^^^^^^^^^^^^^^^^^^^^^^^^^^^^^^^^^^^^^^^^^^^
  File "/usr/local/lib/python3.12/site-packages/asgiref/sync.py", line 325, in __call__
    return call_result.result()
           ^^^^^^^^^^^^^^^^^^^^
  File "/usr/local/lib/python3.12/concurrent/futures/_base.py", line 449, in result
    return self.__get_result()
           ^^^^^^^^^^^^^^^^^^^
  File "/usr/local/lib/python3.12/concurrent/futures/_base.py", line 401, in __get_result
    raise self._exception
  File "/usr/local/lib/python3.12/site-packages/asgiref/sync.py", line 365, in main_wrap
    result = await awaitable
             ^^^^^^^^^^^^^^^
  File "/app/orders/views.py", line 56, in cart_detail
    return render(request, 'orders/cart_detail.html', {'cart': cart})
           ^^^^^^^^^^^^^^^^^^^^^^^^^^^^^^^^^^^^^^^^^^^^^^^^^^^^^^^^^^
  File "/usr/local/lib/python3.12/site-packages/django/shortcuts.py", line 25, in render
    content = loader.render_to_string(template_name, context, request, using=using)
              ^^^^^^^^^^^^^^^^^^^^^^^^^^^^^^^^^^^^^^^^^^^^^^^^^^^^^^^^^^^^^^^^^^^^^
  File "/usr/local/lib/python3.12/site-packages/django/template/loader.py", line 62, in render_to_string
    return template.render(context, request)
           ^^^^^^^^^^^^^^^^^^^^^^^^^^^^^^^^^
  File "/usr/local/lib/python3.12/site-packages/django/template/backends/django.py", line 107, in render
    return self.template.render(context)
           ^^^^^^^^^^^^^^^^^^^^^^^^^^^^^
  File "/usr/local/lib/python3.12/site-packages/django/template/base.py", line 174, in render
    return self._render(context)
           ^^^^^^^^^^^^^^^^^^^^^
  File "/usr/local/lib/python3.12/site-packages/django/test/utils.py", line 114, in instrumented_test_render
    return self.nodelist.render(context)
           ^^^^^^^^^^^^^^^^^^^^^^^^^^^^^
  File "/usr/local/lib/python3.12/site-packages/django/template/base.py", line 1091, in render
    return SafeString("".join([node.render_annotated(context) for node in self]))
                               ^^^^^^^^^^^^^^^^^^^^^^^^^^^^^^
  File "/usr/local/lib/python3.12/site-packages/django/template/base.py", line 1052, in render_annotated
    return self.render(context)
           ^^^^^^^^^^^^^^^^^^^^
  File "/usr/local/lib/python3.12/site-packages/django/template/loader_tags.py", line 160, in render
    return compiled_parent._render(context)
           ^^^^^^^^^^^^^^^^^^^^^^^^^^^^^^^^
  File "/usr/local/lib/python3.12/site-packages/django/test/utils.py", line 114, in instrumented_test_render
    return self.nodelist.render(context)
           ^^^^^^^^^^^^^^^^^^^^^^^^^^^^^
  File "/usr/local/lib/python3.12/site-packages/django/template/base.py", line 1091, in render
    return SafeString("".join([node.render_annotated(context) for node in self]))
                               ^^^^^^^^^^^^^^^^^^^^^^^^^^^^^^
  File "/usr/local/lib/python3.12/site-packages/django/template/base.py", line 1052, in render_annotated
    return self.render(context)
           ^^^^^^^^^^^^^^^^^^^^
  File "/usr/local/lib/python3.12/site-packages/django/template/loader_tags.py", line 66, in render
    result = block.nodelist.render(context)
             ^^^^^^^^^^^^^^^^^^^^^^^^^^^^^^
  File "/usr/local/lib/python3.12/site-packages/django/template/base.py", line 1091, in render
    return SafeString("".join([node.render_annotated(context) for node in self]))
                               ^^^^^^^^^^^^^^^^^^^^^^^^^^^^^^
  File "/usr/local/lib/python3.12/site-packages/django/template/base.py", line 1052, in render_annotated
    return self.render(context)
           ^^^^^^^^^^^^^^^^^^^^
  File "/usr/local/lib/python3.12/site-packages/django/template/defaulttags.py", line 333, in render
    return nodelist.render(context)
           ^^^^^^^^^^^^^^^^^^^^^^^^
  File "/usr/local/lib/python3.12/site-packages/django/template/base.py", line 1091, in render
    return SafeString("".join([node.render_annotated(context) for node in self]))
                               ^^^^^^^^^^^^^^^^^^^^^^^^^^^^^^
  File "/usr/local/lib/python3.12/site-packages/django/template/base.py", line 1052, in render_annotated
    return self.render(context)
           ^^^^^^^^^^^^^^^^^^^^
  File "/usr/local/lib/python3.12/site-packages/django/template/defaulttags.py", line 216, in render
    for i, item in enumerate(values):
                   ^^^^^^^^^^^^^^^^^
  File "/app/orders/cart.py", line 45, in __iter__
    for book in books:
                ^^^^^
  File "/usr/local/lib/python3.12/site-packages/django/db/models/query.py", line 390, in __iter__
    self._fetch_all()
  File "/usr/local/lib/python3.12/site-packages/django/db/models/query.py", line 2000, in _fetch_all
    self._result_cache = list(self._iterable_class(self))
                         ^^^^^^^^^^^^^^^^^^^^^^^^^^^^^^^^
  File "/usr/local/lib/python3.12/site-packages/django/db/models/query.py", line 95, in __iter__
    results = compiler.execute_sql(
              ^^^^^^^^^^^^^^^^^^^^^
  File "/usr/local/lib/python3.12/site-packages/django/db/models/sql/compiler.py", line 1622, in execute_sql
    cursor = self.connection.cursor()
             ^^^^^^^^^^^^^^^^^^^^^^^^
  File "/usr/local/lib/python3.12/site-packages/django/utils/asyncio.py", line 24, in inner
    raise SynchronousOnlyOperation(message)
django.core.exceptions.SynchronousOnlyOperation: You cannot call this from an async context - use a thread or sync_to_async.
INFO 2026-07-03 16:32:43,475 middleware Запит до /orders/cart/ зайняв 0.0322 секунд.
ERROR 2026-07-03 16:32:43,475 log "GET /orders/cart/ HTTP/1.1" 500 193265
INFO 2026-07-03 16:34:53,802 autoreload /app/orders/views.py changed, reloading.
INFO 2026-07-03 16:34:54,217 autoreload Watching for file changes with StatReloader
INFO 2026-07-03 16:35:05,463 autoreload /app/orders/views.py changed, reloading.
INFO 2026-07-03 16:35:05,868 autoreload Watching for file changes with StatReloader
INFO 2026-07-03 16:35:19,143 autoreload /app/orders/views.py changed, reloading.
INFO 2026-07-03 16:35:19,556 autoreload Watching for file changes with StatReloader
INFO 2026-07-03 16:36:48,141 autoreload /app/orders/views.py changed, reloading.
INFO 2026-07-03 16:36:48,539 autoreload Watching for file changes with StatReloader
ERROR 2026-07-03 16:36:58,232 log Internal Server Error: /orders/cart/
Traceback (most recent call last):
  File "/usr/local/lib/python3.12/site-packages/django/core/handlers/exception.py", line 55, in inner
    response = get_response(request)
               ^^^^^^^^^^^^^^^^^^^^^
  File "/usr/local/lib/python3.12/site-packages/django/core/handlers/base.py", line 198, in _get_response
    response = wrapped_callback(request, *callback_args, **callback_kwargs)
               ^^^^^^^^^^^^^^^^^^^^^^^^^^^^^^^^^^^^^^^^^^^^^^^^^^^^^^^^^^^^
  File "/usr/local/lib/python3.12/site-packages/asgiref/sync.py", line 325, in __call__
    return call_result.result()
           ^^^^^^^^^^^^^^^^^^^^
  File "/usr/local/lib/python3.12/concurrent/futures/_base.py", line 449, in result
    return self.__get_result()
           ^^^^^^^^^^^^^^^^^^^
  File "/usr/local/lib/python3.12/concurrent/futures/_base.py", line 401, in __get_result
    raise self._exception
  File "/usr/local/lib/python3.12/site-packages/asgiref/sync.py", line 365, in main_wrap
    result = await awaitable
             ^^^^^^^^^^^^^^^
  File "/app/orders/views.py", line 60, in cart_detail
    return render(request, 'orders/cart_detail.html', {'cart': cart, 'cart_items': cart_items})
           ^^^^^^^^^^^^^^^^^^^^^^^^^^^^^^^^^^^^^^^^^^^^^^^^^^^^^^^^^^^^^^^^^^^^^^^^^^^^^^^^^^^^
  File "/usr/local/lib/python3.12/site-packages/django/shortcuts.py", line 25, in render
    content = loader.render_to_string(template_name, context, request, using=using)
              ^^^^^^^^^^^^^^^^^^^^^^^^^^^^^^^^^^^^^^^^^^^^^^^^^^^^^^^^^^^^^^^^^^^^^
  File "/usr/local/lib/python3.12/site-packages/django/template/loader.py", line 62, in render_to_string
    return template.render(context, request)
           ^^^^^^^^^^^^^^^^^^^^^^^^^^^^^^^^^
  File "/usr/local/lib/python3.12/site-packages/django/template/backends/django.py", line 107, in render
    return self.template.render(context)
           ^^^^^^^^^^^^^^^^^^^^^^^^^^^^^
  File "/usr/local/lib/python3.12/site-packages/django/template/base.py", line 174, in render
    return self._render(context)
           ^^^^^^^^^^^^^^^^^^^^^
  File "/usr/local/lib/python3.12/site-packages/django/test/utils.py", line 114, in instrumented_test_render
    return self.nodelist.render(context)
           ^^^^^^^^^^^^^^^^^^^^^^^^^^^^^
  File "/usr/local/lib/python3.12/site-packages/django/template/base.py", line 1091, in render
    return SafeString("".join([node.render_annotated(context) for node in self]))
                               ^^^^^^^^^^^^^^^^^^^^^^^^^^^^^^
  File "/usr/local/lib/python3.12/site-packages/django/template/base.py", line 1052, in render_annotated
    return self.render(context)
           ^^^^^^^^^^^^^^^^^^^^
  File "/usr/local/lib/python3.12/site-packages/django/template/loader_tags.py", line 160, in render
    return compiled_parent._render(context)
           ^^^^^^^^^^^^^^^^^^^^^^^^^^^^^^^^
  File "/usr/local/lib/python3.12/site-packages/django/test/utils.py", line 114, in instrumented_test_render
    return self.nodelist.render(context)
           ^^^^^^^^^^^^^^^^^^^^^^^^^^^^^
  File "/usr/local/lib/python3.12/site-packages/django/template/base.py", line 1091, in render
    return SafeString("".join([node.render_annotated(context) for node in self]))
                               ^^^^^^^^^^^^^^^^^^^^^^^^^^^^^^
  File "/usr/local/lib/python3.12/site-packages/django/template/base.py", line 1052, in render_annotated
    return self.render(context)
           ^^^^^^^^^^^^^^^^^^^^
  File "/usr/local/lib/python3.12/site-packages/django/template/loader_tags.py", line 66, in render
    result = block.nodelist.render(context)
             ^^^^^^^^^^^^^^^^^^^^^^^^^^^^^^
  File "/usr/local/lib/python3.12/site-packages/django/template/base.py", line 1091, in render
    return SafeString("".join([node.render_annotated(context) for node in self]))
                               ^^^^^^^^^^^^^^^^^^^^^^^^^^^^^^
  File "/usr/local/lib/python3.12/site-packages/django/template/base.py", line 1052, in render_annotated
    return self.render(context)
           ^^^^^^^^^^^^^^^^^^^^
  File "/usr/local/lib/python3.12/site-packages/django/template/defaulttags.py", line 333, in render
    return nodelist.render(context)
           ^^^^^^^^^^^^^^^^^^^^^^^^
  File "/usr/local/lib/python3.12/site-packages/django/template/base.py", line 1091, in render
    return SafeString("".join([node.render_annotated(context) for node in self]))
                               ^^^^^^^^^^^^^^^^^^^^^^^^^^^^^^
  File "/usr/local/lib/python3.12/site-packages/django/template/base.py", line 1052, in render_annotated
    return self.render(context)
           ^^^^^^^^^^^^^^^^^^^^
  File "/usr/local/lib/python3.12/site-packages/django/template/defaulttags.py", line 216, in render
    for i, item in enumerate(values):
                   ^^^^^^^^^^^^^^^^^
  File "/app/orders/cart.py", line 45, in __iter__
    for book in books:
                ^^^^^
  File "/usr/local/lib/python3.12/site-packages/django/db/models/query.py", line 390, in __iter__
    self._fetch_all()
  File "/usr/local/lib/python3.12/site-packages/django/db/models/query.py", line 2000, in _fetch_all
    self._result_cache = list(self._iterable_class(self))
                         ^^^^^^^^^^^^^^^^^^^^^^^^^^^^^^^^
  File "/usr/local/lib/python3.12/site-packages/django/db/models/query.py", line 95, in __iter__
    results = compiler.execute_sql(
              ^^^^^^^^^^^^^^^^^^^^^
  File "/usr/local/lib/python3.12/site-packages/django/db/models/sql/compiler.py", line 1622, in execute_sql
    cursor = self.connection.cursor()
             ^^^^^^^^^^^^^^^^^^^^^^^^
  File "/usr/local/lib/python3.12/site-packages/django/utils/asyncio.py", line 24, in inner
    raise SynchronousOnlyOperation(message)
django.core.exceptions.SynchronousOnlyOperation: You cannot call this from an async context - use a thread or sync_to_async.
INFO 2026-07-03 16:36:58,234 middleware Запит до /orders/cart/ зайняв 0.0447 секунд.
ERROR 2026-07-03 16:36:58,235 log "GET /orders/cart/ HTTP/1.1" 500 200227
INFO 2026-07-03 16:37:50,875 middleware Запит до /orders/cart/ зайняв 0.0156 секунд.
INFO 2026-07-03 16:37:50,875 log "GET /orders/cart/ HTTP/1.1" 200 8509
ERROR 2026-07-03 16:37:53,177 log Internal Server Error: /
Traceback (most recent call last):
  File "/usr/local/lib/python3.12/site-packages/django/contrib/sessions/backends/base.py", line 246, in _get_session
    return self._session_cache
           ^^^^^^^^^^^^^^^^^^^
AttributeError: 'SessionStore' object has no attribute '_session_cache'

During handling of the above exception, another exception occurred:

Traceback (most recent call last):
  File "/usr/local/lib/python3.12/site-packages/django/core/handlers/exception.py", line 55, in inner
    response = get_response(request)
               ^^^^^^^^^^^^^^^^^^^^^
  File "/usr/local/lib/python3.12/site-packages/django/core/handlers/base.py", line 198, in _get_response
    response = wrapped_callback(request, *callback_args, **callback_kwargs)
               ^^^^^^^^^^^^^^^^^^^^^^^^^^^^^^^^^^^^^^^^^^^^^^^^^^^^^^^^^^^^
  File "/usr/local/lib/python3.12/site-packages/asgiref/sync.py", line 325, in __call__
    return call_result.result()
           ^^^^^^^^^^^^^^^^^^^^
  File "/usr/local/lib/python3.12/concurrent/futures/_base.py", line 449, in result
    return self.__get_result()
           ^^^^^^^^^^^^^^^^^^^
  File "/usr/local/lib/python3.12/concurrent/futures/_base.py", line 401, in __get_result
    raise self._exception
  File "/usr/local/lib/python3.12/site-packages/asgiref/sync.py", line 365, in main_wrap
    result = await awaitable
             ^^^^^^^^^^^^^^^
  File "/app/shop_app/views.py", line 40, in store
    return render(request, 'shop_app/store.html', context)
           ^^^^^^^^^^^^^^^^^^^^^^^^^^^^^^^^^^^^^^^^^^^^^^^
  File "/usr/local/lib/python3.12/site-packages/django/shortcuts.py", line 25, in render
    content = loader.render_to_string(template_name, context, request, using=using)
              ^^^^^^^^^^^^^^^^^^^^^^^^^^^^^^^^^^^^^^^^^^^^^^^^^^^^^^^^^^^^^^^^^^^^^
  File "/usr/local/lib/python3.12/site-packages/django/template/loader.py", line 62, in render_to_string
    return template.render(context, request)
           ^^^^^^^^^^^^^^^^^^^^^^^^^^^^^^^^^
  File "/usr/local/lib/python3.12/site-packages/django/template/backends/django.py", line 107, in render
    return self.template.render(context)
           ^^^^^^^^^^^^^^^^^^^^^^^^^^^^^
  File "/usr/local/lib/python3.12/site-packages/django/template/base.py", line 174, in render
    return self._render(context)
           ^^^^^^^^^^^^^^^^^^^^^
  File "/usr/local/lib/python3.12/site-packages/django/test/utils.py", line 114, in instrumented_test_render
    return self.nodelist.render(context)
           ^^^^^^^^^^^^^^^^^^^^^^^^^^^^^
  File "/usr/local/lib/python3.12/site-packages/django/template/base.py", line 1091, in render
    return SafeString("".join([node.render_annotated(context) for node in self]))
                               ^^^^^^^^^^^^^^^^^^^^^^^^^^^^^^
  File "/usr/local/lib/python3.12/site-packages/django/template/base.py", line 1052, in render_annotated
    return self.render(context)
           ^^^^^^^^^^^^^^^^^^^^
  File "/usr/local/lib/python3.12/site-packages/django/template/loader_tags.py", line 160, in render
    return compiled_parent._render(context)
           ^^^^^^^^^^^^^^^^^^^^^^^^^^^^^^^^
  File "/usr/local/lib/python3.12/site-packages/django/test/utils.py", line 114, in instrumented_test_render
    return self.nodelist.render(context)
           ^^^^^^^^^^^^^^^^^^^^^^^^^^^^^
  File "/usr/local/lib/python3.12/site-packages/django/template/base.py", line 1091, in render
    return SafeString("".join([node.render_annotated(context) for node in self]))
                               ^^^^^^^^^^^^^^^^^^^^^^^^^^^^^^
  File "/usr/local/lib/python3.12/site-packages/django/template/base.py", line 1052, in render_annotated
    return self.render(context)
           ^^^^^^^^^^^^^^^^^^^^
  File "/usr/local/lib/python3.12/site-packages/django/template/defaulttags.py", line 326, in render
    match = condition.eval(context)
            ^^^^^^^^^^^^^^^^^^^^^^^
  File "/usr/local/lib/python3.12/site-packages/django/template/defaulttags.py", line 918, in eval
    return self.value.resolve(context, ignore_failures=True)
           ^^^^^^^^^^^^^^^^^^^^^^^^^^^^^^^^^^^^^^^^^^^^^^^^^
  File "/usr/local/lib/python3.12/site-packages/django/template/base.py", line 788, in resolve
    obj = self.var.resolve(context)
          ^^^^^^^^^^^^^^^^^^^^^^^^^
  File "/usr/local/lib/python3.12/site-packages/django/template/base.py", line 928, in resolve
    value = self._resolve_lookup(context)
            ^^^^^^^^^^^^^^^^^^^^^^^^^^^^^
  File "/usr/local/lib/python3.12/site-packages/django/template/base.py", line 965, in _resolve_lookup
    current = current[bit]
              ~~~~~~~^^^^^
  File "/usr/local/lib/python3.12/site-packages/django/utils/functional.py", line 251, in inner
    self._setup()
  File "/usr/local/lib/python3.12/site-packages/django/utils/functional.py", line 404, in _setup
    self._wrapped = self._setupfunc()
                    ^^^^^^^^^^^^^^^^^
  File "/usr/local/lib/python3.12/site-packages/django/contrib/auth/middleware.py", line 40, in <lambda>
    request.user = SimpleLazyObject(lambda: get_user(request))
                                            ^^^^^^^^^^^^^^^^^
  File "/usr/local/lib/python3.12/site-packages/django/contrib/auth/middleware.py", line 20, in get_user
    request._cached_user = auth.get_user(request)
                           ^^^^^^^^^^^^^^^^^^^^^^
  File "/usr/local/lib/python3.12/site-packages/django/contrib/auth/__init__.py", line 321, in get_user
    user_id = _get_user_session_key(request)
              ^^^^^^^^^^^^^^^^^^^^^^^^^^^^^^
  File "/usr/local/lib/python3.12/site-packages/django/contrib/auth/__init__.py", line 95, in _get_user_session_key
    return get_user_model()._meta.pk.to_python(request.session[SESSION_KEY])
                                               ~~~~~~~~~~~~~~~^^^^^^^^^^^^^
  File "/usr/local/lib/python3.12/site-packages/django/contrib/sessions/backends/base.py", line 55, in __getitem__
    return self._session[key]
           ^^^^^^^^^^^^^
  File "/usr/local/lib/python3.12/site-packages/django/contrib/sessions/backends/base.py", line 251, in _get_session
    self._session_cache = self.load()
                          ^^^^^^^^^^^
  File "/usr/local/lib/python3.12/site-packages/django/contrib/sessions/backends/db.py", line 55, in load
    s = self._get_session_from_db()
        ^^^^^^^^^^^^^^^^^^^^^^^^^^^
  File "/usr/local/lib/python3.12/site-packages/django/contrib/sessions/backends/db.py", line 34, in _get_session_from_db
    return self.model.objects.get(
           ^^^^^^^^^^^^^^^^^^^^^^^
  File "/usr/local/lib/python3.12/site-packages/django/db/models/manager.py", line 87, in manager_method
    return getattr(self.get_queryset(), name)(*args, **kwargs)
           ^^^^^^^^^^^^^^^^^^^^^^^^^^^^^^^^^^^^^^^^^^^^^^^^^^^
  File "/usr/local/lib/python3.12/site-packages/django/db/models/query.py", line 635, in get
    num = len(clone)
          ^^^^^^^^^^
  File "/usr/local/lib/python3.12/site-packages/django/db/models/query.py", line 372, in __len__
    self._fetch_all()
  File "/usr/local/lib/python3.12/site-packages/django/db/models/query.py", line 2000, in _fetch_all
    self._result_cache = list(self._iterable_class(self))
                         ^^^^^^^^^^^^^^^^^^^^^^^^^^^^^^^^
  File "/usr/local/lib/python3.12/site-packages/django/db/models/query.py", line 95, in __iter__
    results = compiler.execute_sql(
              ^^^^^^^^^^^^^^^^^^^^^
  File "/usr/local/lib/python3.12/site-packages/django/db/models/sql/compiler.py", line 1622, in execute_sql
    cursor = self.connection.cursor()
             ^^^^^^^^^^^^^^^^^^^^^^^^
  File "/usr/local/lib/python3.12/site-packages/django/utils/asyncio.py", line 24, in inner
    raise SynchronousOnlyOperation(message)
django.core.exceptions.SynchronousOnlyOperation: You cannot call this from an async context - use a thread or sync_to_async.
INFO 2026-07-03 16:37:53,179 middleware Запит до / зайняв 0.0490 секунд.
ERROR 2026-07-03 16:37:53,180 log "GET / HTTP/1.1" 500 272840
INFO 2026-07-03 16:37:57,847 middleware Запит до /catalog/ зайняв 0.0217 секунд.
INFO 2026-07-03 16:37:57,848 log "GET /catalog/ HTTP/1.1" 200 8292
ERROR 2026-07-03 16:37:59,425 log Internal Server Error: /
Traceback (most recent call last):
  File "/usr/local/lib/python3.12/site-packages/django/contrib/sessions/backends/base.py", line 246, in _get_session
    return self._session_cache
           ^^^^^^^^^^^^^^^^^^^
AttributeError: 'SessionStore' object has no attribute '_session_cache'

During handling of the above exception, another exception occurred:

Traceback (most recent call last):
  File "/usr/local/lib/python3.12/site-packages/django/core/handlers/exception.py", line 55, in inner
    response = get_response(request)
               ^^^^^^^^^^^^^^^^^^^^^
  File "/usr/local/lib/python3.12/site-packages/django/core/handlers/base.py", line 198, in _get_response
    response = wrapped_callback(request, *callback_args, **callback_kwargs)
               ^^^^^^^^^^^^^^^^^^^^^^^^^^^^^^^^^^^^^^^^^^^^^^^^^^^^^^^^^^^^
  File "/usr/local/lib/python3.12/site-packages/asgiref/sync.py", line 325, in __call__
    return call_result.result()
           ^^^^^^^^^^^^^^^^^^^^
  File "/usr/local/lib/python3.12/concurrent/futures/_base.py", line 449, in result
    return self.__get_result()
           ^^^^^^^^^^^^^^^^^^^
  File "/usr/local/lib/python3.12/concurrent/futures/_base.py", line 401, in __get_result
    raise self._exception
  File "/usr/local/lib/python3.12/site-packages/asgiref/sync.py", line 365, in main_wrap
    result = await awaitable
             ^^^^^^^^^^^^^^^
  File "/app/shop_app/views.py", line 40, in store
    return render(request, 'shop_app/store.html', context)
           ^^^^^^^^^^^^^^^^^^^^^^^^^^^^^^^^^^^^^^^^^^^^^^^
  File "/usr/local/lib/python3.12/site-packages/django/shortcuts.py", line 25, in render
    content = loader.render_to_string(template_name, context, request, using=using)
              ^^^^^^^^^^^^^^^^^^^^^^^^^^^^^^^^^^^^^^^^^^^^^^^^^^^^^^^^^^^^^^^^^^^^^
  File "/usr/local/lib/python3.12/site-packages/django/template/loader.py", line 62, in render_to_string
    return template.render(context, request)
           ^^^^^^^^^^^^^^^^^^^^^^^^^^^^^^^^^
  File "/usr/local/lib/python3.12/site-packages/django/template/backends/django.py", line 107, in render
    return self.template.render(context)
           ^^^^^^^^^^^^^^^^^^^^^^^^^^^^^
  File "/usr/local/lib/python3.12/site-packages/django/template/base.py", line 174, in render
    return self._render(context)
           ^^^^^^^^^^^^^^^^^^^^^
  File "/usr/local/lib/python3.12/site-packages/django/test/utils.py", line 114, in instrumented_test_render
    return self.nodelist.render(context)
           ^^^^^^^^^^^^^^^^^^^^^^^^^^^^^
  File "/usr/local/lib/python3.12/site-packages/django/template/base.py", line 1091, in render
    return SafeString("".join([node.render_annotated(context) for node in self]))
                               ^^^^^^^^^^^^^^^^^^^^^^^^^^^^^^
  File "/usr/local/lib/python3.12/site-packages/django/template/base.py", line 1052, in render_annotated
    return self.render(context)
           ^^^^^^^^^^^^^^^^^^^^
  File "/usr/local/lib/python3.12/site-packages/django/template/loader_tags.py", line 160, in render
    return compiled_parent._render(context)
           ^^^^^^^^^^^^^^^^^^^^^^^^^^^^^^^^
  File "/usr/local/lib/python3.12/site-packages/django/test/utils.py", line 114, in instrumented_test_render
    return self.nodelist.render(context)
           ^^^^^^^^^^^^^^^^^^^^^^^^^^^^^
  File "/usr/local/lib/python3.12/site-packages/django/template/base.py", line 1091, in render
    return SafeString("".join([node.render_annotated(context) for node in self]))
                               ^^^^^^^^^^^^^^^^^^^^^^^^^^^^^^
  File "/usr/local/lib/python3.12/site-packages/django/template/base.py", line 1052, in render_annotated
    return self.render(context)
           ^^^^^^^^^^^^^^^^^^^^
  File "/usr/local/lib/python3.12/site-packages/django/template/defaulttags.py", line 326, in render
    match = condition.eval(context)
            ^^^^^^^^^^^^^^^^^^^^^^^
  File "/usr/local/lib/python3.12/site-packages/django/template/defaulttags.py", line 918, in eval
    return self.value.resolve(context, ignore_failures=True)
           ^^^^^^^^^^^^^^^^^^^^^^^^^^^^^^^^^^^^^^^^^^^^^^^^^
  File "/usr/local/lib/python3.12/site-packages/django/template/base.py", line 788, in resolve
    obj = self.var.resolve(context)
          ^^^^^^^^^^^^^^^^^^^^^^^^^
  File "/usr/local/lib/python3.12/site-packages/django/template/base.py", line 928, in resolve
    value = self._resolve_lookup(context)
            ^^^^^^^^^^^^^^^^^^^^^^^^^^^^^
  File "/usr/local/lib/python3.12/site-packages/django/template/base.py", line 965, in _resolve_lookup
    current = current[bit]
              ~~~~~~~^^^^^
  File "/usr/local/lib/python3.12/site-packages/django/utils/functional.py", line 251, in inner
    self._setup()
  File "/usr/local/lib/python3.12/site-packages/django/utils/functional.py", line 404, in _setup
    self._wrapped = self._setupfunc()
                    ^^^^^^^^^^^^^^^^^
  File "/usr/local/lib/python3.12/site-packages/django/contrib/auth/middleware.py", line 40, in <lambda>
    request.user = SimpleLazyObject(lambda: get_user(request))
                                            ^^^^^^^^^^^^^^^^^
  File "/usr/local/lib/python3.12/site-packages/django/contrib/auth/middleware.py", line 20, in get_user
    request._cached_user = auth.get_user(request)
                           ^^^^^^^^^^^^^^^^^^^^^^
  File "/usr/local/lib/python3.12/site-packages/django/contrib/auth/__init__.py", line 321, in get_user
    user_id = _get_user_session_key(request)
              ^^^^^^^^^^^^^^^^^^^^^^^^^^^^^^
  File "/usr/local/lib/python3.12/site-packages/django/contrib/auth/__init__.py", line 95, in _get_user_session_key
    return get_user_model()._meta.pk.to_python(request.session[SESSION_KEY])
                                               ~~~~~~~~~~~~~~~^^^^^^^^^^^^^
  File "/usr/local/lib/python3.12/site-packages/django/contrib/sessions/backends/base.py", line 55, in __getitem__
    return self._session[key]
           ^^^^^^^^^^^^^
  File "/usr/local/lib/python3.12/site-packages/django/contrib/sessions/backends/base.py", line 251, in _get_session
    self._session_cache = self.load()
                          ^^^^^^^^^^^
  File "/usr/local/lib/python3.12/site-packages/django/contrib/sessions/backends/db.py", line 55, in load
    s = self._get_session_from_db()
        ^^^^^^^^^^^^^^^^^^^^^^^^^^^
  File "/usr/local/lib/python3.12/site-packages/django/contrib/sessions/backends/db.py", line 34, in _get_session_from_db
    return self.model.objects.get(
           ^^^^^^^^^^^^^^^^^^^^^^^
  File "/usr/local/lib/python3.12/site-packages/django/db/models/manager.py", line 87, in manager_method
    return getattr(self.get_queryset(), name)(*args, **kwargs)
           ^^^^^^^^^^^^^^^^^^^^^^^^^^^^^^^^^^^^^^^^^^^^^^^^^^^
  File "/usr/local/lib/python3.12/site-packages/django/db/models/query.py", line 635, in get
    num = len(clone)
          ^^^^^^^^^^
  File "/usr/local/lib/python3.12/site-packages/django/db/models/query.py", line 372, in __len__
    self._fetch_all()
  File "/usr/local/lib/python3.12/site-packages/django/db/models/query.py", line 2000, in _fetch_all
    self._result_cache = list(self._iterable_class(self))
                         ^^^^^^^^^^^^^^^^^^^^^^^^^^^^^^^^
  File "/usr/local/lib/python3.12/site-packages/django/db/models/query.py", line 95, in __iter__
    results = compiler.execute_sql(
              ^^^^^^^^^^^^^^^^^^^^^
  File "/usr/local/lib/python3.12/site-packages/django/db/models/sql/compiler.py", line 1622, in execute_sql
    cursor = self.connection.cursor()
             ^^^^^^^^^^^^^^^^^^^^^^^^
  File "/usr/local/lib/python3.12/site-packages/django/utils/asyncio.py", line 24, in inner
    raise SynchronousOnlyOperation(message)
django.core.exceptions.SynchronousOnlyOperation: You cannot call this from an async context - use a thread or sync_to_async.
INFO 2026-07-03 16:37:59,427 middleware Запит до / зайняв 0.0438 секунд.
ERROR 2026-07-03 16:37:59,428 log "GET / HTTP/1.1" 500 272836
ERROR 2026-07-03 20:04:38,940 log Internal Server Error: /
Traceback (most recent call last):
  File "/usr/local/lib/python3.12/site-packages/django/contrib/sessions/backends/base.py", line 246, in _get_session
    return self._session_cache
           ^^^^^^^^^^^^^^^^^^^
AttributeError: 'SessionStore' object has no attribute '_session_cache'

During handling of the above exception, another exception occurred:

Traceback (most recent call last):
  File "/usr/local/lib/python3.12/site-packages/django/core/handlers/exception.py", line 55, in inner
    response = get_response(request)
               ^^^^^^^^^^^^^^^^^^^^^
  File "/usr/local/lib/python3.12/site-packages/django/core/handlers/base.py", line 198, in _get_response
    response = wrapped_callback(request, *callback_args, **callback_kwargs)
               ^^^^^^^^^^^^^^^^^^^^^^^^^^^^^^^^^^^^^^^^^^^^^^^^^^^^^^^^^^^^
  File "/usr/local/lib/python3.12/site-packages/asgiref/sync.py", line 325, in __call__
    return call_result.result()
           ^^^^^^^^^^^^^^^^^^^^
  File "/usr/local/lib/python3.12/concurrent/futures/_base.py", line 449, in result
    return self.__get_result()
           ^^^^^^^^^^^^^^^^^^^
  File "/usr/local/lib/python3.12/concurrent/futures/_base.py", line 401, in __get_result
    raise self._exception
  File "/usr/local/lib/python3.12/site-packages/asgiref/sync.py", line 365, in main_wrap
    result = await awaitable
             ^^^^^^^^^^^^^^^
  File "/app/shop_app/views.py", line 40, in store
    return render(request, 'shop_app/store.html', context)
           ^^^^^^^^^^^^^^^^^^^^^^^^^^^^^^^^^^^^^^^^^^^^^^^
  File "/usr/local/lib/python3.12/site-packages/django/shortcuts.py", line 25, in render
    content = loader.render_to_string(template_name, context, request, using=using)
              ^^^^^^^^^^^^^^^^^^^^^^^^^^^^^^^^^^^^^^^^^^^^^^^^^^^^^^^^^^^^^^^^^^^^^
  File "/usr/local/lib/python3.12/site-packages/django/template/loader.py", line 62, in render_to_string
    return template.render(context, request)
           ^^^^^^^^^^^^^^^^^^^^^^^^^^^^^^^^^
  File "/usr/local/lib/python3.12/site-packages/django/template/backends/django.py", line 107, in render
    return self.template.render(context)
           ^^^^^^^^^^^^^^^^^^^^^^^^^^^^^
  File "/usr/local/lib/python3.12/site-packages/django/template/base.py", line 174, in render
    return self._render(context)
           ^^^^^^^^^^^^^^^^^^^^^
  File "/usr/local/lib/python3.12/site-packages/django/test/utils.py", line 114, in instrumented_test_render
    return self.nodelist.render(context)
           ^^^^^^^^^^^^^^^^^^^^^^^^^^^^^
  File "/usr/local/lib/python3.12/site-packages/django/template/base.py", line 1091, in render
    return SafeString("".join([node.render_annotated(context) for node in self]))
                               ^^^^^^^^^^^^^^^^^^^^^^^^^^^^^^
  File "/usr/local/lib/python3.12/site-packages/django/template/base.py", line 1052, in render_annotated
    return self.render(context)
           ^^^^^^^^^^^^^^^^^^^^
  File "/usr/local/lib/python3.12/site-packages/django/template/loader_tags.py", line 160, in render
    return compiled_parent._render(context)
           ^^^^^^^^^^^^^^^^^^^^^^^^^^^^^^^^
  File "/usr/local/lib/python3.12/site-packages/django/test/utils.py", line 114, in instrumented_test_render
    return self.nodelist.render(context)
           ^^^^^^^^^^^^^^^^^^^^^^^^^^^^^
  File "/usr/local/lib/python3.12/site-packages/django/template/base.py", line 1091, in render
    return SafeString("".join([node.render_annotated(context) for node in self]))
                               ^^^^^^^^^^^^^^^^^^^^^^^^^^^^^^
  File "/usr/local/lib/python3.12/site-packages/django/template/base.py", line 1052, in render_annotated
    return self.render(context)
           ^^^^^^^^^^^^^^^^^^^^
  File "/usr/local/lib/python3.12/site-packages/django/template/defaulttags.py", line 326, in render
    match = condition.eval(context)
            ^^^^^^^^^^^^^^^^^^^^^^^
  File "/usr/local/lib/python3.12/site-packages/django/template/defaulttags.py", line 918, in eval
    return self.value.resolve(context, ignore_failures=True)
           ^^^^^^^^^^^^^^^^^^^^^^^^^^^^^^^^^^^^^^^^^^^^^^^^^
  File "/usr/local/lib/python3.12/site-packages/django/template/base.py", line 788, in resolve
    obj = self.var.resolve(context)
          ^^^^^^^^^^^^^^^^^^^^^^^^^
  File "/usr/local/lib/python3.12/site-packages/django/template/base.py", line 928, in resolve
    value = self._resolve_lookup(context)
            ^^^^^^^^^^^^^^^^^^^^^^^^^^^^^
  File "/usr/local/lib/python3.12/site-packages/django/template/base.py", line 965, in _resolve_lookup
    current = current[bit]
              ~~~~~~~^^^^^
  File "/usr/local/lib/python3.12/site-packages/django/utils/functional.py", line 251, in inner
    self._setup()
  File "/usr/local/lib/python3.12/site-packages/django/utils/functional.py", line 404, in _setup
    self._wrapped = self._setupfunc()
                    ^^^^^^^^^^^^^^^^^
  File "/usr/local/lib/python3.12/site-packages/django/contrib/auth/middleware.py", line 40, in <lambda>
    request.user = SimpleLazyObject(lambda: get_user(request))
                                            ^^^^^^^^^^^^^^^^^
  File "/usr/local/lib/python3.12/site-packages/django/contrib/auth/middleware.py", line 20, in get_user
    request._cached_user = auth.get_user(request)
                           ^^^^^^^^^^^^^^^^^^^^^^
  File "/usr/local/lib/python3.12/site-packages/django/contrib/auth/__init__.py", line 321, in get_user
    user_id = _get_user_session_key(request)
              ^^^^^^^^^^^^^^^^^^^^^^^^^^^^^^
  File "/usr/local/lib/python3.12/site-packages/django/contrib/auth/__init__.py", line 95, in _get_user_session_key
    return get_user_model()._meta.pk.to_python(request.session[SESSION_KEY])
                                               ~~~~~~~~~~~~~~~^^^^^^^^^^^^^
  File "/usr/local/lib/python3.12/site-packages/django/contrib/sessions/backends/base.py", line 55, in __getitem__
    return self._session[key]
           ^^^^^^^^^^^^^
  File "/usr/local/lib/python3.12/site-packages/django/contrib/sessions/backends/base.py", line 251, in _get_session
    self._session_cache = self.load()
                          ^^^^^^^^^^^
  File "/usr/local/lib/python3.12/site-packages/django/contrib/sessions/backends/db.py", line 55, in load
    s = self._get_session_from_db()
        ^^^^^^^^^^^^^^^^^^^^^^^^^^^
  File "/usr/local/lib/python3.12/site-packages/django/contrib/sessions/backends/db.py", line 34, in _get_session_from_db
    return self.model.objects.get(
           ^^^^^^^^^^^^^^^^^^^^^^^
  File "/usr/local/lib/python3.12/site-packages/django/db/models/manager.py", line 87, in manager_method
    return getattr(self.get_queryset(), name)(*args, **kwargs)
           ^^^^^^^^^^^^^^^^^^^^^^^^^^^^^^^^^^^^^^^^^^^^^^^^^^^
  File "/usr/local/lib/python3.12/site-packages/django/db/models/query.py", line 635, in get
    num = len(clone)
          ^^^^^^^^^^
  File "/usr/local/lib/python3.12/site-packages/django/db/models/query.py", line 372, in __len__
    self._fetch_all()
  File "/usr/local/lib/python3.12/site-packages/django/db/models/query.py", line 2000, in _fetch_all
    self._result_cache = list(self._iterable_class(self))
                         ^^^^^^^^^^^^^^^^^^^^^^^^^^^^^^^^
  File "/usr/local/lib/python3.12/site-packages/django/db/models/query.py", line 95, in __iter__
    results = compiler.execute_sql(
              ^^^^^^^^^^^^^^^^^^^^^
  File "/usr/local/lib/python3.12/site-packages/django/db/models/sql/compiler.py", line 1622, in execute_sql
    cursor = self.connection.cursor()
             ^^^^^^^^^^^^^^^^^^^^^^^^
  File "/usr/local/lib/python3.12/site-packages/django/utils/asyncio.py", line 24, in inner
    raise SynchronousOnlyOperation(message)
django.core.exceptions.SynchronousOnlyOperation: You cannot call this from an async context - use a thread or sync_to_async.
INFO 2026-07-03 20:04:38,943 middleware Запит до / зайняв 0.0478 секунд.
ERROR 2026-07-03 20:04:38,943 log "GET / HTTP/1.1" 500 272970
INFO 2026-07-03 20:13:17,524 autoreload /app/shop_app/views.py changed, reloading.
INFO 2026-07-03 20:13:17,951 autoreload Watching for file changes with StatReloader
INFO 2026-07-03 20:13:32,549 middleware Запит до / зайняв 0.0271 секунд.
INFO 2026-07-03 20:13:32,551 log "GET / HTTP/1.1" 200 9641
INFO 2026-07-03 20:13:36,614 middleware Запит до / зайняв 0.0160 секунд.
INFO 2026-07-03 20:13:36,615 log "GET / HTTP/1.1" 200 9641
INFO 2026-07-03 20:13:37,395 middleware Запит до /catalog/ зайняв 0.0201 секунд.
INFO 2026-07-03 20:13:37,396 log "GET /catalog/ HTTP/1.1" 200 8292
INFO 2026-07-03 20:13:38,946 middleware Запит до /2/ зайняв 0.0182 секунд.
INFO 2026-07-03 20:13:38,946 log "GET /2/ HTTP/1.1" 200 4822
INFO 2026-07-03 20:13:42,459 middleware Запит до / зайняв 0.0185 секунд.
INFO 2026-07-03 20:13:42,460 log "GET / HTTP/1.1" 200 9641
INFO 2026-07-03 20:35:35,331 autoreload /app/orders/views.py changed, reloading.
INFO 2026-07-03 20:35:35,780 autoreload Watching for file changes with StatReloader
INFO 2026-07-03 20:53:05,863 autoreload /app/orders/views.py changed, reloading.
INFO 2026-07-03 20:53:06,258 autoreload Watching for file changes with StatReloader
INFO 2026-07-03 20:53:47,000 autoreload /app/orders/views.py changed, reloading.
INFO 2026-07-03 20:53:47,398 autoreload Watching for file changes with StatReloader
INFO 2026-07-03 21:05:34,044 autoreload /app/orders/views.py changed, reloading.
INFO 2026-07-03 21:05:34,475 autoreload Watching for file changes with StatReloader
INFO 2026-07-03 21:11:13,457 middleware Запит до / зайняв 0.0251 секунд.
INFO 2026-07-03 21:11:13,458 log "GET / HTTP/1.1" 200 9641
INFO 2026-07-03 21:11:14,427 middleware Запит до / зайняв 0.0198 секунд.
INFO 2026-07-03 21:11:14,427 log "GET / HTTP/1.1" 200 9641
INFO 2026-07-03 21:11:15,224 middleware Запит до /catalog/ зайняв 0.0185 секунд.
INFO 2026-07-03 21:11:15,225 log "GET /catalog/ HTTP/1.1" 200 8292
INFO 2026-07-03 21:11:17,026 middleware Запит до /2/ зайняв 0.0155 секунд.
INFO 2026-07-03 21:11:17,027 log "GET /2/ HTTP/1.1" 200 4822
INFO 2026-07-03 21:11:18,290 middleware Запит до /orders/cart/add/2/ зайняв 0.0119 секунд.
INFO 2026-07-03 21:11:18,293 log "POST /orders/cart/add/2/ HTTP/1.1" 302 0
INFO 2026-07-03 21:11:18,312 middleware Запит до /orders/cart/ зайняв 0.0163 секунд.
INFO 2026-07-03 21:11:18,312 log "GET /orders/cart/ HTTP/1.1" 200 8509
INFO 2026-07-03 21:11:24,200 middleware Запит до /orders/cart/ зайняв 0.0146 секунд.
INFO 2026-07-03 21:11:24,200 log "GET /orders/cart/ HTTP/1.1" 200 8509
INFO 2026-07-03 21:11:27,023 middleware Запит до /catalog/ зайняв 0.0171 секунд.
INFO 2026-07-03 21:11:27,023 log "GET /catalog/ HTTP/1.1" 200 8292
INFO 2026-07-03 21:11:28,302 middleware Запит до /3/ зайняв 0.0140 секунд.
INFO 2026-07-03 21:11:28,303 log "GET /3/ HTTP/1.1" 200 4836
INFO 2026-07-03 21:11:29,582 middleware Запит до /orders/cart/add/3/ зайняв 0.0121 секунд.
INFO 2026-07-03 21:11:29,584 log "POST /orders/cart/add/3/ HTTP/1.1" 302 0
INFO 2026-07-03 21:11:29,602 middleware Запит до /orders/cart/ зайняв 0.0147 секунд.
INFO 2026-07-03 21:11:29,603 log "GET /orders/cart/ HTTP/1.1" 200 12188
INFO 2026-07-03 21:11:31,968 middleware Запит до /orders/cart/remove/2/ зайняв 0.0113 секунд.
INFO 2026-07-03 21:11:31,970 log "POST /orders/cart/remove/2/ HTTP/1.1" 302 0
INFO 2026-07-03 21:11:31,985 middleware Запит до /orders/cart/ зайняв 0.0127 секунд.
INFO 2026-07-03 21:11:31,986 log "GET /orders/cart/ HTTP/1.1" 200 8529
ERROR 2026-07-03 21:11:34,195 log Internal Server Error: /orders/create/
Traceback (most recent call last):
  File "/usr/local/lib/python3.12/site-packages/django/core/handlers/exception.py", line 55, in inner
    response = get_response(request)
               ^^^^^^^^^^^^^^^^^^^^^
  File "/usr/local/lib/python3.12/site-packages/django/core/handlers/base.py", line 198, in _get_response
    response = wrapped_callback(request, *callback_args, **callback_kwargs)
               ^^^^^^^^^^^^^^^^^^^^^^^^^^^^^^^^^^^^^^^^^^^^^^^^^^^^^^^^^^^^
  File "/usr/local/lib/python3.12/site-packages/asgiref/sync.py", line 325, in __call__
    return call_result.result()
           ^^^^^^^^^^^^^^^^^^^^
  File "/usr/local/lib/python3.12/concurrent/futures/_base.py", line 449, in result
    return self.__get_result()
           ^^^^^^^^^^^^^^^^^^^
  File "/usr/local/lib/python3.12/concurrent/futures/_base.py", line 401, in __get_result
    raise self._exception
  File "/usr/local/lib/python3.12/site-packages/asgiref/sync.py", line 365, in main_wrap
    result = await awaitable
             ^^^^^^^^^^^^^^^
  File "/app/orders/views.py", line 107, in order_create
    return render(request, 'orders/order_create.html', {'cart': cart, 'form': form})
           ^^^^^^^^^^^^^^^^^^^^^^^^^^^^^^^^^^^^^^^^^^^^^^^^^^^^^^^^^^^^^^^^^^^^^^^^^
  File "/usr/local/lib/python3.12/site-packages/django/shortcuts.py", line 25, in render
    content = loader.render_to_string(template_name, context, request, using=using)
              ^^^^^^^^^^^^^^^^^^^^^^^^^^^^^^^^^^^^^^^^^^^^^^^^^^^^^^^^^^^^^^^^^^^^^
  File "/usr/local/lib/python3.12/site-packages/django/template/loader.py", line 62, in render_to_string
    return template.render(context, request)
           ^^^^^^^^^^^^^^^^^^^^^^^^^^^^^^^^^
  File "/usr/local/lib/python3.12/site-packages/django/template/backends/django.py", line 107, in render
    return self.template.render(context)
           ^^^^^^^^^^^^^^^^^^^^^^^^^^^^^
  File "/usr/local/lib/python3.12/site-packages/django/template/base.py", line 174, in render
    return self._render(context)
           ^^^^^^^^^^^^^^^^^^^^^
  File "/usr/local/lib/python3.12/site-packages/django/test/utils.py", line 114, in instrumented_test_render
    return self.nodelist.render(context)
           ^^^^^^^^^^^^^^^^^^^^^^^^^^^^^
  File "/usr/local/lib/python3.12/site-packages/django/template/base.py", line 1091, in render
    return SafeString("".join([node.render_annotated(context) for node in self]))
                               ^^^^^^^^^^^^^^^^^^^^^^^^^^^^^^
  File "/usr/local/lib/python3.12/site-packages/django/template/base.py", line 1052, in render_annotated
    return self.render(context)
           ^^^^^^^^^^^^^^^^^^^^
  File "/usr/local/lib/python3.12/site-packages/django/template/loader_tags.py", line 160, in render
    return compiled_parent._render(context)
           ^^^^^^^^^^^^^^^^^^^^^^^^^^^^^^^^
  File "/usr/local/lib/python3.12/site-packages/django/test/utils.py", line 114, in instrumented_test_render
    return self.nodelist.render(context)
           ^^^^^^^^^^^^^^^^^^^^^^^^^^^^^
  File "/usr/local/lib/python3.12/site-packages/django/template/base.py", line 1091, in render
    return SafeString("".join([node.render_annotated(context) for node in self]))
                               ^^^^^^^^^^^^^^^^^^^^^^^^^^^^^^
  File "/usr/local/lib/python3.12/site-packages/django/template/base.py", line 1052, in render_annotated
    return self.render(context)
           ^^^^^^^^^^^^^^^^^^^^
  File "/usr/local/lib/python3.12/site-packages/django/template/loader_tags.py", line 66, in render
    result = block.nodelist.render(context)
             ^^^^^^^^^^^^^^^^^^^^^^^^^^^^^^
  File "/usr/local/lib/python3.12/site-packages/django/template/base.py", line 1091, in render
    return SafeString("".join([node.render_annotated(context) for node in self]))
                               ^^^^^^^^^^^^^^^^^^^^^^^^^^^^^^
  File "/usr/local/lib/python3.12/site-packages/django/template/base.py", line 1052, in render_annotated
    return self.render(context)
           ^^^^^^^^^^^^^^^^^^^^
  File "/usr/local/lib/python3.12/site-packages/django/template/defaulttags.py", line 216, in render
    for i, item in enumerate(values):
                   ^^^^^^^^^^^^^^^^^
  File "/app/orders/cart.py", line 45, in __iter__
    for book in books:
                ^^^^^
  File "/usr/local/lib/python3.12/site-packages/django/db/models/query.py", line 390, in __iter__
    self._fetch_all()
  File "/usr/local/lib/python3.12/site-packages/django/db/models/query.py", line 2000, in _fetch_all
    self._result_cache = list(self._iterable_class(self))
                         ^^^^^^^^^^^^^^^^^^^^^^^^^^^^^^^^
  File "/usr/local/lib/python3.12/site-packages/django/db/models/query.py", line 95, in __iter__
    results = compiler.execute_sql(
              ^^^^^^^^^^^^^^^^^^^^^
  File "/usr/local/lib/python3.12/site-packages/django/db/models/sql/compiler.py", line 1622, in execute_sql
    cursor = self.connection.cursor()
             ^^^^^^^^^^^^^^^^^^^^^^^^
  File "/usr/local/lib/python3.12/site-packages/django/utils/asyncio.py", line 24, in inner
    raise SynchronousOnlyOperation(message)
django.core.exceptions.SynchronousOnlyOperation: You cannot call this from an async context - use a thread or sync_to_async.
INFO 2026-07-03 21:11:34,197 middleware Запит до /orders/create/ зайняв 0.0416 секунд.
ERROR 2026-07-03 21:11:34,198 log "GET /orders/create/ HTTP/1.1" 500 181855
INFO 2026-07-03 21:16:03,415 autoreload /app/orders/views.py changed, reloading.
INFO 2026-07-03 21:16:03,819 autoreload Watching for file changes with StatReloader
INFO 2026-07-03 21:16:24,786 middleware Запит до /orders/create/ зайняв 0.0231 секунд.
INFO 2026-07-03 21:16:24,788 log "GET /orders/create/ HTTP/1.1" 200 6178
INFO 2026-07-03 21:16:35,274 middleware Запит до /catalog/ зайняв 0.0210 секунд.
INFO 2026-07-03 21:16:35,275 log "GET /catalog/ HTTP/1.1" 200 8292
INFO 2026-07-03 21:16:37,131 middleware Запит до /1/ зайняв 0.0183 секунд.
INFO 2026-07-03 21:16:37,131 log "GET /1/ HTTP/1.1" 200 4800
INFO 2026-07-03 21:16:38,236 middleware Запит до /orders/cart/add/1/ зайняв 0.0120 секунд.
INFO 2026-07-03 21:16:38,238 log "POST /orders/cart/add/1/ HTTP/1.1" 302 0
INFO 2026-07-03 21:16:38,256 middleware Запит до /orders/cart/ зайняв 0.0158 секунд.
INFO 2026-07-03 21:16:38,256 log "GET /orders/cart/ HTTP/1.1" 200 12168
INFO 2026-07-03 21:16:39,793 middleware Запит до /orders/create/ зайняв 0.0149 секунд.
INFO 2026-07-03 21:16:39,794 log "GET /orders/create/ HTTP/1.1" 200 6650
INFO 2026-07-03 21:18:03,297 middleware Запит до /orders/create/ зайняв 0.0501 секунд.
INFO 2026-07-03 21:18:03,298 log "POST /orders/create/ HTTP/1.1" 302 0
INFO 2026-07-03 21:18:03,309 middleware Запит до /orders/payment/process/ зайняв 0.0075 секунд.
INFO 2026-07-03 21:18:03,309 log "GET /orders/payment/process/ HTTP/1.1" 200 3707
INFO 2026-07-03 21:18:11,386 middleware Запит до /orders/payment/process/ зайняв 0.8515 секунд.
INFO 2026-07-03 21:18:11,386 log "POST /orders/payment/process/ HTTP/1.1" 302 0
INFO 2026-07-03 21:19:30,234 middleware Запит до /orders/payment/completed/ зайняв 0.0185 секунд.
INFO 2026-07-03 21:19:30,235 log "GET /orders/payment/completed/ HTTP/1.1" 200 3106
INFO 2026-07-03 21:19:34,704 middleware Запит до /catalog/ зайняв 0.0182 секунд.
INFO 2026-07-03 21:19:34,705 log "GET /catalog/ HTTP/1.1" 200 8292
INFO 2026-07-03 21:19:35,793 middleware Запит до /catalog/ зайняв 0.0159 секунд.
INFO 2026-07-03 21:19:35,793 log "GET /catalog/ HTTP/1.1" 200 8292
INFO 2026-07-03 21:38:45,318 autoreload Watching for file changes with StatReloader
INFO 2026-07-03 21:48:08,645 middleware Запит до /catalog/ зайняв 0.0247 секунд.
INFO 2026-07-03 21:48:08,647 log "GET /catalog/ HTTP/1.1" 200 8292
INFO 2026-07-05 08:31:55,237 middleware Запит до /catalog/ зайняв 0.0259 секунд.
INFO 2026-07-05 08:31:55,238 log "GET /catalog/ HTTP/1.1" 200 8292
INFO 2026-07-05 08:31:57,143 middleware Запит до /1/ зайняв 0.0202 секунд.
INFO 2026-07-05 08:31:57,144 log "GET /1/ HTTP/1.1" 200 4800
INFO 2026-07-05 08:31:57,159 middleware Запит до /images/covers/Pride_and_prejudice.webp зайняв 0.0013 секунд.
INFO 2026-07-05 08:31:57,159 log "GET /images/covers/Pride_and_prejudice.webp HTTP/1.1" 304 0
INFO 2026-07-05 08:31:58,224 middleware Запит до /catalog/ зайняв 0.0186 секунд.
INFO 2026-07-05 08:31:58,225 log "GET /catalog/ HTTP/1.1" 200 8292
INFO 2026-07-05 08:32:43,944 middleware Запит до /catalog/ зайняв 0.0170 секунд.
INFO 2026-07-05 08:32:43,944 log "GET /catalog/ HTTP/1.1" 200 8292
INFO 2026-07-05 11:44:03,871 middleware Запит до /orders/create/ зайняв 0.0053 секунд.
INFO 2026-07-05 11:46:03,292 middleware Запит до / зайняв 0.0063 секунд.
INFO 2026-07-05 11:46:03,301 middleware Запит до /catalog/ зайняв 0.0030 секунд.
INFO 2026-07-05 11:46:03,318 middleware Запит до /7/ зайняв 0.0022 секунд.
INFO 2026-07-05 11:46:03,329 middleware Запит до /orders/create/ зайняв 0.0024 секунд.
INFO 2026-07-05 11:56:39,462 middleware Запит до / зайняв 0.0058 секунд.
INFO 2026-07-05 11:56:39,469 middleware Запит до /catalog/ зайняв 0.0027 секунд.
INFO 2026-07-05 11:56:39,487 middleware Запит до /7/ зайняв 0.0023 секунд.
INFO 2026-07-05 11:56:39,491 middleware Запит до /orders/cart/ зайняв 0.0013 секунд.
INFO 2026-07-05 11:56:39,497 middleware Запит до /orders/create/ зайняв 0.0031 секунд.
INFO 2026-07-05 12:02:22,021 middleware Запит до /orders/create/ зайняв 0.0050 секунд.
INFO 2026-07-05 12:02:22,031 middleware Запит до / зайняв 0.0036 секунд.
INFO 2026-07-05 12:02:22,079 middleware Запит до /catalog/ зайняв 0.0023 секунд.
INFO 2026-07-05 12:02:22,128 middleware Запит до /7/ зайняв 0.0017 секунд.
INFO 2026-07-05 12:02:22,173 middleware Запит до /orders/cart/ зайняв 0.0013 секунд.
INFO 2026-07-05 13:37:09,235 middleware Запит до /orders/create/ зайняв 0.0055 секунд.
INFO 2026-07-05 13:37:09,246 middleware Запит до / зайняв 0.0031 секунд.
INFO 2026-07-05 13:37:09,288 middleware Запит до /catalog/ зайняв 0.0022 секунд.
INFO 2026-07-05 13:37:09,339 middleware Запит до /9/ зайняв 0.0019 секунд.
INFO 2026-07-05 13:37:09,385 middleware Запит до /orders/cart/ зайняв 0.0013 секунд.
INFO 2026-07-05 13:37:09,431 middleware Запит до /9999/ зайняв 0.0010 секунд.
WARNING 2026-07-05 13:37:09,431 log Not Found: /9999/
INFO 2026-07-05 13:39:59,874 middleware Запит до /orders/create/ зайняв 0.0054 секунд.
INFO 2026-07-05 13:39:59,884 middleware Запит до / зайняв 0.0029 секунд.
INFO 2026-07-05 13:39:59,928 middleware Запит до /catalog/ зайняв 0.0024 секунд.
INFO 2026-07-05 13:39:59,972 middleware Запит до /9/ зайняв 0.0020 секунд.
INFO 2026-07-05 13:40:00,016 middleware Запит до /orders/cart/ зайняв 0.0012 секунд.
INFO 2026-07-05 13:40:00,060 middleware Запит до /9999/ зайняв 0.0010 секунд.
WARNING 2026-07-05 13:40:00,061 log Not Found: /9999/
INFO 2026-07-05 13:40:00,107 middleware Запит до /cart/add/book10 зайняв 0.0003 секунд.
WARNING 2026-07-05 13:40:00,107 log Not Found: /cart/add/book10
INFO 2026-07-05 13:48:28,622 middleware Запит до /orders/create/ зайняв 0.0054 секунд.
INFO 2026-07-05 13:48:28,632 middleware Запит до / зайняв 0.0030 секунд.
INFO 2026-07-05 13:48:28,674 middleware Запит до /catalog/ зайняв 0.0023 секунд.
INFO 2026-07-05 13:48:28,721 middleware Запит до /10/ зайняв 0.0019 секунд.
INFO 2026-07-05 13:48:28,766 middleware Запит до /orders/cart/ зайняв 0.0012 секунд.
INFO 2026-07-05 13:48:28,813 middleware Запит до /9999/ зайняв 0.0010 секунд.
WARNING 2026-07-05 13:48:28,814 log Not Found: /9999/
INFO 2026-07-05 13:48:28,858 middleware Запит до /cart/add/11/ зайняв 0.0003 секунд.
WARNING 2026-07-05 13:48:28,858 log Not Found: /cart/add/11/
INFO 2026-07-05 13:50:36,673 middleware Запит до /orders/create/ зайняв 0.0053 секунд.
INFO 2026-07-05 13:50:36,682 middleware Запит до / зайняв 0.0030 секунд.
INFO 2026-07-05 13:50:36,727 middleware Запит до /catalog/ зайняв 0.0022 секунд.
INFO 2026-07-05 13:50:36,778 middleware Запит до /10/ зайняв 0.0018 секунд.
INFO 2026-07-05 13:50:36,823 middleware Запит до /orders/cart/ зайняв 0.0012 секунд.
INFO 2026-07-05 13:50:36,867 middleware Запит до /9999/ зайняв 0.0009 секунд.
WARNING 2026-07-05 13:50:36,867 log Not Found: /9999/
INFO 2026-07-05 13:50:36,913 middleware Запит до /cart/add/11/ зайняв 0.0004 секунд.
WARNING 2026-07-05 13:50:36,913 log Not Found: /cart/add/11/
INFO 2026-07-05 13:53:31,830 middleware Запит до /orders/create/ зайняв 0.0054 секунд.
INFO 2026-07-05 13:53:31,840 middleware Запит до / зайняв 0.0029 секунд.
INFO 2026-07-05 13:53:31,884 middleware Запит до /catalog/ зайняв 0.0022 секунд.
INFO 2026-07-05 13:53:31,928 middleware Запит до /10/ зайняв 0.0018 секунд.
INFO 2026-07-05 13:53:31,972 middleware Запит до /orders/cart/ зайняв 0.0013 секунд.
INFO 2026-07-05 13:53:32,016 middleware Запит до /9999/ зайняв 0.0011 секунд.
WARNING 2026-07-05 13:53:32,016 log Not Found: /9999/
INFO 2026-07-05 13:53:32,062 middleware Запит до /cart/add/11/ зайняв 0.0003 секунд.
WARNING 2026-07-05 13:53:32,062 log Not Found: /cart/add/11/
INFO 2026-07-05 13:54:24,495 middleware Запит до /orders/create/ зайняв 0.0054 секунд.
INFO 2026-07-05 13:54:24,505 middleware Запит до / зайняв 0.0029 секунд.
INFO 2026-07-05 13:54:24,549 middleware Запит до /catalog/ зайняв 0.0020 секунд.
INFO 2026-07-05 13:54:24,595 middleware Запит до /10/ зайняв 0.0017 секунд.
INFO 2026-07-05 13:54:24,639 middleware Запит до /orders/cart/ зайняв 0.0013 секунд.
INFO 2026-07-05 13:54:24,684 middleware Запит до /9999/ зайняв 0.0010 секунд.
WARNING 2026-07-05 13:54:24,685 log Not Found: /9999/
INFO 2026-07-05 13:54:24,729 middleware Запит до /cart/add/11/ зайняв 0.0003 секунд.
WARNING 2026-07-05 13:54:24,729 log Not Found: /cart/add/11/
INFO 2026-07-05 13:55:44,624 middleware Запит до /orders/create/ зайняв 0.0054 секунд.
INFO 2026-07-05 13:55:44,634 middleware Запит до / зайняв 0.0030 секунд.
INFO 2026-07-05 13:55:44,678 middleware Запит до /catalog/ зайняв 0.0020 секунд.
INFO 2026-07-05 13:55:44,723 middleware Запит до /10/ зайняв 0.0017 секунд.
INFO 2026-07-05 13:55:44,768 middleware Запит до /orders/cart/ зайняв 0.0013 секунд.
INFO 2026-07-05 13:55:44,814 middleware Запит до /9999/ зайняв 0.0010 секунд.
WARNING 2026-07-05 13:55:44,814 log Not Found: /9999/
INFO 2026-07-05 13:55:44,859 middleware Запит до /catalog/ зайняв 0.0013 секунд.
INFO 2026-07-05 18:18:28,251 middleware Запит до /catalog/ зайняв 0.0267 секунд.
INFO 2026-07-05 18:18:28,253 log "GET /catalog/ HTTP/1.1" 200 8292
INFO 2026-07-05 18:18:28,821 middleware Запит до / зайняв 0.0235 секунд.
INFO 2026-07-05 18:18:28,822 log "GET / HTTP/1.1" 200 9641
INFO 2026-07-05 18:18:29,815 middleware Запит до /catalog/ зайняв 0.0174 секунд.
INFO 2026-07-05 18:18:29,816 log "GET /catalog/ HTTP/1.1" 200 8292
INFO 2026-07-05 18:18:31,004 middleware Запит до / зайняв 0.0223 секунд.
INFO 2026-07-05 18:18:31,004 log "GET / HTTP/1.1" 200 9641
INFO 2026-07-05 18:43:06,367 middleware Запит до /catalog/ зайняв 0.0074 секунд.
INFO 2026-07-05 18:43:06,379 middleware Запит до /1/ зайняв 0.0118 секунд.
INFO 2026-07-05 18:43:06,384 middleware Запит до /orders/create/ зайняв 0.0031 секунд.
INFO 2026-07-05 18:43:06,401 middleware Запит до /orders/create/ зайняв 0.0165 секунд.
INFO 2026-07-05 19:50:26,743 middleware Запит до /catalog/ зайняв 0.0051 секунд.
INFO 2026-07-05 19:50:26,745 middleware Запит до /1/ зайняв 0.0018 секунд.
INFO 2026-07-05 19:50:26,749 middleware Запит до /orders/create/ зайняв 0.0026 секунд.
INFO 2026-07-05 19:50:26,764 middleware Запит до /orders/create/ зайняв 0.0145 секунд.
INFO 2026-07-05 19:50:26,768 middleware Запит до /2/ зайняв 0.0012 секунд.
INFO 2026-07-05 19:50:26,770 middleware Запит до /orders/create/ зайняв 0.0013 секунд.
INFO 2026-07-05 19:50:26,772 middleware Запит до /orders/create/ зайняв 0.0015 секунд.
INFO 2026-07-05 19:50:26,789 middleware Запит до /orders/create/ зайняв 0.0019 секунд.
INFO 2026-07-05 19:50:26,800 middleware Запит до /orders/create/ зайняв 0.0012 секунд.
INFO 2026-07-05 19:50:26,808 middleware Запит до / зайняв 0.0027 секунд.
INFO 2026-07-05 19:50:26,851 middleware Запит до /catalog/ зайняв 0.0013 секунд.
INFO 2026-07-05 19:50:26,897 middleware Запит до /13/ зайняв 0.0011 секунд.
INFO 2026-07-05 19:50:26,943 middleware Запит до /orders/cart/ зайняв 0.0012 секунд.
INFO 2026-07-05 19:50:26,987 middleware Запит до /9999/ зайняв 0.0009 секунд.
WARNING 2026-07-05 19:50:26,988 log Not Found: /9999/
INFO 2026-07-05 19:50:27,034 middleware Запит до /catalog/ зайняв 0.0013 секунд.
INFO 2026-07-05 21:02:40,966 middleware Запит до /catalog/ зайняв 0.0052 секунд.
INFO 2026-07-05 21:02:40,968 middleware Запит до /1/ зайняв 0.0018 секунд.
INFO 2026-07-05 21:02:40,972 middleware Запит до /orders/create/ зайняв 0.0026 секунд.
INFO 2026-07-05 21:02:40,988 middleware Запит до /orders/create/ зайняв 0.0155 секунд.
INFO 2026-07-05 21:02:40,993 middleware Запит до /orders/create/ зайняв 0.0015 секунд.
INFO 2026-07-05 21:02:40,995 middleware Запит до /orders/create/ зайняв 0.0017 секунд.
INFO 2026-07-05 21:02:41,000 middleware Запит до /orders/create/ зайняв 0.0018 секунд.
INFO 2026-07-05 21:02:41,010 middleware Запит до /orders/create/ зайняв 0.0011 секунд.
INFO 2026-07-05 21:02:41,019 middleware Запит до / зайняв 0.0028 секунд.
INFO 2026-07-05 21:02:41,070 middleware Запит до /catalog/ зайняв 0.0014 секунд.
INFO 2026-07-05 21:02:41,117 middleware Запит до /14/ зайняв 0.0012 секунд.
INFO 2026-07-05 21:02:41,161 middleware Запит до /orders/cart/ зайняв 0.0013 секунд.
INFO 2026-07-05 21:02:41,204 middleware Запит до /9999/ зайняв 0.0009 секунд.
WARNING 2026-07-05 21:02:41,204 log Not Found: /9999/
INFO 2026-07-05 21:02:41,249 middleware Запит до /catalog/ зайняв 0.0013 секунд.
INFO 2026-07-06 14:02:23,302 middleware Запит до /catalog/ зайняв 0.0158 секунд.
INFO 2026-07-06 14:02:23,309 middleware Запит до /1/ зайняв 0.0036 секунд.
INFO 2026-07-06 14:02:23,315 middleware Запит до /orders/create/ зайняв 0.0046 секунд.
INFO 2026-07-06 14:02:23,350 middleware Запит до /orders/create/ зайняв 0.0337 секунд.
INFO 2026-07-06 14:02:23,358 middleware Запит до /orders/create/ зайняв 0.0025 секунд.
INFO 2026-07-06 14:02:23,360 middleware Запит до /orders/create/ зайняв 0.0022 секунд.
INFO 2026-07-06 14:02:23,368 middleware Запит до /orders/create/ зайняв 0.0031 секунд.
INFO 2026-07-06 14:02:23,385 middleware Запит до /orders/create/ зайняв 0.0021 секунд.
INFO 2026-07-06 14:02:23,397 middleware Запит до / зайняв 0.0038 секунд.
INFO 2026-07-06 14:02:23,448 middleware Запит до /catalog/ зайняв 0.0019 секунд.
INFO 2026-07-06 14:02:23,498 middleware Запит до /14/ зайняв 0.0016 секунд.
INFO 2026-07-06 14:02:23,547 middleware Запит до /orders/cart/ зайняв 0.0019 секунд.
INFO 2026-07-06 14:02:23,596 middleware Запит до /9999/ зайняв 0.0013 секунд.
WARNING 2026-07-06 14:02:23,596 log Not Found: /9999/
INFO 2026-07-06 14:02:23,646 middleware Запит до /catalog/ зайняв 0.0018 секунд.
INFO 2026-07-06 14:14:04,532 middleware Запит до /catalog/ зайняв 0.0254 секунд.
INFO 2026-07-06 14:14:04,533 log "GET /catalog/ HTTP/1.1" 200 8292
INFO 2026-07-06 14:14:05,143 middleware Запит до / зайняв 0.0197 секунд.
INFO 2026-07-06 14:14:05,144 log "GET / HTTP/1.1" 200 9641
INFO 2026-07-06 14:14:06,353 middleware Запит до /catalog/ зайняв 0.0174 секунд.
INFO 2026-07-06 14:14:06,354 log "GET /catalog/ HTTP/1.1" 200 8292
INFO 2026-07-06 14:14:09,554 middleware Запит до / зайняв 0.0188 секунд.
INFO 2026-07-06 14:14:09,554 log "GET / HTTP/1.1" 200 9641
INFO 2026-07-06 14:14:10,201 middleware Запит до /catalog/ зайняв 0.0157 секунд.
INFO 2026-07-06 14:14:10,202 log "GET /catalog/ HTTP/1.1" 200 8292
INFO 2026-07-06 14:14:10,737 middleware Запит до / зайняв 0.0191 секунд.
INFO 2026-07-06 14:14:10,738 log "GET / HTTP/1.1" 200 9641
INFO 2026-07-06 14:14:11,414 middleware Запит до /catalog/ зайняв 0.0126 секунд.
INFO 2026-07-06 14:14:11,414 log "GET /catalog/ HTTP/1.1" 200 8292
INFO 2026-07-06 14:20:28,080 middleware Запит до /catalog/ зайняв 0.0230 секунд.
INFO 2026-07-06 14:20:28,080 log "GET /catalog/ HTTP/1.1" 200 8273
INFO 2026-07-06 14:20:31,012 middleware Запит до /i18n/setlang/ зайняв 0.0010 секунд.
INFO 2026-07-06 14:20:31,013 log "POST /i18n/setlang/ HTTP/1.1" 302 0
INFO 2026-07-06 14:20:31,036 middleware Запит до /catalog/ зайняв 0.0120 секунд.
INFO 2026-07-06 14:20:31,037 log "GET /catalog/ HTTP/1.1" 200 8548
INFO 2026-07-06 14:20:33,345 middleware Запит до /i18n/setlang/ зайняв 0.0006 секунд.
INFO 2026-07-06 14:20:33,346 log "POST /i18n/setlang/ HTTP/1.1" 302 0
INFO 2026-07-06 14:20:33,376 middleware Запит до /catalog/ зайняв 0.0171 секунд.
INFO 2026-07-06 14:20:33,377 log "GET /catalog/ HTTP/1.1" 200 8273
INFO 2026-07-08 13:17:01,124 middleware Запит до /catalog/ зайняв 0.0247 секунд.
INFO 2026-07-08 13:17:01,125 log "GET /catalog/ HTTP/1.1" 200 8273
INFO 2026-07-08 13:17:03,345 middleware Запит до /catalog/ зайняв 0.0192 секунд.
INFO 2026-07-08 13:17:03,346 log "GET /catalog/?category=1 HTTP/1.1" 200 6346
INFO 2026-07-08 13:17:04,387 middleware Запит до /catalog/ зайняв 0.0170 секунд.
INFO 2026-07-08 13:17:04,388 log "GET /catalog/ HTTP/1.1" 200 8273
INFO 2026-07-08 13:17:04,874 middleware Запит до / зайняв 0.0231 секунд.
INFO 2026-07-08 13:17:04,875 log "GET / HTTP/1.1" 200 9641
INFO 2026-07-08 13:17:05,529 middleware Запит до /catalog/ зайняв 0.0151 секунд.
INFO 2026-07-08 13:17:05,530 log "GET /catalog/ HTTP/1.1" 200 8273
INFO 2026-07-08 13:17:06,559 middleware Запит до / зайняв 0.0213 секунд.
INFO 2026-07-08 13:17:06,559 log "GET / HTTP/1.1" 200 9641
INFO 2026-07-08 14:23:57,741 autoreload /app/shop_app/views.py changed, reloading.
INFO 2026-07-08 14:23:58,156 autoreload Watching for file changes with StatReloader
INFO 2026-07-08 14:24:21,622 autoreload /app/shop_app/views.py changed, reloading.
INFO 2026-07-08 14:24:22,038 autoreload Watching for file changes with StatReloader
INFO 2026-07-08 14:25:01,766 autoreload /app/shop_app/views.py changed, reloading.
INFO 2026-07-08 14:25:02,166 autoreload Watching for file changes with StatReloader
INFO 2026-07-08 14:25:11,168 middleware Запит до / зайняв 0.0244 секунд.
INFO 2026-07-08 14:25:11,169 log "GET / HTTP/1.1" 200 9641
INFO 2026-07-08 14:25:14,686 middleware Запит до / зайняв 0.0225 секунд.
INFO 2026-07-08 14:25:14,687 log "GET / HTTP/1.1" 200 9641
ERROR 2026-07-08 14:25:15,815 log Internal Server Error: /catalog/
Traceback (most recent call last):
  File "/usr/local/lib/python3.12/site-packages/django/core/handlers/exception.py", line 55, in inner
    response = get_response(request)
               ^^^^^^^^^^^^^^^^^^^^^
  File "/usr/local/lib/python3.12/site-packages/django/core/handlers/base.py", line 221, in _get_response
    response = response.render()
               ^^^^^^^^^^^^^^^^^
  File "/usr/local/lib/python3.12/site-packages/django/template/response.py", line 114, in render
    self.content = self.rendered_content
                   ^^^^^^^^^^^^^^^^^^^^^
  File "/usr/local/lib/python3.12/site-packages/django/template/response.py", line 92, in rendered_content
    return template.render(context, self._request)
           ^^^^^^^^^^^^^^^^^^^^^^^^^^^^^^^^^^^^^^^
  File "/usr/local/lib/python3.12/site-packages/django/template/backends/django.py", line 107, in render
    return self.template.render(context)
           ^^^^^^^^^^^^^^^^^^^^^^^^^^^^^
  File "/usr/local/lib/python3.12/site-packages/django/template/base.py", line 174, in render
    return self._render(context)
           ^^^^^^^^^^^^^^^^^^^^^
  File "/usr/local/lib/python3.12/site-packages/django/test/utils.py", line 114, in instrumented_test_render
    return self.nodelist.render(context)
           ^^^^^^^^^^^^^^^^^^^^^^^^^^^^^
  File "/usr/local/lib/python3.12/site-packages/django/template/base.py", line 1091, in render
    return SafeString("".join([node.render_annotated(context) for node in self]))
                               ^^^^^^^^^^^^^^^^^^^^^^^^^^^^^^
  File "/usr/local/lib/python3.12/site-packages/django/template/base.py", line 1052, in render_annotated
    return self.render(context)
           ^^^^^^^^^^^^^^^^^^^^
  File "/usr/local/lib/python3.12/site-packages/django/template/loader_tags.py", line 160, in render
    return compiled_parent._render(context)
           ^^^^^^^^^^^^^^^^^^^^^^^^^^^^^^^^
  File "/usr/local/lib/python3.12/site-packages/django/test/utils.py", line 114, in instrumented_test_render
    return self.nodelist.render(context)
           ^^^^^^^^^^^^^^^^^^^^^^^^^^^^^
  File "/usr/local/lib/python3.12/site-packages/django/template/base.py", line 1091, in render
    return SafeString("".join([node.render_annotated(context) for node in self]))
                               ^^^^^^^^^^^^^^^^^^^^^^^^^^^^^^
  File "/usr/local/lib/python3.12/site-packages/django/template/base.py", line 1052, in render_annotated
    return self.render(context)
           ^^^^^^^^^^^^^^^^^^^^
  File "/usr/local/lib/python3.12/site-packages/django/template/loader_tags.py", line 66, in render
    result = block.nodelist.render(context)
             ^^^^^^^^^^^^^^^^^^^^^^^^^^^^^^
  File "/usr/local/lib/python3.12/site-packages/django/template/base.py", line 1091, in render
    return SafeString("".join([node.render_annotated(context) for node in self]))
                               ^^^^^^^^^^^^^^^^^^^^^^^^^^^^^^
  File "/usr/local/lib/python3.12/site-packages/django/template/base.py", line 1052, in render_annotated
    return self.render(context)
           ^^^^^^^^^^^^^^^^^^^^
  File "/usr/local/lib/python3.12/site-packages/django/template/defaulttags.py", line 202, in render
    len_values = len(values)
                 ^^^^^^^^^^^
  File "/usr/local/lib/python3.12/site-packages/django/db/models/query.py", line 372, in __len__
    self._fetch_all()
  File "/usr/local/lib/python3.12/site-packages/django/db/models/query.py", line 2002, in _fetch_all
    self._prefetch_related_objects()
  File "/usr/local/lib/python3.12/site-packages/django/db/models/query.py", line 1369, in _prefetch_related_objects
    prefetch_related_objects(self._result_cache, *self._prefetch_related_lookups)
  File "/usr/local/lib/python3.12/site-packages/django/db/models/query.py", line 2426, in prefetch_related_objects
    raise AttributeError(
AttributeError: Cannot find 'authors' on Book object, 'authors' is an invalid parameter to prefetch_related()
INFO 2026-07-08 14:25:15,817 middleware Запит до /catalog/ зайняв 0.0432 секунд.
ERROR 2026-07-08 14:25:15,817 log "GET /catalog/ HTTP/1.1" 500 173293
INFO 2026-07-08 14:28:06,805 autoreload /app/shop_app/views.py changed, reloading.
INFO 2026-07-08 14:28:07,205 autoreload Watching for file changes with StatReloader
ERROR 2026-07-08 14:28:08,962 log Internal Server Error: /catalog/
Traceback (most recent call last):
  File "/usr/local/lib/python3.12/site-packages/django/core/handlers/exception.py", line 55, in inner
    response = get_response(request)
               ^^^^^^^^^^^^^^^^^^^^^
  File "/usr/local/lib/python3.12/site-packages/django/core/handlers/base.py", line 221, in _get_response
    response = response.render()
               ^^^^^^^^^^^^^^^^^
  File "/usr/local/lib/python3.12/site-packages/django/template/response.py", line 114, in render
    self.content = self.rendered_content
                   ^^^^^^^^^^^^^^^^^^^^^
  File "/usr/local/lib/python3.12/site-packages/django/template/response.py", line 92, in rendered_content
    return template.render(context, self._request)
           ^^^^^^^^^^^^^^^^^^^^^^^^^^^^^^^^^^^^^^^
  File "/usr/local/lib/python3.12/site-packages/django/template/backends/django.py", line 107, in render
    return self.template.render(context)
           ^^^^^^^^^^^^^^^^^^^^^^^^^^^^^
  File "/usr/local/lib/python3.12/site-packages/django/template/base.py", line 174, in render
    return self._render(context)
           ^^^^^^^^^^^^^^^^^^^^^
  File "/usr/local/lib/python3.12/site-packages/django/test/utils.py", line 114, in instrumented_test_render
    return self.nodelist.render(context)
           ^^^^^^^^^^^^^^^^^^^^^^^^^^^^^
  File "/usr/local/lib/python3.12/site-packages/django/template/base.py", line 1091, in render
    return SafeString("".join([node.render_annotated(context) for node in self]))
                               ^^^^^^^^^^^^^^^^^^^^^^^^^^^^^^
  File "/usr/local/lib/python3.12/site-packages/django/template/base.py", line 1052, in render_annotated
    return self.render(context)
           ^^^^^^^^^^^^^^^^^^^^
  File "/usr/local/lib/python3.12/site-packages/django/template/loader_tags.py", line 160, in render
    return compiled_parent._render(context)
           ^^^^^^^^^^^^^^^^^^^^^^^^^^^^^^^^
  File "/usr/local/lib/python3.12/site-packages/django/test/utils.py", line 114, in instrumented_test_render
    return self.nodelist.render(context)
           ^^^^^^^^^^^^^^^^^^^^^^^^^^^^^
  File "/usr/local/lib/python3.12/site-packages/django/template/base.py", line 1091, in render
    return SafeString("".join([node.render_annotated(context) for node in self]))
                               ^^^^^^^^^^^^^^^^^^^^^^^^^^^^^^
  File "/usr/local/lib/python3.12/site-packages/django/template/base.py", line 1052, in render_annotated
    return self.render(context)
           ^^^^^^^^^^^^^^^^^^^^
  File "/usr/local/lib/python3.12/site-packages/django/template/loader_tags.py", line 66, in render
    result = block.nodelist.render(context)
             ^^^^^^^^^^^^^^^^^^^^^^^^^^^^^^
  File "/usr/local/lib/python3.12/site-packages/django/template/base.py", line 1091, in render
    return SafeString("".join([node.render_annotated(context) for node in self]))
                               ^^^^^^^^^^^^^^^^^^^^^^^^^^^^^^
  File "/usr/local/lib/python3.12/site-packages/django/template/base.py", line 1052, in render_annotated
    return self.render(context)
           ^^^^^^^^^^^^^^^^^^^^
  File "/usr/local/lib/python3.12/site-packages/django/template/defaulttags.py", line 202, in render
    len_values = len(values)
                 ^^^^^^^^^^^
  File "/usr/local/lib/python3.12/site-packages/django/db/models/query.py", line 372, in __len__
    self._fetch_all()
  File "/usr/local/lib/python3.12/site-packages/django/db/models/query.py", line 2002, in _fetch_all
    self._prefetch_related_objects()
  File "/usr/local/lib/python3.12/site-packages/django/db/models/query.py", line 1369, in _prefetch_related_objects
    prefetch_related_objects(self._result_cache, *self._prefetch_related_lookups)
  File "/usr/local/lib/python3.12/site-packages/django/db/models/query.py", line 2426, in prefetch_related_objects
    raise AttributeError(
AttributeError: Cannot find 'authors' on Book object, 'authors' is an invalid parameter to prefetch_related()
INFO 2026-07-08 14:28:08,964 middleware Запит до /catalog/ зайняв 0.0410 секунд.
ERROR 2026-07-08 14:28:08,964 log "GET /catalog/ HTTP/1.1" 500 173430
INFO 2026-07-08 14:28:17,473 autoreload /app/shop_app/views.py changed, reloading.
INFO 2026-07-08 14:28:17,874 autoreload Watching for file changes with StatReloader
INFO 2026-07-08 14:28:56,597 autoreload /app/shop_app/views.py changed, reloading.
INFO 2026-07-08 14:28:57,014 autoreload Watching for file changes with StatReloader
INFO 2026-07-08 14:28:59,111 middleware Запит до /catalog/ зайняв 0.0275 секунд.
INFO 2026-07-08 14:28:59,112 log "GET /catalog/ HTTP/1.1" 200 8307
INFO 2026-07-08 14:29:01,370 middleware Запит до / зайняв 0.0218 секунд.
INFO 2026-07-08 14:29:01,371 log "GET / HTTP/1.1" 200 9641
INFO 2026-07-08 14:29:01,975 middleware Запит до /catalog/ зайняв 0.0156 секунд.
INFO 2026-07-08 14:29:01,975 log "GET /catalog/ HTTP/1.1" 200 8307
INFO 2026-07-08 14:29:02,658 middleware Запит до / зайняв 0.0196 секунд.
INFO 2026-07-08 14:29:02,659 log "GET / HTTP/1.1" 200 9641
INFO 2026-07-08 14:29:03,407 middleware Запит до /catalog/ зайняв 0.0181 секунд.
INFO 2026-07-08 14:29:03,408 log "GET /catalog/ HTTP/1.1" 200 8307
INFO 2026-07-08 14:29:04,230 middleware Запит до /14/ зайняв 0.0182 секунд.
INFO 2026-07-08 14:29:04,231 log "GET /14/ HTTP/1.1" 200 5369
INFO 2026-07-08 14:29:04,243 middleware Запит до /images/covers/game_of_thrones.jpg зайняв 0.0009 секунд.
INFO 2026-07-08 14:29:04,244 log "GET /images/covers/game_of_thrones.jpg HTTP/1.1" 304 0
INFO 2026-07-08 14:29:07,402 middleware Запит до /orders/cart/add/14/ зайняв 0.0119 секунд.
INFO 2026-07-08 14:29:07,406 log "POST /orders/cart/add/14/ HTTP/1.1" 302 0
INFO 2026-07-08 14:29:07,426 middleware Запит до /orders/cart/ зайняв 0.0166 секунд.
INFO 2026-07-08 14:29:07,426 log "GET /orders/cart/ HTTP/1.1" 200 8556
INFO 2026-07-08 14:29:09,376 middleware Запит до /catalog/ зайняв 0.0170 секунд.
INFO 2026-07-08 14:29:09,377 log "GET /catalog/ HTTP/1.1" 200 8307
INFO 2026-07-08 14:29:10,381 middleware Запит до / зайняв 0.0202 секунд.
INFO 2026-07-08 14:29:10,382 log "GET / HTTP/1.1" 200 9641
INFO 2026-07-08 14:29:11,425 middleware Запит до /catalog/ зайняв 0.0189 секунд.
INFO 2026-07-08 14:29:11,426 log "GET /catalog/ HTTP/1.1" 200 8307
INFO 2026-07-08 14:30:26,870 autoreload /app/shop_app/views.py changed, reloading.
INFO 2026-07-08 14:30:27,268 autoreload Watching for file changes with StatReloader
INFO 2026-07-08 14:30:31,275 middleware Запит до /catalog/ зайняв 0.0248 секунд.
INFO 2026-07-08 14:30:31,277 log "GET /catalog/ HTTP/1.1" 200 8307
INFO 2026-07-08 14:30:32,579 middleware Запит до / зайняв 0.0223 секунд.
INFO 2026-07-08 14:30:32,580 log "GET / HTTP/1.1" 200 9641
INFO 2026-07-08 14:30:33,332 middleware Запит до /catalog/ зайняв 0.0166 секунд.
INFO 2026-07-08 14:30:33,332 log "GET /catalog/ HTTP/1.1" 200 8307
INFO 2026-07-08 14:30:34,917 middleware Запит до /catalog/ зайняв 0.0175 секунд.
INFO 2026-07-08 14:30:34,918 log "GET /catalog/?category=1 HTTP/1.1" 200 6346
INFO 2026-07-08 14:30:35,482 middleware Запит до /catalog/ зайняв 0.0170 секунд.
INFO 2026-07-08 14:30:35,483 log "GET /catalog/?category=2 HTTP/1.1" 200 7728
INFO 2026-07-08 14:30:36,082 middleware Запит до /catalog/ зайняв 0.0163 секунд.
INFO 2026-07-08 14:30:36,083 log "GET /catalog/?category=4 HTTP/1.1" 200 6972
INFO 2026-07-08 14:30:36,704 middleware Запит до /catalog/ зайняв 0.0135 секунд.
INFO 2026-07-08 14:30:36,704 log "GET /catalog/?category=5 HTTP/1.1" 200 6343
INFO 2026-07-08 14:30:37,543 middleware Запит до /17/ зайняв 0.0200 секунд.
INFO 2026-07-08 14:30:37,545 log "GET /17/ HTTP/1.1" 200 5121
INFO 2026-07-08 14:30:37,563 middleware Запит до /images/covers/The_sweet_science.jpg зайняв 0.0009 секунд.
INFO 2026-07-08 14:30:37,563 log "GET /images/covers/The_sweet_science.jpg HTTP/1.1" 304 0
INFO 2026-07-08 14:30:39,476 middleware Запит до /catalog/ зайняв 0.0168 секунд.
INFO 2026-07-08 14:30:39,477 log "GET /catalog/ HTTP/1.1" 200 8307
INFO 2026-07-08 14:30:40,667 middleware Запит до /3/ зайняв 0.0156 секунд.
INFO 2026-07-08 14:30:40,668 log "GET /3/ HTTP/1.1" 200 4836
INFO 2026-07-08 14:30:40,686 middleware Запит до /images/covers/Charlie_and_the_Chocolate_Factory.jpg зайняв 0.0012 секунд.
INFO 2026-07-08 14:30:40,686 log "GET /images/covers/Charlie_and_the_Chocolate_Factory.jpg HTTP/1.1" 304 0
INFO 2026-07-08 14:30:42,729 middleware Запит до /14/ зайняв 0.0144 секунд.
INFO 2026-07-08 14:30:42,729 log "GET /14/ HTTP/1.1" 200 5369
INFO 2026-07-08 14:58:41,683 middleware Запит до /catalog/ зайняв 0.0252 секунд.
INFO 2026-07-08 14:58:41,684 log "GET /catalog/ HTTP/1.1" 200 8307
INFO 2026-07-08 14:58:42,233 middleware Запит до / зайняв 0.0194 секунд.
INFO 2026-07-08 14:58:42,233 log "GET / HTTP/1.1" 200 9641
INFO 2026-07-08 14:58:42,872 middleware Запит до /catalog/ зайняв 0.0177 секунд.
INFO 2026-07-08 14:58:42,873 log "GET /catalog/ HTTP/1.1" 200 8307
INFO 2026-07-08 14:58:43,600 middleware Запит до /14/ зайняв 0.0135 секунд.
INFO 2026-07-08 14:58:43,601 log "GET /14/ HTTP/1.1" 200 5369
INFO 2026-07-08 14:58:45,453 middleware Запит до /orders/cart/add/14/ зайняв 0.0130 секунд.
INFO 2026-07-08 14:58:45,457 log "POST /orders/cart/add/14/ HTTP/1.1" 302 0
INFO 2026-07-08 14:58:45,477 middleware Запит до /orders/cart/ зайняв 0.0170 секунд.
INFO 2026-07-08 14:58:45,478 log "GET /orders/cart/ HTTP/1.1" 200 8556
INFO 2026-07-08 14:58:46,831 middleware Запит до /orders/cart/remove/14/ зайняв 0.0119 секунд.
INFO 2026-07-08 14:58:46,833 log "POST /orders/cart/remove/14/ HTTP/1.1" 302 0
INFO 2026-07-08 14:58:46,846 middleware Запит до /orders/cart/ зайняв 0.0104 секунд.
INFO 2026-07-08 14:58:46,848 log "GET /orders/cart/ HTTP/1.1" 200 3082
INFO 2026-07-08 14:58:48,488 middleware Запит до / зайняв 0.0198 секунд.
INFO 2026-07-08 14:58:48,489 log "GET / HTTP/1.1" 200 9641
INFO 2026-07-08 14:58:49,635 middleware Запит до /catalog/ зайняв 0.0166 секунд.
INFO 2026-07-08 14:58:49,636 log "GET /catalog/ HTTP/1.1" 200 8307
INFO 2026-07-08 14:58:51,014 middleware Запит до / зайняв 0.0205 секунд.
INFO 2026-07-08 14:58:51,014 log "GET / HTTP/1.1" 200 9641
INFO 2026-07-08 15:48:52,985 autoreload /app/orders/views.py changed, reloading.
INFO 2026-07-08 15:48:53,404 autoreload Watching for file changes with StatReloader
INFO 2026-07-08 15:50:36,203 autoreload /app/orders/views.py changed, reloading.
INFO 2026-07-08 15:50:36,609 autoreload Watching for file changes with StatReloader
INFO 2026-07-08 15:50:41,031 middleware Запит до / зайняв 0.0264 секунд.
INFO 2026-07-08 15:50:41,032 log "GET / HTTP/1.1" 200 9641
INFO 2026-07-08 15:50:42,004 middleware Запит до / зайняв 0.0218 секунд.
INFO 2026-07-08 15:50:42,004 log "GET / HTTP/1.1" 200 9641
INFO 2026-07-08 15:50:42,817 middleware Запит до /catalog/ зайняв 0.0208 секунд.
INFO 2026-07-08 15:50:42,818 log "GET /catalog/ HTTP/1.1" 200 8307
INFO 2026-07-08 15:50:43,729 middleware Запит до /3/ зайняв 0.0157 секунд.
INFO 2026-07-08 15:50:43,730 log "GET /3/ HTTP/1.1" 200 4836
INFO 2026-07-08 15:50:44,909 middleware Запит до /orders/cart/add/3/ зайняв 0.0124 секунд.
INFO 2026-07-08 15:50:44,912 log "POST /orders/cart/add/3/ HTTP/1.1" 302 0
INFO 2026-07-08 15:50:44,930 middleware Запит до /orders/cart/ зайняв 0.0156 секунд.
INFO 2026-07-08 15:50:44,931 log "GET /orders/cart/ HTTP/1.1" 200 8529
ERROR 2026-07-08 15:50:46,481 log Internal Server Error: /orders/create/
Traceback (most recent call last):
  File "/usr/local/lib/python3.12/site-packages/django/contrib/sessions/backends/base.py", line 246, in _get_session
    return self._session_cache
           ^^^^^^^^^^^^^^^^^^^
AttributeError: 'SessionStore' object has no attribute '_session_cache'

During handling of the above exception, another exception occurred:

Traceback (most recent call last):
  File "/usr/local/lib/python3.12/site-packages/django/core/handlers/exception.py", line 55, in inner
    response = get_response(request)
               ^^^^^^^^^^^^^^^^^^^^^
  File "/usr/local/lib/python3.12/site-packages/django/core/handlers/base.py", line 198, in _get_response
    response = wrapped_callback(request, *callback_args, **callback_kwargs)
               ^^^^^^^^^^^^^^^^^^^^^^^^^^^^^^^^^^^^^^^^^^^^^^^^^^^^^^^^^^^^
  File "/usr/local/lib/python3.12/site-packages/asgiref/sync.py", line 325, in __call__
    return call_result.result()
           ^^^^^^^^^^^^^^^^^^^^
  File "/usr/local/lib/python3.12/concurrent/futures/_base.py", line 449, in result
    return self.__get_result()
           ^^^^^^^^^^^^^^^^^^^
  File "/usr/local/lib/python3.12/concurrent/futures/_base.py", line 401, in __get_result
    raise self._exception
  File "/usr/local/lib/python3.12/site-packages/asgiref/sync.py", line 365, in main_wrap
    result = await awaitable
             ^^^^^^^^^^^^^^^
  File "/usr/local/lib/python3.12/site-packages/django/views/decorators/http.py", line 48, in inner
    return await func(request, *args, **kwargs)
           ^^^^^^^^^^^^^^^^^^^^^^^^^^^^^^^^^^^^
  File "/app/orders/views.py", line 110, in order_create
    cart = Cart(request)
           ^^^^^^^^^^^^^
  File "/app/orders/cart.py", line 9, in __init__
    cart = self.session.get(settings.CART_SESSION_ID)
           ^^^^^^^^^^^^^^^^^^^^^^^^^^^^^^^^^^^^^^^^^^
  File "/usr/local/lib/python3.12/site-packages/django/contrib/sessions/backends/base.py", line 74, in get
    return self._session.get(key, default)
           ^^^^^^^^^^^^^
  File "/usr/local/lib/python3.12/site-packages/django/contrib/sessions/backends/base.py", line 251, in _get_session
    self._session_cache = self.load()
                          ^^^^^^^^^^^
  File "/usr/local/lib/python3.12/site-packages/django/contrib/sessions/backends/db.py", line 55, in load
    s = self._get_session_from_db()
        ^^^^^^^^^^^^^^^^^^^^^^^^^^^
  File "/usr/local/lib/python3.12/site-packages/django/contrib/sessions/backends/db.py", line 34, in _get_session_from_db
    return self.model.objects.get(
           ^^^^^^^^^^^^^^^^^^^^^^^
  File "/usr/local/lib/python3.12/site-packages/django/db/models/manager.py", line 87, in manager_method
    return getattr(self.get_queryset(), name)(*args, **kwargs)
           ^^^^^^^^^^^^^^^^^^^^^^^^^^^^^^^^^^^^^^^^^^^^^^^^^^^
  File "/usr/local/lib/python3.12/site-packages/django/db/models/query.py", line 635, in get
    num = len(clone)
          ^^^^^^^^^^
  File "/usr/local/lib/python3.12/site-packages/django/db/models/query.py", line 372, in __len__
    self._fetch_all()
  File "/usr/local/lib/python3.12/site-packages/django/db/models/query.py", line 2000, in _fetch_all
    self._result_cache = list(self._iterable_class(self))
                         ^^^^^^^^^^^^^^^^^^^^^^^^^^^^^^^^
  File "/usr/local/lib/python3.12/site-packages/django/db/models/query.py", line 95, in __iter__
    results = compiler.execute_sql(
              ^^^^^^^^^^^^^^^^^^^^^
  File "/usr/local/lib/python3.12/site-packages/django/db/models/sql/compiler.py", line 1622, in execute_sql
    cursor = self.connection.cursor()
             ^^^^^^^^^^^^^^^^^^^^^^^^
  File "/usr/local/lib/python3.12/site-packages/django/utils/asyncio.py", line 24, in inner
    raise SynchronousOnlyOperation(message)
django.core.exceptions.SynchronousOnlyOperation: You cannot call this from an async context - use a thread or sync_to_async.
INFO 2026-07-08 15:50:46,485 middleware Запит до /orders/create/ зайняв 0.0357 секунд.
ERROR 2026-07-08 15:50:46,486 log "GET /orders/create/ HTTP/1.1" 500 122567
INFO 2026-07-08 15:52:49,211 autoreload /app/orders/views.py changed, reloading.
INFO 2026-07-08 15:52:49,609 autoreload Watching for file changes with StatReloader
ERROR 2026-07-08 15:52:53,758 log Internal Server Error: /orders/create/
Traceback (most recent call last):
  File "/usr/local/lib/python3.12/site-packages/django/contrib/sessions/backends/base.py", line 246, in _get_session
    return self._session_cache
           ^^^^^^^^^^^^^^^^^^^
AttributeError: 'SessionStore' object has no attribute '_session_cache'

During handling of the above exception, another exception occurred:

Traceback (most recent call last):
  File "/usr/local/lib/python3.12/site-packages/django/core/handlers/exception.py", line 55, in inner
    response = get_response(request)
               ^^^^^^^^^^^^^^^^^^^^^
  File "/usr/local/lib/python3.12/site-packages/django/core/handlers/base.py", line 198, in _get_response
    response = wrapped_callback(request, *callback_args, **callback_kwargs)
               ^^^^^^^^^^^^^^^^^^^^^^^^^^^^^^^^^^^^^^^^^^^^^^^^^^^^^^^^^^^^
  File "/usr/local/lib/python3.12/site-packages/asgiref/sync.py", line 325, in __call__
    return call_result.result()
           ^^^^^^^^^^^^^^^^^^^^
  File "/usr/local/lib/python3.12/concurrent/futures/_base.py", line 449, in result
    return self.__get_result()
           ^^^^^^^^^^^^^^^^^^^
  File "/usr/local/lib/python3.12/concurrent/futures/_base.py", line 401, in __get_result
    raise self._exception
  File "/usr/local/lib/python3.12/site-packages/asgiref/sync.py", line 365, in main_wrap
    result = await awaitable
             ^^^^^^^^^^^^^^^
  File "/usr/local/lib/python3.12/site-packages/django/views/decorators/http.py", line 48, in inner
    return await func(request, *args, **kwargs)
           ^^^^^^^^^^^^^^^^^^^^^^^^^^^^^^^^^^^^
  File "/app/orders/views.py", line 110, in order_create
    cart = Cart(request)
           ^^^^^^^^^^^^^
  File "/app/orders/cart.py", line 9, in __init__
    cart = self.session.get(settings.CART_SESSION_ID)
           ^^^^^^^^^^^^^^^^^^^^^^^^^^^^^^^^^^^^^^^^^^
  File "/usr/local/lib/python3.12/site-packages/django/contrib/sessions/backends/base.py", line 74, in get
    return self._session.get(key, default)
           ^^^^^^^^^^^^^
  File "/usr/local/lib/python3.12/site-packages/django/contrib/sessions/backends/base.py", line 251, in _get_session
    self._session_cache = self.load()
                          ^^^^^^^^^^^
  File "/usr/local/lib/python3.12/site-packages/django/contrib/sessions/backends/db.py", line 55, in load
    s = self._get_session_from_db()
        ^^^^^^^^^^^^^^^^^^^^^^^^^^^
  File "/usr/local/lib/python3.12/site-packages/django/contrib/sessions/backends/db.py", line 34, in _get_session_from_db
    return self.model.objects.get(
           ^^^^^^^^^^^^^^^^^^^^^^^
  File "/usr/local/lib/python3.12/site-packages/django/db/models/manager.py", line 87, in manager_method
    return getattr(self.get_queryset(), name)(*args, **kwargs)
           ^^^^^^^^^^^^^^^^^^^^^^^^^^^^^^^^^^^^^^^^^^^^^^^^^^^
  File "/usr/local/lib/python3.12/site-packages/django/db/models/query.py", line 635, in get
    num = len(clone)
          ^^^^^^^^^^
  File "/usr/local/lib/python3.12/site-packages/django/db/models/query.py", line 372, in __len__
    self._fetch_all()
  File "/usr/local/lib/python3.12/site-packages/django/db/models/query.py", line 2000, in _fetch_all
    self._result_cache = list(self._iterable_class(self))
                         ^^^^^^^^^^^^^^^^^^^^^^^^^^^^^^^^
  File "/usr/local/lib/python3.12/site-packages/django/db/models/query.py", line 95, in __iter__
    results = compiler.execute_sql(
              ^^^^^^^^^^^^^^^^^^^^^
  File "/usr/local/lib/python3.12/site-packages/django/db/models/sql/compiler.py", line 1622, in execute_sql
    cursor = self.connection.cursor()
             ^^^^^^^^^^^^^^^^^^^^^^^^
  File "/usr/local/lib/python3.12/site-packages/django/utils/asyncio.py", line 24, in inner
    raise SynchronousOnlyOperation(message)
django.core.exceptions.SynchronousOnlyOperation: You cannot call this from an async context - use a thread or sync_to_async.
INFO 2026-07-08 15:52:53,764 middleware Запит до /orders/create/ зайняв 0.0368 секунд.
ERROR 2026-07-08 15:52:53,764 log "GET /orders/create/ HTTP/1.1" 500 122704
ERROR 2026-07-08 15:52:56,402 log Internal Server Error: /orders/create/
Traceback (most recent call last):
  File "/usr/local/lib/python3.12/site-packages/django/contrib/sessions/backends/base.py", line 246, in _get_session
    return self._session_cache
           ^^^^^^^^^^^^^^^^^^^
AttributeError: 'SessionStore' object has no attribute '_session_cache'

During handling of the above exception, another exception occurred:

Traceback (most recent call last):
  File "/usr/local/lib/python3.12/site-packages/django/core/handlers/exception.py", line 55, in inner
    response = get_response(request)
               ^^^^^^^^^^^^^^^^^^^^^
  File "/usr/local/lib/python3.12/site-packages/django/core/handlers/base.py", line 198, in _get_response
    response = wrapped_callback(request, *callback_args, **callback_kwargs)
               ^^^^^^^^^^^^^^^^^^^^^^^^^^^^^^^^^^^^^^^^^^^^^^^^^^^^^^^^^^^^
  File "/usr/local/lib/python3.12/site-packages/asgiref/sync.py", line 325, in __call__
    return call_result.result()
           ^^^^^^^^^^^^^^^^^^^^
  File "/usr/local/lib/python3.12/concurrent/futures/_base.py", line 449, in result
    return self.__get_result()
           ^^^^^^^^^^^^^^^^^^^
  File "/usr/local/lib/python3.12/concurrent/futures/_base.py", line 401, in __get_result
    raise self._exception
  File "/usr/local/lib/python3.12/site-packages/asgiref/sync.py", line 365, in main_wrap
    result = await awaitable
             ^^^^^^^^^^^^^^^
  File "/usr/local/lib/python3.12/site-packages/django/views/decorators/http.py", line 48, in inner
    return await func(request, *args, **kwargs)
           ^^^^^^^^^^^^^^^^^^^^^^^^^^^^^^^^^^^^
  File "/app/orders/views.py", line 110, in order_create
    cart = Cart(request)
           ^^^^^^^^^^^^^
  File "/app/orders/cart.py", line 9, in __init__
    cart = self.session.get(settings.CART_SESSION_ID)
           ^^^^^^^^^^^^^^^^^^^^^^^^^^^^^^^^^^^^^^^^^^
  File "/usr/local/lib/python3.12/site-packages/django/contrib/sessions/backends/base.py", line 74, in get
    return self._session.get(key, default)
           ^^^^^^^^^^^^^
  File "/usr/local/lib/python3.12/site-packages/django/contrib/sessions/backends/base.py", line 251, in _get_session
    self._session_cache = self.load()
                          ^^^^^^^^^^^
  File "/usr/local/lib/python3.12/site-packages/django/contrib/sessions/backends/db.py", line 55, in load
    s = self._get_session_from_db()
        ^^^^^^^^^^^^^^^^^^^^^^^^^^^
  File "/usr/local/lib/python3.12/site-packages/django/contrib/sessions/backends/db.py", line 34, in _get_session_from_db
    return self.model.objects.get(
           ^^^^^^^^^^^^^^^^^^^^^^^
  File "/usr/local/lib/python3.12/site-packages/django/db/models/manager.py", line 87, in manager_method
    return getattr(self.get_queryset(), name)(*args, **kwargs)
           ^^^^^^^^^^^^^^^^^^^^^^^^^^^^^^^^^^^^^^^^^^^^^^^^^^^
  File "/usr/local/lib/python3.12/site-packages/django/db/models/query.py", line 635, in get
    num = len(clone)
          ^^^^^^^^^^
  File "/usr/local/lib/python3.12/site-packages/django/db/models/query.py", line 372, in __len__
    self._fetch_all()
  File "/usr/local/lib/python3.12/site-packages/django/db/models/query.py", line 2000, in _fetch_all
    self._result_cache = list(self._iterable_class(self))
                         ^^^^^^^^^^^^^^^^^^^^^^^^^^^^^^^^
  File "/usr/local/lib/python3.12/site-packages/django/db/models/query.py", line 95, in __iter__
    results = compiler.execute_sql(
              ^^^^^^^^^^^^^^^^^^^^^
  File "/usr/local/lib/python3.12/site-packages/django/db/models/sql/compiler.py", line 1622, in execute_sql
    cursor = self.connection.cursor()
             ^^^^^^^^^^^^^^^^^^^^^^^^
  File "/usr/local/lib/python3.12/site-packages/django/utils/asyncio.py", line 24, in inner
    raise SynchronousOnlyOperation(message)
django.core.exceptions.SynchronousOnlyOperation: You cannot call this from an async context - use a thread or sync_to_async.
INFO 2026-07-08 15:52:56,404 middleware Запит до /orders/create/ зайняв 0.0330 секунд.
ERROR 2026-07-08 15:52:56,405 log "GET /orders/create/ HTTP/1.1" 500 122567
INFO 2026-07-08 15:52:59,505 middleware Запит до /catalog/ зайняв 0.0250 секунд.
INFO 2026-07-08 15:52:59,506 log "GET /catalog/ HTTP/1.1" 200 8307
INFO 2026-07-08 15:53:00,623 middleware Запит до /5/ зайняв 0.0186 секунд.
INFO 2026-07-08 15:53:00,623 log "GET /5/ HTTP/1.1" 200 5511
INFO 2026-07-08 15:53:00,643 middleware Запит до /images/covers/Elon_Musk.webp зайняв 0.0008 секунд.
INFO 2026-07-08 15:53:00,644 log "GET /images/covers/Elon_Musk.webp HTTP/1.1" 304 0
INFO 2026-07-08 15:53:02,457 middleware Запит до /orders/cart/add/5/ зайняв 0.0126 секунд.
INFO 2026-07-08 15:53:02,459 log "POST /orders/cart/add/5/ HTTP/1.1" 302 0
INFO 2026-07-08 15:53:02,479 middleware Запит до /orders/cart/ зайняв 0.0164 секунд.
INFO 2026-07-08 15:53:02,480 log "GET /orders/cart/ HTTP/1.1" 200 12245
ERROR 2026-07-08 15:53:03,610 log Internal Server Error: /orders/create/
Traceback (most recent call last):
  File "/usr/local/lib/python3.12/site-packages/django/contrib/sessions/backends/base.py", line 246, in _get_session
    return self._session_cache
           ^^^^^^^^^^^^^^^^^^^
AttributeError: 'SessionStore' object has no attribute '_session_cache'

During handling of the above exception, another exception occurred:

Traceback (most recent call last):
  File "/usr/local/lib/python3.12/site-packages/django/core/handlers/exception.py", line 55, in inner
    response = get_response(request)
               ^^^^^^^^^^^^^^^^^^^^^
  File "/usr/local/lib/python3.12/site-packages/django/core/handlers/base.py", line 198, in _get_response
    response = wrapped_callback(request, *callback_args, **callback_kwargs)
               ^^^^^^^^^^^^^^^^^^^^^^^^^^^^^^^^^^^^^^^^^^^^^^^^^^^^^^^^^^^^
  File "/usr/local/lib/python3.12/site-packages/asgiref/sync.py", line 325, in __call__
    return call_result.result()
           ^^^^^^^^^^^^^^^^^^^^
  File "/usr/local/lib/python3.12/concurrent/futures/_base.py", line 449, in result
    return self.__get_result()
           ^^^^^^^^^^^^^^^^^^^
  File "/usr/local/lib/python3.12/concurrent/futures/_base.py", line 401, in __get_result
    raise self._exception
  File "/usr/local/lib/python3.12/site-packages/asgiref/sync.py", line 365, in main_wrap
    result = await awaitable
             ^^^^^^^^^^^^^^^
  File "/usr/local/lib/python3.12/site-packages/django/views/decorators/http.py", line 48, in inner
    return await func(request, *args, **kwargs)
           ^^^^^^^^^^^^^^^^^^^^^^^^^^^^^^^^^^^^
  File "/app/orders/views.py", line 110, in order_create
    cart = Cart(request)
           ^^^^^^^^^^^^^
  File "/app/orders/cart.py", line 9, in __init__
    cart = self.session.get(settings.CART_SESSION_ID)
           ^^^^^^^^^^^^^^^^^^^^^^^^^^^^^^^^^^^^^^^^^^
  File "/usr/local/lib/python3.12/site-packages/django/contrib/sessions/backends/base.py", line 74, in get
    return self._session.get(key, default)
           ^^^^^^^^^^^^^
  File "/usr/local/lib/python3.12/site-packages/django/contrib/sessions/backends/base.py", line 251, in _get_session
    self._session_cache = self.load()
                          ^^^^^^^^^^^
  File "/usr/local/lib/python3.12/site-packages/django/contrib/sessions/backends/db.py", line 55, in load
    s = self._get_session_from_db()
        ^^^^^^^^^^^^^^^^^^^^^^^^^^^
  File "/usr/local/lib/python3.12/site-packages/django/contrib/sessions/backends/db.py", line 34, in _get_session_from_db
    return self.model.objects.get(
           ^^^^^^^^^^^^^^^^^^^^^^^
  File "/usr/local/lib/python3.12/site-packages/django/db/models/manager.py", line 87, in manager_method
    return getattr(self.get_queryset(), name)(*args, **kwargs)
           ^^^^^^^^^^^^^^^^^^^^^^^^^^^^^^^^^^^^^^^^^^^^^^^^^^^
  File "/usr/local/lib/python3.12/site-packages/django/db/models/query.py", line 635, in get
    num = len(clone)
          ^^^^^^^^^^
  File "/usr/local/lib/python3.12/site-packages/django/db/models/query.py", line 372, in __len__
    self._fetch_all()
  File "/usr/local/lib/python3.12/site-packages/django/db/models/query.py", line 2000, in _fetch_all
    self._result_cache = list(self._iterable_class(self))
                         ^^^^^^^^^^^^^^^^^^^^^^^^^^^^^^^^
  File "/usr/local/lib/python3.12/site-packages/django/db/models/query.py", line 95, in __iter__
    results = compiler.execute_sql(
              ^^^^^^^^^^^^^^^^^^^^^
  File "/usr/local/lib/python3.12/site-packages/django/db/models/sql/compiler.py", line 1622, in execute_sql
    cursor = self.connection.cursor()
             ^^^^^^^^^^^^^^^^^^^^^^^^
  File "/usr/local/lib/python3.12/site-packages/django/utils/asyncio.py", line 24, in inner
    raise SynchronousOnlyOperation(message)
django.core.exceptions.SynchronousOnlyOperation: You cannot call this from an async context - use a thread or sync_to_async.
INFO 2026-07-08 15:53:03,613 middleware Запит до /orders/create/ зайняв 0.0333 секунд.
ERROR 2026-07-08 15:53:03,613 log "GET /orders/create/ HTTP/1.1" 500 122564
INFO 2026-07-08 15:54:26,602 autoreload /app/orders/views.py changed, reloading.
INFO 2026-07-08 15:54:27,009 autoreload Watching for file changes with StatReloader
INFO 2026-07-08 15:56:25,125 autoreload /app/orders/views.py changed, reloading.
INFO 2026-07-08 15:56:25,523 autoreload Watching for file changes with StatReloader
INFO 2026-07-08 15:56:30,176 middleware Запит до /orders/create/ зайняв 0.0228 секунд.
INFO 2026-07-08 15:56:30,177 log "GET /orders/create/ HTTP/1.1" 200 6693
INFO 2026-07-08 15:56:31,373 middleware Запит до /catalog/ зайняв 0.0212 секунд.
INFO 2026-07-08 15:56:31,374 log "GET /catalog/ HTTP/1.1" 200 8307
INFO 2026-07-08 15:56:32,679 middleware Запит до /5/ зайняв 0.0181 секунд.
INFO 2026-07-08 15:56:32,679 log "GET /5/ HTTP/1.1" 200 5511
INFO 2026-07-08 15:56:34,262 middleware Запит до /orders/cart/add/5/ зайняв 0.0134 секунд.
INFO 2026-07-08 15:56:34,264 log "POST /orders/cart/add/5/ HTTP/1.1" 302 0
INFO 2026-07-08 15:56:34,283 middleware Запит до /orders/cart/ зайняв 0.0153 секунд.
INFO 2026-07-08 15:56:34,283 log "GET /orders/cart/ HTTP/1.1" 200 12245
INFO 2026-07-08 15:56:36,384 middleware Запит до /orders/create/ зайняв 0.0163 секунд.
INFO 2026-07-08 15:56:36,385 log "GET /orders/create/ HTTP/1.1" 200 6693
INFO 2026-07-08 15:56:58,602 middleware Запит до /orders/create/ зайняв 0.0479 секунд.
INFO 2026-07-08 15:56:58,604 log "POST /orders/create/ HTTP/1.1" 302 0
INFO 2026-07-08 15:56:58,614 middleware Запит до /orders/payment/process/ зайняв 0.0076 секунд.
INFO 2026-07-08 15:56:58,614 log "GET /orders/payment/process/ HTTP/1.1" 200 3709
INFO 2026-07-08 15:57:00,364 middleware Запит до /orders/payment/process/ зайняв 0.7604 секунд.
INFO 2026-07-08 15:57:00,364 log "POST /orders/payment/process/ HTTP/1.1" 302 0
INFO 2026-07-08 15:59:09,616 middleware Запит до /orders/payment/completed/ зайняв 0.0200 секунд.
INFO 2026-07-08 15:59:09,616 log "GET /orders/payment/completed/ HTTP/1.1" 200 3106
INFO 2026-07-08 15:59:12,543 middleware Запит до /catalog/ зайняв 0.0175 секунд.
INFO 2026-07-08 15:59:12,544 log "GET /catalog/ HTTP/1.1" 200 8307
INFO 2026-07-08 16:53:52,087 autoreload /app/orders/views.py changed, reloading.
INFO 2026-07-08 16:53:52,576 autoreload Watching for file changes with StatReloader
INFO 2026-07-08 16:56:30,287 autoreload /app/orders/views.py changed, reloading.
INFO 2026-07-08 16:56:30,687 autoreload Watching for file changes with StatReloader
INFO 2026-07-08 16:56:35,462 middleware Запит до /catalog/ зайняв 0.0234 секунд.
INFO 2026-07-08 16:56:35,464 log "GET /catalog/ HTTP/1.1" 200 8307
INFO 2026-07-08 16:56:36,069 middleware Запит до / зайняв 0.0207 секунд.
INFO 2026-07-08 16:56:36,069 log "GET / HTTP/1.1" 200 9641
INFO 2026-07-08 16:56:36,599 middleware Запит до /catalog/ зайняв 0.0162 секунд.
INFO 2026-07-08 16:56:36,599 log "GET /catalog/ HTTP/1.1" 200 8307
INFO 2026-07-08 16:56:38,140 middleware Запит до /3/ зайняв 0.0170 секунд.
INFO 2026-07-08 16:56:38,141 log "GET /3/ HTTP/1.1" 200 4836
INFO 2026-07-08 16:56:49,468 middleware Запит до /orders/cart/add/3/ зайняв 0.0109 секунд.
INFO 2026-07-08 16:56:49,472 log "POST /orders/cart/add/3/ HTTP/1.1" 302 0
INFO 2026-07-08 16:56:49,496 middleware Запит до /orders/cart/ зайняв 0.0197 секунд.
INFO 2026-07-08 16:56:49,497 log "GET /orders/cart/ HTTP/1.1" 200 8529
INFO 2026-07-08 16:56:50,634 middleware Запит до /orders/create/ зайняв 0.0164 секунд.
INFO 2026-07-08 16:56:50,635 log "GET /orders/create/ HTTP/1.1" 200 6178
INFO 2026-07-08 16:57:23,102 middleware Запит до /orders/create/ зайняв 0.0457 секунд.
INFO 2026-07-08 16:57:23,103 log "POST /orders/create/ HTTP/1.1" 302 0
INFO 2026-07-08 16:57:23,115 middleware Запит до /orders/payment/process/ зайняв 0.0091 секунд.
INFO 2026-07-08 16:57:23,115 log "GET /orders/payment/process/ HTTP/1.1" 200 3707
INFO 2026-07-08 16:57:25,177 middleware Запит до /orders/payment/process/ зайняв 0.7159 секунд.
INFO 2026-07-08 16:57:25,177 log "POST /orders/payment/process/ HTTP/1.1" 302 0
INFO 2026-07-08 16:57:53,031 middleware Запит до /orders/payment/completed/ зайняв 0.0213 секунд.
INFO 2026-07-08 16:57:53,031 log "GET /orders/payment/completed/ HTTP/1.1" 200 3106
INFO 2026-07-08 17:00:44,465 middleware Запит до /catalog/ зайняв 0.0182 секунд.
INFO 2026-07-08 17:00:44,466 log "GET /catalog/ HTTP/1.1" 200 8307
INFO 2026-07-08 17:03:27,890 middleware Запит до /catalog/ зайняв 0.0053 секунд.
INFO 2026-07-08 17:03:27,892 middleware Запит до /1/ зайняв 0.0019 секунд.
INFO 2026-07-08 17:03:27,896 middleware Запит до /orders/create/ зайняв 0.0027 секунд.
INFO 2026-07-08 17:03:27,912 middleware Запит до /orders/create/ зайняв 0.0158 секунд.
INFO 2026-07-08 17:03:27,918 middleware Запит до /orders/create/ зайняв 0.0016 секунд.
INFO 2026-07-08 17:03:27,920 middleware Запит до /orders/create/ зайняв 0.0020 секунд.
INFO 2026-07-08 17:03:27,925 middleware Запит до /orders/create/ зайняв 0.0017 секунд.
INFO 2026-07-08 17:03:27,936 middleware Запит до /orders/create/ зайняв 0.0014 секунд.
INFO 2026-07-08 17:03:27,946 middleware Запит до / зайняв 0.0027 секунд.
INFO 2026-07-08 17:03:27,993 middleware Запит до /catalog/ зайняв 0.0014 секунд.
INFO 2026-07-08 17:03:28,043 middleware Запит до /14/ зайняв 0.0011 секунд.
INFO 2026-07-08 17:03:28,091 middleware Запит до /orders/cart/ зайняв 0.0013 секунд.
INFO 2026-07-08 17:03:28,146 middleware Запит до /9999/ зайняв 0.0009 секунд.
WARNING 2026-07-08 17:03:28,147 log Not Found: /9999/
INFO 2026-07-08 17:03:28,192 middleware Запит до /catalog/ зайняв 0.0013 секунд.
INFO 2026-07-08 17:09:52,162 autoreload /app/bookstore_project/settings.py changed, reloading.
INFO 2026-07-08 17:09:52,598 autoreload Watching for file changes with StatReloader
INFO 2026-07-08 17:10:05,814 middleware Запит до /catalog/ зайняв 0.0053 секунд.
INFO 2026-07-08 17:10:05,816 middleware Запит до /1/ зайняв 0.0019 секунд.
INFO 2026-07-08 17:10:05,820 middleware Запит до /orders/create/ зайняв 0.0027 секунд.
INFO 2026-07-08 17:10:05,836 middleware Запит до /orders/create/ зайняв 0.0156 секунд.
INFO 2026-07-08 17:10:05,841 middleware Запит до /orders/create/ зайняв 0.0017 секунд.
INFO 2026-07-08 17:10:05,844 middleware Запит до /orders/create/ зайняв 0.0020 секунд.
INFO 2026-07-08 17:10:05,849 middleware Запит до /orders/create/ зайняв 0.0018 секунд.
INFO 2026-07-08 17:10:05,860 middleware Запит до /orders/create/ зайняв 0.0014 секунд.
INFO 2026-07-08 17:10:05,869 middleware Запит до / зайняв 0.0027 секунд.
INFO 2026-07-08 17:10:05,913 middleware Запит до /catalog/ зайняв 0.0013 секунд.
INFO 2026-07-08 17:10:05,959 middleware Запит до /14/ зайняв 0.0011 секунд.
INFO 2026-07-08 17:10:06,004 middleware Запит до /orders/cart/ зайняв 0.0014 секунд.
INFO 2026-07-08 17:10:06,050 middleware Запит до /9999/ зайняв 0.0008 секунд.
WARNING 2026-07-08 17:10:06,051 log Not Found: /9999/
INFO 2026-07-08 17:10:06,098 middleware Запит до /catalog/ зайняв 0.0013 секунд.
INFO 2026-07-08 17:10:46,619 autoreload /app/bookstore_project/settings.py changed, reloading.
INFO 2026-07-08 17:10:47,042 autoreload Watching for file changes with StatReloader
INFO 2026-07-08 17:10:49,311 middleware Запит до /catalog/ зайняв 0.0052 секунд.
INFO 2026-07-08 17:10:49,313 middleware Запит до /1/ зайняв 0.0019 секунд.
INFO 2026-07-08 17:10:49,318 middleware Запит до /orders/create/ зайняв 0.0033 секунд.
INFO 2026-07-08 17:10:49,333 middleware Запит до /orders/create/ зайняв 0.0151 секунд.
INFO 2026-07-08 17:10:49,339 middleware Запит до /orders/create/ зайняв 0.0016 секунд.
INFO 2026-07-08 17:10:49,341 middleware Запит до /orders/create/ зайняв 0.0020 секунд.
INFO 2026-07-08 17:10:49,346 middleware Запит до /orders/create/ зайняв 0.0018 секунд.
INFO 2026-07-08 17:10:49,357 middleware Запит до /orders/create/ зайняв 0.0014 секунд.
INFO 2026-07-08 17:10:49,366 middleware Запит до / зайняв 0.0028 секунд.
INFO 2026-07-08 17:10:49,409 middleware Запит до /catalog/ зайняв 0.0013 секунд.
INFO 2026-07-08 17:10:49,454 middleware Запит до /14/ зайняв 0.0011 секунд.
INFO 2026-07-08 17:10:49,500 middleware Запит до /orders/cart/ зайняв 0.0013 секунд.
INFO 2026-07-08 17:10:49,547 middleware Запит до /9999/ зайняв 0.0010 секунд.
WARNING 2026-07-08 17:10:49,548 log Not Found: /9999/
INFO 2026-07-08 17:10:49,595 middleware Запит до /catalog/ зайняв 0.0013 секунд.
INFO 2026-07-08 17:14:36,071 middleware Запит до /catalog/ зайняв 0.0243 секунд.
INFO 2026-07-08 17:14:36,072 log "GET /catalog/?category=1 HTTP/1.1" 200 6346
INFO 2026-07-08 17:14:36,727 middleware Запит до /catalog/ зайняв 0.0168 секунд.
INFO 2026-07-08 17:14:36,728 log "GET /catalog/?category=6 HTTP/1.1" 200 6975
INFO 2026-07-08 17:14:37,635 middleware Запит до / зайняв 0.0233 секунд.
INFO 2026-07-08 17:14:37,635 log "GET / HTTP/1.1" 200 9641
INFO 2026-07-08 17:14:38,243 middleware Запит до /catalog/ зайняв 0.0168 секунд.
INFO 2026-07-08 17:14:38,244 log "GET /catalog/ HTTP/1.1" 200 8307
INFO 2026-07-08 17:14:40,594 middleware Запит до /catalog/ зайняв 0.0167 секунд.
INFO 2026-07-08 17:14:40,594 log "GET /catalog/?page=2 HTTP/1.1" 200 8321
INFO 2026-07-08 17:14:41,481 middleware Запит до /catalog/ зайняв 0.0194 секунд.
INFO 2026-07-08 17:14:41,482 log "GET /catalog/?page=3 HTTP/1.1" 200 8333
INFO 2026-07-08 17:14:42,510 middleware Запит до /catalog/ зайняв 0.0164 секунд.
INFO 2026-07-08 17:14:42,511 log "GET /catalog/?page=4 HTTP/1.1" 200 7575
INFO 2026-07-08 17:14:44,470 middleware Запит до /catalog/ зайняв 0.0169 секунд.
INFO 2026-07-08 17:14:44,470 log "GET /catalog/ HTTP/1.1" 200 8307
INFO 2026-07-08 19:33:20,751 middleware Запит до /catalog/ зайняв 0.0053 секунд.
INFO 2026-07-08 19:33:20,754 middleware Запит до /1/ зайняв 0.0023 секунд.
INFO 2026-07-08 19:33:20,758 middleware Запит до /orders/create/ зайняв 0.0027 секунд.
INFO 2026-07-08 19:33:20,774 middleware Запит до /orders/create/ зайняв 0.0151 секунд.
INFO 2026-07-08 19:33:20,779 middleware Запит до /orders/create/ зайняв 0.0017 секунд.
INFO 2026-07-08 19:33:20,781 middleware Запит до /orders/create/ зайняв 0.0021 секунд.
INFO 2026-07-08 19:33:20,786 middleware Запит до /orders/create/ зайняв 0.0018 секунд.
INFO 2026-07-08 19:33:20,803 middleware Запит до /orders/create/ зайняв 0.0019 секунд.
INFO 2026-07-08 19:33:20,856 middleware Запит до / зайняв 0.0035 секунд.
INFO 2026-07-08 19:33:20,911 middleware Запит до /catalog/ зайняв 0.0016 секунд.
INFO 2026-07-08 19:33:20,960 middleware Запит до /16/ зайняв 0.0012 секунд.
INFO 2026-07-08 19:33:21,008 middleware Запит до /orders/cart/ зайняв 0.0015 секунд.
INFO 2026-07-08 19:33:21,068 middleware Запит до /9999/ зайняв 0.0014 секунд.
WARNING 2026-07-08 19:33:21,069 log Not Found: /9999/
INFO 2026-07-08 19:33:21,131 middleware Запит до /catalog/ зайняв 0.0013 секунд.
INFO 2026-07-09 18:29:13,344 middleware Запит до /catalog/ зайняв 0.0267 секунд.
INFO 2026-07-09 18:29:13,345 log "GET /catalog/ HTTP/1.1" 200 8307
INFO 2026-07-09 18:29:13,872 middleware Запит до / зайняв 0.0197 секунд.
INFO 2026-07-09 18:29:13,873 log "GET / HTTP/1.1" 200 9641
INFO 2026-07-09 18:29:14,817 middleware Запит до /catalog/ зайняв 0.0160 секунд.
INFO 2026-07-09 18:29:14,818 log "GET /catalog/ HTTP/1.1" 200 8307
INFO 2026-07-09 18:29:15,655 middleware Запит до / зайняв 0.0205 секунд.
INFO 2026-07-09 18:29:15,656 log "GET / HTTP/1.1" 200 9641
INFO 2026-07-09 18:29:17,958 middleware Запит до /i18n/setlang/ зайняв 0.0013 секунд.
INFO 2026-07-09 18:29:17,959 log "POST /i18n/setlang/ HTTP/1.1" 302 0
INFO 2026-07-09 18:29:17,988 middleware Запит до / зайняв 0.0193 секунд.
INFO 2026-07-09 18:29:17,989 log "GET / HTTP/1.1" 200 9769
INFO 2026-07-09 18:29:20,482 middleware Запит до /i18n/setlang/ зайняв 0.0008 секунд.
INFO 2026-07-09 18:29:20,483 log "POST /i18n/setlang/ HTTP/1.1" 302 0
INFO 2026-07-09 18:29:20,512 middleware Запит до / зайняв 0.0184 секунд.
INFO 2026-07-09 18:29:20,513 log "GET / HTTP/1.1" 200 9641
INFO 2026-07-09 18:29:56,699 middleware Запит до /catalog/ зайняв 0.0166 секунд.
INFO 2026-07-09 18:29:56,700 log "GET /catalog/ HTTP/1.1" 200 8307
INFO 2026-07-09 18:29:57,310 middleware Запит до / зайняв 0.0150 секунд.
INFO 2026-07-09 18:29:57,311 log "GET / HTTP/1.1" 200 9641
INFO 2026-07-09 18:38:07,079 autoreload /app/orders/views.py changed, reloading.
INFO 2026-07-09 18:38:07,492 autoreload Watching for file changes with StatReloader
INFO 2026-07-09 18:39:21,866 autoreload /app/orders/views.py changed, reloading.
INFO 2026-07-09 18:39:22,263 autoreload Watching for file changes with StatReloader
INFO 2026-07-09 18:44:48,930 autoreload /app/shop_app/views.py changed, reloading.
INFO 2026-07-09 18:44:49,333 autoreload Watching for file changes with StatReloader
INFO 2026-07-09 18:45:08,728 autoreload /app/shop_app/views.py changed, reloading.
INFO 2026-07-09 18:45:09,122 autoreload Watching for file changes with StatReloader
INFO 2026-07-09 18:45:19,367 autoreload /app/shop_app/views.py changed, reloading.
INFO 2026-07-09 18:45:19,763 autoreload Watching for file changes with StatReloader
INFO 2026-07-09 18:45:28,971 autoreload /app/shop_app/views.py changed, reloading.
INFO 2026-07-09 18:45:29,376 autoreload Watching for file changes with StatReloader
INFO 2026-07-09 18:45:48,755 autoreload /app/shop_app/views.py changed, reloading.
INFO 2026-07-09 18:45:49,155 autoreload Watching for file changes with StatReloader
INFO 2026-07-09 18:45:54,295 autoreload /app/shop_app/views.py changed, reloading.
INFO 2026-07-09 18:45:54,685 autoreload Watching for file changes with StatReloader
INFO 2026-07-09 18:48:10,109 autoreload /app/orders/views.py changed, reloading.
INFO 2026-07-09 18:48:10,519 autoreload Watching for file changes with StatReloader
INFO 2026-07-09 18:48:17,758 autoreload /app/orders/views.py changed, reloading.
INFO 2026-07-09 18:48:18,164 autoreload Watching for file changes with StatReloader
INFO 2026-07-09 18:49:12,158 autoreload /app/orders/views.py changed, reloading.
INFO 2026-07-09 18:49:12,559 autoreload Watching for file changes with StatReloader
INFO 2026-07-09 18:49:56,373 autoreload /app/orders/views.py changed, reloading.
INFO 2026-07-09 18:49:56,770 autoreload Watching for file changes with StatReloader
INFO 2026-07-09 18:50:11,076 autoreload /app/shop_app/views.py changed, reloading.
INFO 2026-07-09 18:50:11,474 autoreload Watching for file changes with StatReloader
INFO 2026-07-09 18:51:15,609 autoreload /app/orders/views.py changed, reloading.
INFO 2026-07-09 18:51:16,051 autoreload Watching for file changes with StatReloader
INFO 2026-07-09 19:01:59,228 autoreload /app/orders/views.py changed, reloading.
INFO 2026-07-09 19:01:59,630 autoreload Watching for file changes with StatReloader
INFO 2026-07-09 19:02:12,880 autoreload /app/orders/views.py changed, reloading.
INFO 2026-07-09 19:02:13,280 autoreload Watching for file changes with StatReloader
INFO 2026-07-09 19:02:20,466 autoreload /app/orders/views.py changed, reloading.
INFO 2026-07-09 19:02:20,871 autoreload Watching for file changes with StatReloader
INFO 2026-07-09 19:03:04,701 autoreload /app/orders/views.py changed, reloading.
INFO 2026-07-09 19:03:05,109 autoreload Watching for file changes with StatReloader
INFO 2026-07-09 19:03:51,985 autoreload /app/orders/views.py changed, reloading.
INFO 2026-07-09 19:03:52,508 autoreload Watching for file changes with StatReloader
INFO 2026-07-09 19:04:09,865 autoreload /app/orders/views.py changed, reloading.
INFO 2026-07-09 19:04:10,259 autoreload Watching for file changes with StatReloader
INFO 2026-07-09 20:53:32,210 autoreload /app/orders/views.py changed, reloading.
INFO 2026-07-09 20:53:32,681 autoreload Watching for file changes with StatReloader
INFO 2026-07-09 20:56:27,366 autoreload /app/shop_app/views.py changed, reloading.
INFO 2026-07-09 20:56:27,779 autoreload Watching for file changes with StatReloader
INFO 2026-07-09 20:56:33,940 autoreload /app/shop_app/views.py changed, reloading.
INFO 2026-07-09 20:56:34,388 autoreload Watching for file changes with StatReloader
INFO 2026-07-09 20:56:46,652 autoreload /app/shop_app/views.py changed, reloading.
INFO 2026-07-09 20:56:47,089 autoreload Watching for file changes with StatReloader
INFO 2026-07-09 20:59:08,532 autoreload /app/shop_app/views.py changed, reloading.
INFO 2026-07-09 20:59:08,937 autoreload Watching for file changes with StatReloader
INFO 2026-07-09 20:59:18,156 autoreload /app/shop_app/views.py changed, reloading.
INFO 2026-07-09 20:59:18,572 autoreload Watching for file changes with StatReloader
INFO 2026-07-09 20:59:50,179 autoreload /app/shop_app/views.py changed, reloading.
INFO 2026-07-09 20:59:50,617 autoreload Watching for file changes with StatReloader
INFO 2026-07-09 21:00:06,962 autoreload /app/shop_app/views.py changed, reloading.
INFO 2026-07-09 21:00:07,362 autoreload Watching for file changes with StatReloader
INFO 2026-07-09 21:00:19,625 autoreload /app/shop_app/views.py changed, reloading.
INFO 2026-07-09 21:00:20,023 autoreload Watching for file changes with StatReloader
INFO 2026-07-09 21:01:27,235 autoreload /app/shop_app/views.py changed, reloading.
INFO 2026-07-09 21:01:27,646 autoreload Watching for file changes with StatReloader
INFO 2026-07-09 21:02:37,876 autoreload /app/users/views.py changed, reloading.
INFO 2026-07-09 21:02:38,282 autoreload Watching for file changes with StatReloader
INFO 2026-07-10 14:36:02,513 middleware Запит до /catalog/ зайняв 0.0053 секунд.
INFO 2026-07-10 14:36:02,516 middleware Запит до /1/ зайняв 0.0023 секунд.
INFO 2026-07-10 14:36:02,520 middleware Запит до /orders/create/ зайняв 0.0027 секунд.
INFO 2026-07-10 14:36:02,535 middleware Запит до /orders/create/ зайняв 0.0146 секунд.
INFO 2026-07-10 14:36:02,541 middleware Запит до /orders/create/ зайняв 0.0016 секунд.
INFO 2026-07-10 14:36:02,543 middleware Запит до /orders/create/ зайняв 0.0020 секунд.
INFO 2026-07-10 14:36:02,548 middleware Запит до /orders/create/ зайняв 0.0018 секунд.
INFO 2026-07-10 14:36:02,565 middleware Запит до /orders/create/ зайняв 0.0020 секунд.
INFO 2026-07-10 14:36:02,617 middleware Запит до / зайняв 0.0029 секунд.
INFO 2026-07-10 14:36:02,664 middleware Запит до /catalog/ зайняв 0.0013 секунд.
INFO 2026-07-10 14:36:02,709 middleware Запит до /16/ зайняв 0.0011 секунд.
INFO 2026-07-10 14:36:02,754 middleware Запит до /orders/cart/ зайняв 0.0013 секунд.
INFO 2026-07-10 14:36:02,797 middleware Запит до /9999/ зайняв 0.0009 секунд.
WARNING 2026-07-10 14:36:02,797 log Not Found: /9999/
INFO 2026-07-10 14:36:02,842 middleware Запит до /catalog/ зайняв 0.0013 секунд.
INFO 2026-07-10 14:52:51,156 middleware Запит до /catalog/ зайняв 0.0189 секунд.
INFO 2026-07-10 14:52:51,157 log "GET /catalog/ HTTP/1.1" 200 8307
INFO 2026-07-10 14:52:51,614 middleware Запит до /catalog/ зайняв 0.0162 секунд.
INFO 2026-07-10 14:52:51,615 log "GET /catalog/ HTTP/1.1" 200 8307
INFO 2026-07-10 14:52:53,469 middleware Запит до /i18n/setlang/ зайняв 0.0009 секунд.
INFO 2026-07-10 14:52:53,470 log "POST /i18n/setlang/ HTTP/1.1" 302 0
INFO 2026-07-10 14:52:53,493 middleware Запит до /catalog/ зайняв 0.0168 секунд.
INFO 2026-07-10 14:52:53,494 log "GET /catalog/ HTTP/1.1" 200 8582
INFO 2026-07-10 14:52:54,960 middleware Запит до /i18n/setlang/ зайняв 0.0007 секунд.
INFO 2026-07-10 14:52:54,961 log "POST /i18n/setlang/ HTTP/1.1" 302 0
INFO 2026-07-10 14:52:54,980 middleware Запит до /catalog/ зайняв 0.0148 секунд.
INFO 2026-07-10 14:52:54,981 log "GET /catalog/ HTTP/1.1" 200 8307
INFO 2026-07-10 14:52:55,586 middleware Запит до / зайняв 0.0205 секунд.
INFO 2026-07-10 14:52:55,587 log "GET / HTTP/1.1" 200 9641
INFO 2026-07-10 14:52:57,833 middleware Запит до /catalog/ зайняв 0.0156 секунд.
INFO 2026-07-10 14:52:57,833 log "GET /catalog/ HTTP/1.1" 200 8307
INFO 2026-07-10 14:52:58,999 middleware Запит до /catalog/ зайняв 0.0160 секунд.
INFO 2026-07-10 14:52:59,000 log "GET /catalog/?category=1 HTTP/1.1" 200 6346
INFO 2026-07-10 14:52:59,446 middleware Запит до /catalog/ зайняв 0.0131 секунд.
INFO 2026-07-10 14:52:59,446 log "GET /catalog/?category=6 HTTP/1.1" 200 6975
INFO 2026-07-10 14:52:59,900 middleware Запит до /catalog/ зайняв 0.0152 секунд.
INFO 2026-07-10 14:52:59,901 log "GET /catalog/?category=2 HTTP/1.1" 200 7728
INFO 2026-07-10 14:53:01,063 middleware Запит до / зайняв 0.0196 секунд.
INFO 2026-07-10 14:53:01,063 log "GET / HTTP/1.1" 200 9641
INFO 2026-07-11 17:30:04,791 middleware Запит до / зайняв 0.0297 секунд.
INFO 2026-07-11 17:30:04,793 log "GET / HTTP/1.1" 200 9641
INFO 2026-07-11 17:30:05,325 middleware Запит до /catalog/ зайняв 0.0169 секунд.
INFO 2026-07-11 17:30:05,326 log "GET /catalog/ HTTP/1.1" 200 8307
INFO 2026-07-11 17:30:06,043 middleware Запит до / зайняв 0.0196 секунд.
INFO 2026-07-11 17:30:06,044 log "GET / HTTP/1.1" 200 9641
INFO 2026-07-11 18:24:47,683 autoreload /app/bookstore_project/settings.py changed, reloading.
INFO 2026-07-11 18:24:48,279 autoreload Watching for file changes with StatReloader
INFO 2026-07-11 18:25:01,491 autoreload /app/bookstore_project/settings.py changed, reloading.
INFO 2026-07-11 18:25:01,887 autoreload Watching for file changes with StatReloader
INFO 2026-07-11 18:26:12,545 autoreload /app/bookstore_project/settings.py changed, reloading.
INFO 2026-07-11 18:26:12,876 autoreload Watching for file changes with StatReloader
INFO 2026-07-11 18:27:53,791 autoreload /app/bookstore_project/settings.py changed, reloading.
INFO 2026-07-11 18:27:54,124 autoreload Watching for file changes with StatReloader
INFO 2026-07-11 18:31:03,654 autoreload /app/bookstore_project/settings.py changed, reloading.
INFO 2026-07-11 18:31:03,998 autoreload Watching for file changes with StatReloader
INFO 2026-07-11 18:37:05,783 autoreload /app/bookstore_project/settings.py changed, reloading.
INFO 2026-07-11 18:37:06,120 autoreload Watching for file changes with StatReloader
INFO 2026-07-11 18:39:55,444 autoreload /app/bookstore_project/settings.py changed, reloading.
INFO 2026-07-11 18:39:55,780 autoreload Watching for file changes with StatReloader
INFO 2026-07-11 18:41:32,600 autoreload /app/bookstore_project/settings.py changed, reloading.
INFO 2026-07-11 18:41:33,005 autoreload Watching for file changes with StatReloader
INFO 2026-07-11 18:42:25,475 autoreload /app/bookstore_project/settings.py changed, reloading.
INFO 2026-07-11 18:42:25,811 autoreload Watching for file changes with StatReloader
INFO 2026-07-11 18:47:35,444 autoreload /app/bookstore_project/settings.py changed, reloading.
INFO 2026-07-11 18:47:35,773 autoreload Watching for file changes with StatReloader
INFO 2026-07-12 19:32:33,230 autoreload Watching for file changes with StatReloader
INFO 2026-07-12 19:33:16,813 autoreload Watching for file changes with StatReloader
INFO 2026-07-12 19:40:34,157 autoreload Watching for file changes with StatReloader
INFO 2026-07-12 19:47:05,024 autoreload Watching for file changes with StatReloader
INFO 2026-07-12 19:47:08,913 middleware Запит до / зайняв 0.0311 секунд.
INFO 2026-07-12 19:47:08,914 log "GET / HTTP/1.1" 200 9641
INFO 2026-07-12 19:47:10,247 middleware Запит до /catalog/ зайняв 0.0226 секунд.
INFO 2026-07-12 19:47:10,248 log "GET /catalog/ HTTP/1.1" 200 8307
INFO 2026-07-12 19:47:11,062 middleware Запит до / зайняв 0.0201 секунд.
INFO 2026-07-12 19:47:11,062 log "GET / HTTP/1.1" 200 9641
INFO 2026-07-12 19:47:12,678 middleware Запит до /i18n/setlang/ зайняв 0.0007 секунд.
INFO 2026-07-12 19:47:12,679 log "POST /i18n/setlang/ HTTP/1.1" 302 0
INFO 2026-07-12 19:47:12,709 middleware Запит до / зайняв 0.0199 секунд.
INFO 2026-07-12 19:47:12,709 log "GET / HTTP/1.1" 200 9769
INFO 2026-07-12 19:47:14,477 middleware Запит до /i18n/setlang/ зайняв 0.0005 секунд.
INFO 2026-07-12 19:47:14,478 log "POST /i18n/setlang/ HTTP/1.1" 302 0
INFO 2026-07-12 19:47:14,498 middleware Запит до / зайняв 0.0166 секунд.
INFO 2026-07-12 19:47:14,499 log "GET / HTTP/1.1" 200 9641
INFO 2026-07-12 19:47:14,928 middleware Запит до / зайняв 0.0184 секунд.
INFO 2026-07-12 19:47:14,929 log "GET / HTTP/1.1" 200 9641
INFO 2026-07-12 19:47:15,479 middleware Запит до /catalog/ зайняв 0.0146 секунд.
INFO 2026-07-12 19:47:15,479 log "GET /catalog/ HTTP/1.1" 200 8307
INFO 2026-07-12 19:47:17,254 middleware Запит до / зайняв 0.0200 секунд.
INFO 2026-07-12 19:47:17,255 log "GET / HTTP/1.1" 200 9641
INFO 2026-07-12 20:25:50,875 autoreload /app/orders/urls.py changed, reloading.
INFO 2026-07-12 20:25:51,303 autoreload Watching for file changes with StatReloader
INFO 2026-07-12 20:26:44,705 autoreload /app/orders/urls.py changed, reloading.
INFO 2026-07-12 20:26:45,116 autoreload Watching for file changes with StatReloader
INFO 2026-07-12 20:34:18,330 autoreload /app/orders/api_views.py changed, reloading.
INFO 2026-07-12 20:34:18,758 autoreload Watching for file changes with StatReloader
INFO 2026-07-12 20:34:33,203 autoreload /app/orders/api_views.py changed, reloading.
INFO 2026-07-12 20:34:33,618 autoreload Watching for file changes with StatReloader
INFO 2026-07-12 20:40:57,915 autoreload /app/orders/api_views.py changed, reloading.
INFO 2026-07-12 20:40:58,329 autoreload Watching for file changes with StatReloader
INFO 2026-07-12 20:42:21,415 autoreload /app/orders/api_views.py changed, reloading.
INFO 2026-07-12 20:42:21,826 autoreload Watching for file changes with StatReloader
INFO 2026-07-12 20:49:44,489 autoreload /app/orders/api_views.py changed, reloading.
INFO 2026-07-12 20:49:44,950 autoreload Watching for file changes with StatReloader
INFO 2026-07-12 20:50:48,623 autoreload /app/orders/api_views.py changed, reloading.
INFO 2026-07-12 20:50:49,060 autoreload Watching for file changes with StatReloader
INFO 2026-07-12 20:55:38,100 autoreload /app/orders/api_views.py changed, reloading.
INFO 2026-07-12 20:55:38,554 autoreload Watching for file changes with StatReloader
INFO 2026-07-12 20:55:57,079 autoreload /app/orders/api_views.py changed, reloading.
INFO 2026-07-12 20:55:57,498 autoreload Watching for file changes with StatReloader
INFO 2026-07-13 13:44:51,505 autoreload /app/orders/api_views.py changed, reloading.
INFO 2026-07-13 13:44:51,933 autoreload Watching for file changes with StatReloader
INFO 2026-07-13 13:46:55,039 autoreload /app/bookstore_project/settings.py changed, reloading.
INFO 2026-07-13 13:46:55,441 autoreload Watching for file changes with StatReloader
INFO 2026-07-13 13:47:09,878 autoreload /app/bookstore_project/settings.py changed, reloading.
INFO 2026-07-13 13:47:10,293 autoreload Watching for file changes with StatReloader
INFO 2026-07-13 13:48:16,360 autoreload Watching for file changes with StatReloader
INFO 2026-07-13 13:52:11,093 autoreload /app/shop_app/urls.py changed, reloading.
INFO 2026-07-13 13:52:11,509 autoreload Watching for file changes with StatReloader
INFO 2026-07-13 13:52:13,632 autoreload /app/shop_app/urls.py changed, reloading.
INFO 2026-07-13 13:52:14,037 autoreload Watching for file changes with StatReloader
INFO 2026-07-13 13:52:31,517 autoreload /app/shop_app/urls.py changed, reloading.
INFO 2026-07-13 13:52:31,922 autoreload Watching for file changes with StatReloader
INFO 2026-07-13 13:52:35,140 middleware Запит до / зайняв 0.0026 секунд.
WARNING 2026-07-13 13:52:35,140 log Not Found: /
WARNING 2026-07-13 13:52:35,141 log "GET / HTTP/1.1" 404 3627
INFO 2026-07-13 13:52:57,706 autoreload /app/shop_app/urls.py changed, reloading.
INFO 2026-07-13 13:52:58,117 autoreload Watching for file changes with StatReloader
INFO 2026-07-13 13:53:00,412 middleware Запит до / зайняв 0.0032 секунд.
WARNING 2026-07-13 13:53:00,413 log Not Found: /
WARNING 2026-07-13 13:53:00,414 log "GET / HTTP/1.1" 404 3627
INFO 2026-07-13 13:53:01,630 middleware Запит до /catalog/ зайняв 0.0025 секунд.
WARNING 2026-07-13 13:53:01,630 log Not Found: /catalog/
WARNING 2026-07-13 13:53:01,631 log "GET /catalog/ HTTP/1.1" 404 3669
INFO 2026-07-13 13:54:09,073 autoreload /app/bookstore_project/urls.py changed, reloading.
INFO 2026-07-13 13:54:09,490 autoreload Watching for file changes with StatReloader
INFO 2026-07-13 13:54:56,725 autoreload /app/bookstore_project/urls.py changed, reloading.
INFO 2026-07-13 13:54:57,132 autoreload Watching for file changes with StatReloader
INFO 2026-07-13 13:56:31,498 autoreload /app/bookstore_project/urls.py changed, reloading.
INFO 2026-07-13 13:56:31,904 autoreload Watching for file changes with StatReloader
INFO 2026-07-13 13:56:35,310 middleware Запит до / зайняв 0.0047 секунд.
WARNING 2026-07-13 13:56:35,311 log Not Found: /
WARNING 2026-07-13 13:56:35,312 log "GET / HTTP/1.1" 404 3627
INFO 2026-07-13 13:56:51,492 autoreload /app/bookstore_project/urls.py changed, reloading.
INFO 2026-07-13 13:56:51,922 autoreload Watching for file changes with StatReloader
INFO 2026-07-13 13:56:52,659 middleware Запит до / зайняв 0.0037 секунд.
WARNING 2026-07-13 13:56:52,660 log Not Found: /
WARNING 2026-07-13 13:56:52,661 log "GET / HTTP/1.1" 404 3627
INFO 2026-07-13 13:57:29,984 autoreload /app/bookstore_project/urls.py changed, reloading.
INFO 2026-07-13 13:57:30,394 autoreload Watching for file changes with StatReloader
INFO 2026-07-13 13:59:41,030 autoreload Watching for file changes with StatReloader
INFO 2026-07-13 14:00:57,109 autoreload Watching for file changes with StatReloader
INFO 2026-07-13 14:01:56,631 autoreload /app/orders/urls.py changed, reloading.
INFO 2026-07-13 14:01:57,037 autoreload Watching for file changes with StatReloader
INFO 2026-07-13 14:02:06,337 autoreload /app/orders/urls.py changed, reloading.
INFO 2026-07-13 14:02:06,738 autoreload Watching for file changes with StatReloader
INFO 2026-07-13 14:02:09,418 middleware Запит до / зайняв 0.0038 секунд.
WARNING 2026-07-13 14:02:09,419 log Not Found: /
WARNING 2026-07-13 14:02:09,420 log "GET / HTTP/1.1" 404 3777
ERROR 2026-07-13 14:07:43,829 log Internal Server Error: /api/v1/books/
Traceback (most recent call last):
  File "/usr/local/lib/python3.12/site-packages/django/core/handlers/exception.py", line 55, in inner
    response = get_response(request)
               ^^^^^^^^^^^^^^^^^^^^^
  File "/usr/local/lib/python3.12/site-packages/django/core/handlers/base.py", line 198, in _get_response
    response = wrapped_callback(request, *callback_args, **callback_kwargs)
               ^^^^^^^^^^^^^^^^^^^^^^^^^^^^^^^^^^^^^^^^^^^^^^^^^^^^^^^^^^^^
  File "/usr/local/lib/python3.12/site-packages/django/views/decorators/csrf.py", line 65, in _view_wrapper
    return view_func(request, *args, **kwargs)
           ^^^^^^^^^^^^^^^^^^^^^^^^^^^^^^^^^^^
  File "/usr/local/lib/python3.12/site-packages/rest_framework/viewsets.py", line 124, in view
    return self.dispatch(request, *args, **kwargs)
           ^^^^^^^^^^^^^^^^^^^^^^^^^^^^^^^^^^^^^^^
  File "/usr/local/lib/python3.12/site-packages/rest_framework/views.py", line 509, in dispatch
    response = self.handle_exception(exc)
               ^^^^^^^^^^^^^^^^^^^^^^^^^^
  File "/usr/local/lib/python3.12/site-packages/rest_framework/views.py", line 469, in handle_exception
    self.raise_uncaught_exception(exc)
  File "/usr/local/lib/python3.12/site-packages/rest_framework/views.py", line 480, in raise_uncaught_exception
    raise exc
  File "/usr/local/lib/python3.12/site-packages/rest_framework/views.py", line 506, in dispatch
    response = handler(request, *args, **kwargs)
               ^^^^^^^^^^^^^^^^^^^^^^^^^^^^^^^^^
  File "/usr/local/lib/python3.12/site-packages/rest_framework/mixins.py", line 43, in list
    return self.get_paginated_response(serializer.data)
                                       ^^^^^^^^^^^^^^^
  File "/usr/local/lib/python3.12/site-packages/rest_framework/serializers.py", line 795, in data
    ret = super().data
          ^^^^^^^^^^^^
  File "/usr/local/lib/python3.12/site-packages/rest_framework/serializers.py", line 249, in data
    self._data = self.to_representation(self.instance)
                 ^^^^^^^^^^^^^^^^^^^^^^^^^^^^^^^^^^^^^
  File "/usr/local/lib/python3.12/site-packages/rest_framework/serializers.py", line 714, in to_representation
    self.child.to_representation(item) for item in iterable
    ^^^^^^^^^^^^^^^^^^^^^^^^^^^^^^^^^^
  File "/usr/local/lib/python3.12/site-packages/rest_framework/serializers.py", line 523, in to_representation
    for field in fields:
                 ^^^^^^
  File "/usr/local/lib/python3.12/site-packages/rest_framework/serializers.py", line 384, in _readable_fields
    for field in self.fields.values():
                 ^^^^^^^^^^^
  File "/usr/local/lib/python3.12/site-packages/django/utils/functional.py", line 47, in __get__
    res = instance.__dict__[self.name] = self.func(instance)
                                         ^^^^^^^^^^^^^^^^^^^
  File "/usr/local/lib/python3.12/site-packages/rest_framework/serializers.py", line 372, in fields
    for key, value in self.get_fields().items():
                      ^^^^^^^^^^^^^^^^^
  File "/usr/local/lib/python3.12/site-packages/rest_framework/serializers.py", line 1103, in get_fields
    field_class, field_kwargs = self.build_field(
                                ^^^^^^^^^^^^^^^^^
  File "/usr/local/lib/python3.12/site-packages/rest_framework/serializers.py", line 1249, in build_field
    return self.build_unknown_field(field_name, model_class)
           ^^^^^^^^^^^^^^^^^^^^^^^^^^^^^^^^^^^^^^^^^^^^^^^^^
  File "/usr/local/lib/python3.12/site-packages/rest_framework/serializers.py", line 1367, in build_unknown_field
    raise ImproperlyConfigured(
django.core.exceptions.ImproperlyConfigured: Field name `category_detail` is not valid for model `Book` in `shop_app.serializers.BookSerializer`.
INFO 2026-07-13 14:07:43,830 middleware Запит до /api/v1/books/ зайняв 0.0359 секунд.
ERROR 2026-07-13 14:07:43,831 log "GET /api/v1/books/ HTTP/1.1" 500 142937
INFO 2026-07-13 14:07:55,695 middleware Запит до /api/v1/categories/ зайняв 0.0435 секунд.
INFO 2026-07-13 14:07:55,696 log "GET /api/v1/categories/ HTTP/1.1" 200 12460
INFO 2026-07-13 14:07:55,719 log "GET /static/rest_framework/css/bootstrap-tweaks.css HTTP/1.1" 200 3426
INFO 2026-07-13 14:07:55,722 log "GET /static/rest_framework/css/prettify.css HTTP/1.1" 200 817
INFO 2026-07-13 14:07:55,724 log "GET /static/rest_framework/js/ajax-form.js HTTP/1.1" 200 3796
INFO 2026-07-13 14:07:55,724 log "GET /static/rest_framework/css/default.css HTTP/1.1" 200 1152
INFO 2026-07-13 14:07:55,725 log "GET /static/rest_framework/js/csrf.js HTTP/1.1" 200 1793
INFO 2026-07-13 14:07:55,729 log "GET /static/rest_framework/js/jquery-3.7.1.min.js HTTP/1.1" 200 87533
INFO 2026-07-13 14:07:55,731 log "GET /static/rest_framework/js/load-ajax-form.js HTTP/1.1" 200 59
INFO 2026-07-13 14:07:55,731 log "GET /static/rest_framework/js/prettify-min.js HTTP/1.1" 200 13632
INFO 2026-07-13 14:07:55,733 log "GET /static/rest_framework/js/default.js HTTP/1.1" 200 1268
INFO 2026-07-13 14:07:55,733 log "GET /static/rest_framework/css/bootstrap.min.css HTTP/1.1" 200 121457
INFO 2026-07-13 14:07:55,734 log "GET /static/rest_framework/js/bootstrap.min.js HTTP/1.1" 200 39680
INFO 2026-07-13 14:07:55,741 log "GET /static/rest_framework/img/grid.png HTTP/1.1" 200 1458
INFO 2026-07-13 14:07:55,748 log "GET /static/rest_framework/fonts/glyphicons-halflings-regular.woff2 HTTP/1.1" 200 18028
INFO 2026-07-13 14:08:00,173 middleware Запит до /api/v1/categories/ зайняв 0.0133 секунд.
INFO 2026-07-13 14:08:00,174 log "GET /api/v1/categories/ HTTP/1.1" 200 12460
INFO 2026-07-13 14:08:07,834 middleware Запит до /api/v1/cart/ зайняв 0.0040 секунд.
INFO 2026-07-13 14:08:07,847 log "GET /api/v1/cart/ HTTP/1.1" 200 11098
INFO 2026-07-13 14:08:17,339 middleware Запит до /api/v1/orders/ зайняв 0.0026 секунд.
WARNING 2026-07-13 14:08:17,340 log Unauthorized: /api/v1/orders/
WARNING 2026-07-13 14:08:17,340 log "GET /api/v1/orders/ HTTP/1.1" 401 9949
ERROR 2026-07-13 14:08:31,578 log Internal Server Error: /api/v1/books/
Traceback (most recent call last):
  File "/usr/local/lib/python3.12/site-packages/django/core/handlers/exception.py", line 55, in inner
    response = get_response(request)
               ^^^^^^^^^^^^^^^^^^^^^
  File "/usr/local/lib/python3.12/site-packages/django/core/handlers/base.py", line 198, in _get_response
    response = wrapped_callback(request, *callback_args, **callback_kwargs)
               ^^^^^^^^^^^^^^^^^^^^^^^^^^^^^^^^^^^^^^^^^^^^^^^^^^^^^^^^^^^^
  File "/usr/local/lib/python3.12/site-packages/django/views/decorators/csrf.py", line 65, in _view_wrapper
    return view_func(request, *args, **kwargs)
           ^^^^^^^^^^^^^^^^^^^^^^^^^^^^^^^^^^^
  File "/usr/local/lib/python3.12/site-packages/rest_framework/viewsets.py", line 124, in view
    return self.dispatch(request, *args, **kwargs)
           ^^^^^^^^^^^^^^^^^^^^^^^^^^^^^^^^^^^^^^^
  File "/usr/local/lib/python3.12/site-packages/rest_framework/views.py", line 509, in dispatch
    response = self.handle_exception(exc)
               ^^^^^^^^^^^^^^^^^^^^^^^^^^
  File "/usr/local/lib/python3.12/site-packages/rest_framework/views.py", line 469, in handle_exception
    self.raise_uncaught_exception(exc)
  File "/usr/local/lib/python3.12/site-packages/rest_framework/views.py", line 480, in raise_uncaught_exception
    raise exc
  File "/usr/local/lib/python3.12/site-packages/rest_framework/views.py", line 506, in dispatch
    response = handler(request, *args, **kwargs)
               ^^^^^^^^^^^^^^^^^^^^^^^^^^^^^^^^^
  File "/usr/local/lib/python3.12/site-packages/rest_framework/mixins.py", line 43, in list
    return self.get_paginated_response(serializer.data)
                                       ^^^^^^^^^^^^^^^
  File "/usr/local/lib/python3.12/site-packages/rest_framework/serializers.py", line 795, in data
    ret = super().data
          ^^^^^^^^^^^^
  File "/usr/local/lib/python3.12/site-packages/rest_framework/serializers.py", line 249, in data
    self._data = self.to_representation(self.instance)
                 ^^^^^^^^^^^^^^^^^^^^^^^^^^^^^^^^^^^^^
  File "/usr/local/lib/python3.12/site-packages/rest_framework/serializers.py", line 714, in to_representation
    self.child.to_representation(item) for item in iterable
    ^^^^^^^^^^^^^^^^^^^^^^^^^^^^^^^^^^
  File "/usr/local/lib/python3.12/site-packages/rest_framework/serializers.py", line 523, in to_representation
    for field in fields:
                 ^^^^^^
  File "/usr/local/lib/python3.12/site-packages/rest_framework/serializers.py", line 384, in _readable_fields
    for field in self.fields.values():
                 ^^^^^^^^^^^
  File "/usr/local/lib/python3.12/site-packages/django/utils/functional.py", line 47, in __get__
    res = instance.__dict__[self.name] = self.func(instance)
                                         ^^^^^^^^^^^^^^^^^^^
  File "/usr/local/lib/python3.12/site-packages/rest_framework/serializers.py", line 372, in fields
    for key, value in self.get_fields().items():
                      ^^^^^^^^^^^^^^^^^
  File "/usr/local/lib/python3.12/site-packages/rest_framework/serializers.py", line 1103, in get_fields
    field_class, field_kwargs = self.build_field(
                                ^^^^^^^^^^^^^^^^^
  File "/usr/local/lib/python3.12/site-packages/rest_framework/serializers.py", line 1249, in build_field
    return self.build_unknown_field(field_name, model_class)
           ^^^^^^^^^^^^^^^^^^^^^^^^^^^^^^^^^^^^^^^^^^^^^^^^^
  File "/usr/local/lib/python3.12/site-packages/rest_framework/serializers.py", line 1367, in build_unknown_field
    raise ImproperlyConfigured(
django.core.exceptions.ImproperlyConfigured: Field name `category_detail` is not valid for model `Book` in `shop_app.serializers.BookSerializer`.
INFO 2026-07-13 14:08:31,579 middleware Запит до /api/v1/books/ зайняв 0.0378 секунд.
ERROR 2026-07-13 14:08:31,579 log "GET /api/v1/books/ HTTP/1.1" 500 143086
INFO 2026-07-13 14:15:46,097 autoreload /app/shop_app/serializers.py changed, reloading.
INFO 2026-07-13 14:15:46,504 autoreload Watching for file changes with StatReloader
INFO 2026-07-13 14:15:47,786 middleware Запит до /api/v1/books/ зайняв 0.0420 секунд.
INFO 2026-07-13 14:15:47,786 log "GET /api/v1/books/ HTTP/1.1" 200 40362
INFO 2026-07-13 14:17:26,255 middleware Запит до /api/v1/ зайняв 0.0042 секунд.
INFO 2026-07-13 14:17:26,257 log "GET /api/v1/ HTTP/1.1" 200 10480
INFO 2026-07-13 14:19:45,632 middleware Запит до /api/docs/ зайняв 0.0028 секунд.
WARNING 2026-07-13 14:19:45,633 log Not Found: /api/docs/
WARNING 2026-07-13 14:19:45,633 log "GET /api/docs/ HTTP/1.1" 404 3824
INFO 2026-07-13 14:20:57,433 autoreload /app/bookstore_project/urls.py changed, reloading.
INFO 2026-07-13 14:20:57,864 autoreload Watching for file changes with StatReloader
INFO 2026-07-13 14:21:01,287 middleware Запит до /api/docs/ зайняв 0.0039 секунд.
WARNING 2026-07-13 14:21:01,288 log Not Found: /api/docs/
WARNING 2026-07-13 14:21:01,289 log "GET /api/docs/ HTTP/1.1" 404 3824
INFO 2026-07-13 14:21:02,847 middleware Запит до /api/docs/ зайняв 0.0026 секунд.
WARNING 2026-07-13 14:21:02,847 log Not Found: /api/docs/
WARNING 2026-07-13 14:21:02,848 log "GET /api/docs/ HTTP/1.1" 404 3824
INFO 2026-07-13 14:22:26,276 autoreload /app/bookstore_project/urls.py changed, reloading.
INFO 2026-07-13 14:22:26,695 autoreload Watching for file changes with StatReloader
INFO 2026-07-13 14:22:32,297 middleware Запит до /api/docs/ зайняв 0.0067 секунд.
INFO 2026-07-13 14:22:32,299 log "GET /api/docs/ HTTP/1.1" 200 4646
INFO 2026-07-13 14:22:32,689 middleware Запит до /api/schema/ зайняв 0.0782 секунд.
INFO 2026-07-13 14:22:32,689 log "GET /api/schema/ HTTP/1.1" 200 60008
INFO 2026-07-14 17:20:38,710 autoreload Watching for file changes with StatReloader
INFO 2026-07-14 17:20:42,685 middleware Запит до /api/v1/books/ зайняв 0.0494 секунд.
INFO 2026-07-14 17:20:42,686 log "GET /api/v1/books/ HTTP/1.1" 200 40362
INFO 2026-07-14 17:20:42,707 log "GET /static/rest_framework/js/ajax-form.js HTTP/1.1" 304 0
INFO 2026-07-14 17:20:42,707 log "GET /static/rest_framework/css/bootstrap.min.css HTTP/1.1" 304 0
INFO 2026-07-14 17:20:42,709 log "GET /static/rest_framework/css/bootstrap-tweaks.css HTTP/1.1" 304 0
INFO 2026-07-14 17:20:42,711 log "GET /static/rest_framework/css/prettify.css HTTP/1.1" 304 0
INFO 2026-07-14 17:20:42,711 log "GET /static/rest_framework/css/default.css HTTP/1.1" 304 0
INFO 2026-07-14 17:20:42,712 log "GET /static/rest_framework/js/prettify-min.js HTTP/1.1" 304 0
INFO 2026-07-14 17:20:42,712 log "GET /static/rest_framework/js/jquery-3.7.1.min.js HTTP/1.1" 304 0
INFO 2026-07-14 17:20:42,713 log "GET /static/rest_framework/js/csrf.js HTTP/1.1" 304 0
INFO 2026-07-14 17:20:42,714 log "GET /static/rest_framework/js/default.js HTTP/1.1" 304 0
INFO 2026-07-14 17:20:42,714 log "GET /static/rest_framework/js/bootstrap.min.js HTTP/1.1" 304 0
INFO 2026-07-14 17:20:42,715 log "GET /static/rest_framework/js/load-ajax-form.js HTTP/1.1" 304 0
INFO 2026-07-14 17:20:42,716 log "GET /static/rest_framework/img/grid.png HTTP/1.1" 304 0
INFO 2026-07-14 17:20:42,717 log "GET /static/rest_framework/fonts/glyphicons-halflings-regular.woff2 HTTP/1.1" 304 0
INFO 2026-07-14 17:20:46,552 middleware Запит до / зайняв 0.0037 секунд.
WARNING 2026-07-14 17:20:46,553 log Not Found: /
WARNING 2026-07-14 17:20:46,553 log "GET / HTTP/1.1" 404 4117
INFO 2026-07-14 17:22:06,085 middleware Запит до /api/docs/ зайняв 0.0025 секунд.
INFO 2026-07-14 17:22:06,086 log "GET /api/docs/ HTTP/1.1" 200 4646
INFO 2026-07-14 17:22:06,256 middleware Запит до /api/schema/ зайняв 0.0902 секунд.
INFO 2026-07-14 17:22:06,257 log "GET /api/schema/ HTTP/1.1" 200 60008
ERROR 2026-07-15 14:10:43,938 log Internal Server Error: /api/v1/cart/add/
Traceback (most recent call last):
  File "/usr/local/lib/python3.12/site-packages/django/core/handlers/exception.py", line 55, in inner
    response = get_response(request)
               ^^^^^^^^^^^^^^^^^^^^^
  File "/usr/local/lib/python3.12/site-packages/django/core/handlers/base.py", line 198, in _get_response
    response = wrapped_callback(request, *callback_args, **callback_kwargs)
               ^^^^^^^^^^^^^^^^^^^^^^^^^^^^^^^^^^^^^^^^^^^^^^^^^^^^^^^^^^^^
  File "/usr/local/lib/python3.12/site-packages/django/views/decorators/csrf.py", line 65, in _view_wrapper
    return view_func(request, *args, **kwargs)
           ^^^^^^^^^^^^^^^^^^^^^^^^^^^^^^^^^^^
  File "/usr/local/lib/python3.12/site-packages/rest_framework/viewsets.py", line 124, in view
    return self.dispatch(request, *args, **kwargs)
           ^^^^^^^^^^^^^^^^^^^^^^^^^^^^^^^^^^^^^^^
  File "/usr/local/lib/python3.12/site-packages/rest_framework/views.py", line 509, in dispatch
    response = self.handle_exception(exc)
               ^^^^^^^^^^^^^^^^^^^^^^^^^^
  File "/usr/local/lib/python3.12/site-packages/rest_framework/views.py", line 469, in handle_exception
    self.raise_uncaught_exception(exc)
  File "/usr/local/lib/python3.12/site-packages/rest_framework/views.py", line 480, in raise_uncaught_exception
    raise exc
  File "/usr/local/lib/python3.12/site-packages/rest_framework/views.py", line 506, in dispatch
    response = handler(request, *args, **kwargs)
               ^^^^^^^^^^^^^^^^^^^^^^^^^^^^^^^^^
  File "/app/orders/api_views.py", line 54, in add_item
    return Response({'status': 'Кошик оновлено успішно'}, status=status.HTTP_200_ok)
                                                                 ^^^^^^^^^^^^^^^^^^
AttributeError: module 'rest_framework.status' has no attribute 'HTTP_200_ok'. Did you mean: 'HTTP_200_OK'?
INFO 2026-07-15 14:10:43,942 middleware Запит до /api/v1/cart/add/ зайняв 0.0057 секунд.
INFO 2026-07-15 14:10:44,310 middleware Запит до /api/v1/cart/add/ зайняв 0.0008 секунд.
WARNING 2026-07-15 14:10:44,310 log Bad Request: /api/v1/cart/add/
INFO 2026-07-15 14:10:44,674 middleware Запит до /api/v1/orders/ зайняв 0.0020 секунд.
ERROR 2026-07-15 14:10:45,038 log Internal Server Error: /api/v1/cart/add/
Traceback (most recent call last):
  File "/usr/local/lib/python3.12/site-packages/django/core/handlers/exception.py", line 55, in inner
    response = get_response(request)
               ^^^^^^^^^^^^^^^^^^^^^
  File "/usr/local/lib/python3.12/site-packages/django/core/handlers/base.py", line 198, in _get_response
    response = wrapped_callback(request, *callback_args, **callback_kwargs)
               ^^^^^^^^^^^^^^^^^^^^^^^^^^^^^^^^^^^^^^^^^^^^^^^^^^^^^^^^^^^^
  File "/usr/local/lib/python3.12/site-packages/django/views/decorators/csrf.py", line 65, in _view_wrapper
    return view_func(request, *args, **kwargs)
           ^^^^^^^^^^^^^^^^^^^^^^^^^^^^^^^^^^^
  File "/usr/local/lib/python3.12/site-packages/rest_framework/viewsets.py", line 124, in view
    return self.dispatch(request, *args, **kwargs)
           ^^^^^^^^^^^^^^^^^^^^^^^^^^^^^^^^^^^^^^^
  File "/usr/local/lib/python3.12/site-packages/rest_framework/views.py", line 509, in dispatch
    response = self.handle_exception(exc)
               ^^^^^^^^^^^^^^^^^^^^^^^^^^
  File "/usr/local/lib/python3.12/site-packages/rest_framework/views.py", line 469, in handle_exception
    self.raise_uncaught_exception(exc)
  File "/usr/local/lib/python3.12/site-packages/rest_framework/views.py", line 480, in raise_uncaught_exception
    raise exc
  File "/usr/local/lib/python3.12/site-packages/rest_framework/views.py", line 506, in dispatch
    response = handler(request, *args, **kwargs)
               ^^^^^^^^^^^^^^^^^^^^^^^^^^^^^^^^^
  File "/app/orders/api_views.py", line 54, in add_item
    return Response({'status': 'Кошик оновлено успішно'}, status=status.HTTP_200_ok)
                                                                 ^^^^^^^^^^^^^^^^^^
AttributeError: module 'rest_framework.status' has no attribute 'HTTP_200_ok'. Did you mean: 'HTTP_200_OK'?
INFO 2026-07-15 14:10:45,039 middleware Запит до /api/v1/cart/add/ зайняв 0.0012 секунд.
INFO 2026-07-15 14:10:45,395 middleware Запит до /api/v1/orders/ зайняв 0.0002 секунд.
WARNING 2026-07-15 14:10:45,396 log Bad Request: /api/v1/orders/
ERROR 2026-07-15 14:10:45,759 log Internal Server Error: /api/v1/cart/add/
Traceback (most recent call last):
  File "/usr/local/lib/python3.12/site-packages/django/core/handlers/exception.py", line 55, in inner
    response = get_response(request)
               ^^^^^^^^^^^^^^^^^^^^^
  File "/usr/local/lib/python3.12/site-packages/django/core/handlers/base.py", line 198, in _get_response
    response = wrapped_callback(request, *callback_args, **callback_kwargs)
               ^^^^^^^^^^^^^^^^^^^^^^^^^^^^^^^^^^^^^^^^^^^^^^^^^^^^^^^^^^^^
  File "/usr/local/lib/python3.12/site-packages/django/views/decorators/csrf.py", line 65, in _view_wrapper
    return view_func(request, *args, **kwargs)
           ^^^^^^^^^^^^^^^^^^^^^^^^^^^^^^^^^^^
  File "/usr/local/lib/python3.12/site-packages/rest_framework/viewsets.py", line 124, in view
    return self.dispatch(request, *args, **kwargs)
           ^^^^^^^^^^^^^^^^^^^^^^^^^^^^^^^^^^^^^^^
  File "/usr/local/lib/python3.12/site-packages/rest_framework/views.py", line 509, in dispatch
    response = self.handle_exception(exc)
               ^^^^^^^^^^^^^^^^^^^^^^^^^^
  File "/usr/local/lib/python3.12/site-packages/rest_framework/views.py", line 469, in handle_exception
    self.raise_uncaught_exception(exc)
  File "/usr/local/lib/python3.12/site-packages/rest_framework/views.py", line 480, in raise_uncaught_exception
    raise exc
  File "/usr/local/lib/python3.12/site-packages/rest_framework/views.py", line 506, in dispatch
    response = handler(request, *args, **kwargs)
               ^^^^^^^^^^^^^^^^^^^^^^^^^^^^^^^^^
  File "/app/orders/api_views.py", line 54, in add_item
    return Response({'status': 'Кошик оновлено успішно'}, status=status.HTTP_200_ok)
                                                                 ^^^^^^^^^^^^^^^^^^
AttributeError: module 'rest_framework.status' has no attribute 'HTTP_200_ok'. Did you mean: 'HTTP_200_OK'?
INFO 2026-07-15 14:10:45,759 middleware Запит до /api/v1/cart/add/ зайняв 0.0011 секунд.
ERROR 2026-07-15 14:10:46,124 log Internal Server Error: /api/v1/cart/add/
Traceback (most recent call last):
  File "/usr/local/lib/python3.12/site-packages/django/core/handlers/exception.py", line 55, in inner
    response = get_response(request)
               ^^^^^^^^^^^^^^^^^^^^^
  File "/usr/local/lib/python3.12/site-packages/django/core/handlers/base.py", line 198, in _get_response
    response = wrapped_callback(request, *callback_args, **callback_kwargs)
               ^^^^^^^^^^^^^^^^^^^^^^^^^^^^^^^^^^^^^^^^^^^^^^^^^^^^^^^^^^^^
  File "/usr/local/lib/python3.12/site-packages/django/views/decorators/csrf.py", line 65, in _view_wrapper
    return view_func(request, *args, **kwargs)
           ^^^^^^^^^^^^^^^^^^^^^^^^^^^^^^^^^^^
  File "/usr/local/lib/python3.12/site-packages/rest_framework/viewsets.py", line 124, in view
    return self.dispatch(request, *args, **kwargs)
           ^^^^^^^^^^^^^^^^^^^^^^^^^^^^^^^^^^^^^^^
  File "/usr/local/lib/python3.12/site-packages/rest_framework/views.py", line 509, in dispatch
    response = self.handle_exception(exc)
               ^^^^^^^^^^^^^^^^^^^^^^^^^^
  File "/usr/local/lib/python3.12/site-packages/rest_framework/views.py", line 469, in handle_exception
    self.raise_uncaught_exception(exc)
  File "/usr/local/lib/python3.12/site-packages/rest_framework/views.py", line 480, in raise_uncaught_exception
    raise exc
  File "/usr/local/lib/python3.12/site-packages/rest_framework/views.py", line 506, in dispatch
    response = handler(request, *args, **kwargs)
               ^^^^^^^^^^^^^^^^^^^^^^^^^^^^^^^^^
  File "/app/orders/api_views.py", line 54, in add_item
    return Response({'status': 'Кошик оновлено успішно'}, status=status.HTTP_200_ok)
                                                                 ^^^^^^^^^^^^^^^^^^
AttributeError: module 'rest_framework.status' has no attribute 'HTTP_200_ok'. Did you mean: 'HTTP_200_OK'?
INFO 2026-07-15 14:10:46,125 middleware Запит до /api/v1/cart/add/ зайняв 0.0013 секунд.
INFO 2026-07-15 14:10:46,485 middleware Запит до /api/v1/cart/ зайняв 0.0003 секунд.
ERROR 2026-07-15 14:10:47,563 log Internal Server Error: /api/v1/cart/add/
Traceback (most recent call last):
  File "/usr/local/lib/python3.12/site-packages/django/core/handlers/exception.py", line 55, in inner
    response = get_response(request)
               ^^^^^^^^^^^^^^^^^^^^^
  File "/usr/local/lib/python3.12/site-packages/django/core/handlers/base.py", line 198, in _get_response
    response = wrapped_callback(request, *callback_args, **callback_kwargs)
               ^^^^^^^^^^^^^^^^^^^^^^^^^^^^^^^^^^^^^^^^^^^^^^^^^^^^^^^^^^^^
  File "/usr/local/lib/python3.12/site-packages/django/views/decorators/csrf.py", line 65, in _view_wrapper
    return view_func(request, *args, **kwargs)
           ^^^^^^^^^^^^^^^^^^^^^^^^^^^^^^^^^^^
  File "/usr/local/lib/python3.12/site-packages/rest_framework/viewsets.py", line 124, in view
    return self.dispatch(request, *args, **kwargs)
           ^^^^^^^^^^^^^^^^^^^^^^^^^^^^^^^^^^^^^^^
  File "/usr/local/lib/python3.12/site-packages/rest_framework/views.py", line 509, in dispatch
    response = self.handle_exception(exc)
               ^^^^^^^^^^^^^^^^^^^^^^^^^^
  File "/usr/local/lib/python3.12/site-packages/rest_framework/views.py", line 469, in handle_exception
    self.raise_uncaught_exception(exc)
  File "/usr/local/lib/python3.12/site-packages/rest_framework/views.py", line 480, in raise_uncaught_exception
    raise exc
  File "/usr/local/lib/python3.12/site-packages/rest_framework/views.py", line 506, in dispatch
    response = handler(request, *args, **kwargs)
               ^^^^^^^^^^^^^^^^^^^^^^^^^^^^^^^^^
  File "/app/orders/api_views.py", line 54, in add_item
    return Response({'status': 'Кошик оновлено успішно'}, status=status.HTTP_200_ok)
                                                                 ^^^^^^^^^^^^^^^^^^
AttributeError: module 'rest_framework.status' has no attribute 'HTTP_200_ok'. Did you mean: 'HTTP_200_OK'?
INFO 2026-07-15 14:10:47,563 middleware Запит до /api/v1/cart/add/ зайняв 0.0016 секунд.
ERROR 2026-07-15 14:10:47,924 log Internal Server Error: /api/v1/cart/add/
Traceback (most recent call last):
  File "/usr/local/lib/python3.12/site-packages/django/core/handlers/exception.py", line 55, in inner
    response = get_response(request)
               ^^^^^^^^^^^^^^^^^^^^^
  File "/usr/local/lib/python3.12/site-packages/django/core/handlers/base.py", line 198, in _get_response
    response = wrapped_callback(request, *callback_args, **callback_kwargs)
               ^^^^^^^^^^^^^^^^^^^^^^^^^^^^^^^^^^^^^^^^^^^^^^^^^^^^^^^^^^^^
  File "/usr/local/lib/python3.12/site-packages/django/views/decorators/csrf.py", line 65, in _view_wrapper
    return view_func(request, *args, **kwargs)
           ^^^^^^^^^^^^^^^^^^^^^^^^^^^^^^^^^^^
  File "/usr/local/lib/python3.12/site-packages/rest_framework/viewsets.py", line 124, in view
    return self.dispatch(request, *args, **kwargs)
           ^^^^^^^^^^^^^^^^^^^^^^^^^^^^^^^^^^^^^^^
  File "/usr/local/lib/python3.12/site-packages/rest_framework/views.py", line 509, in dispatch
    response = self.handle_exception(exc)
               ^^^^^^^^^^^^^^^^^^^^^^^^^^
  File "/usr/local/lib/python3.12/site-packages/rest_framework/views.py", line 469, in handle_exception
    self.raise_uncaught_exception(exc)
  File "/usr/local/lib/python3.12/site-packages/rest_framework/views.py", line 480, in raise_uncaught_exception
    raise exc
  File "/usr/local/lib/python3.12/site-packages/rest_framework/views.py", line 506, in dispatch
    response = handler(request, *args, **kwargs)
               ^^^^^^^^^^^^^^^^^^^^^^^^^^^^^^^^^
  File "/app/orders/api_views.py", line 54, in add_item
    return Response({'status': 'Кошик оновлено успішно'}, status=status.HTTP_200_ok)
                                                                 ^^^^^^^^^^^^^^^^^^
AttributeError: module 'rest_framework.status' has no attribute 'HTTP_200_ok'. Did you mean: 'HTTP_200_OK'?
INFO 2026-07-15 14:10:47,925 middleware Запит до /api/v1/cart/add/ зайняв 0.0010 секунд.
INFO 2026-07-15 14:10:48,285 middleware Запит до /api/v1/orders/ зайняв 0.0016 секунд.
INFO 2026-07-15 14:10:49,025 middleware Запит до /api/v1/books/ зайняв 0.0025 секунд.
INFO 2026-07-15 14:10:49,274 middleware Запит до /api/v1/books/ зайняв 0.0023 секунд.
INFO 2026-07-15 14:10:49,526 middleware Запит до /api/v1/books/22/ зайняв 0.0127 секунд.
INFO 2026-07-15 14:10:49,773 middleware Запит до /api/v1/books/ зайняв 0.0015 секунд.
INFO 2026-07-15 14:10:50,178 middleware Запит до /api/token/ зайняв 0.1369 секунд.
WARNING 2026-07-15 14:10:50,178 log Unauthorized: /api/token/
INFO 2026-07-15 14:10:50,587 middleware Запит до /api/token/ зайняв 0.1397 секунд.
INFO 2026-07-15 14:10:50,993 middleware Запит до /api/token/ зайняв 0.1345 секунд.
INFO 2026-07-15 14:10:50,994 middleware Запит до /api/token/refresh/ зайняв 0.0010 секунд.
INFO 2026-07-15 14:10:51,401 middleware Запит до /api/token/ зайняв 0.1346 секунд.
INFO 2026-07-15 14:10:51,941 middleware Запит до /api/v1/orders/ зайняв 0.0002 секунд.
WARNING 2026-07-15 14:10:51,941 log Unauthorized: /api/v1/orders/
INFO 2026-07-15 14:14:49,289 autoreload /app/orders/api_views.py changed, reloading.
INFO 2026-07-15 14:14:49,699 autoreload Watching for file changes with StatReloader
INFO 2026-07-15 14:18:07,816 middleware Запит до /api/v1/cart/add/ зайняв 0.0010 секунд.
INFO 2026-07-15 14:18:07,821 middleware Запит до /api/v1/cart/ зайняв 0.0013 секунд.
INFO 2026-07-15 14:18:08,168 middleware Запит до /api/v1/cart/add/ зайняв 0.0005 секунд.
WARNING 2026-07-15 14:18:08,168 log Bad Request: /api/v1/cart/add/
INFO 2026-07-15 14:18:08,516 middleware Запит до /api/v1/orders/ зайняв 0.0019 секунд.
INFO 2026-07-15 14:18:08,865 middleware Запит до /api/v1/cart/add/ зайняв 0.0008 секунд.
INFO 2026-07-15 14:18:08,866 middleware Запит до /api/v1/cart/clear/ зайняв 0.0004 секунд.
INFO 2026-07-15 14:18:08,867 middleware Запит до /api/v1/cart/ зайняв 0.0004 секунд.
INFO 2026-07-15 14:18:09,215 middleware Запит до /api/v1/orders/ зайняв 0.0002 секунд.
WARNING 2026-07-15 14:18:09,216 log Bad Request: /api/v1/orders/
INFO 2026-07-15 14:18:09,562 middleware Запит до /api/v1/cart/add/ зайняв 0.0007 секунд.
INFO 2026-07-15 14:18:09,563 middleware Запит до /api/v1/orders/ зайняв 0.0001 секунд.
WARNING 2026-07-15 14:18:09,563 log Unauthorized: /api/v1/orders/
INFO 2026-07-15 14:18:09,912 middleware Запит до /api/v1/cart/add/ зайняв 0.0008 секунд.
INFO 2026-07-15 14:18:10,261 middleware Запит до /api/v1/cart/ зайняв 0.0003 секунд.
INFO 2026-07-15 14:18:11,303 middleware Запит до /api/v1/cart/add/ зайняв 0.0009 секунд.
INFO 2026-07-15 14:18:11,304 middleware Запит до /api/v1/cart/remove/ зайняв 0.0006 секунд.
INFO 2026-07-15 14:18:11,305 middleware Запит до /api/v1/cart/ зайняв 0.0004 секунд.
INFO 2026-07-15 14:18:11,653 middleware Запит до /api/v1/cart/add/ зайняв 0.0007 секунд.
INFO 2026-07-15 14:18:11,655 middleware Запит до /api/v1/cart/add/ зайняв 0.0009 секунд.
INFO 2026-07-15 14:18:11,656 middleware Запит до /api/v1/cart/ зайняв 0.0010 секунд.
INFO 2026-07-15 14:18:12,006 middleware Запит до /api/v1/orders/ зайняв 0.0014 секунд.
INFO 2026-07-15 14:18:12,705 middleware Запит до /api/v1/books/ зайняв 0.0026 секунд.
INFO 2026-07-15 14:18:12,948 middleware Запит до /api/v1/books/ зайняв 0.0129 секунд.
INFO 2026-07-15 14:18:13,177 middleware Запит до /api/v1/books/22/ зайняв 0.0012 секунд.
INFO 2026-07-15 14:18:13,408 middleware Запит до /api/v1/books/ зайняв 0.0013 секунд.
INFO 2026-07-15 14:18:13,755 middleware Запит до /api/token/ зайняв 0.1158 секунд.
WARNING 2026-07-15 14:18:13,755 log Unauthorized: /api/token/
INFO 2026-07-15 14:18:14,103 middleware Запит до /api/token/ зайняв 0.1169 секунд.
INFO 2026-07-15 14:18:14,448 middleware Запит до /api/token/ зайняв 0.1156 секунд.
INFO 2026-07-15 14:18:14,449 middleware Запит до /api/token/refresh/ зайняв 0.0006 секунд.
INFO 2026-07-15 14:18:14,812 middleware Запит до /api/token/ зайняв 0.1175 секунд.
INFO 2026-07-15 14:18:15,044 middleware Запит до /api/v1/books/ зайняв 0.0019 секунд.
INFO 2026-07-15 14:18:15,275 middleware Запит до /api/v1/orders/ зайняв 0.0001 секунд.
WARNING 2026-07-15 14:18:15,275 log Unauthorized: /api/v1/orders/
INFO 2026-07-15 14:21:42,611 middleware Запит до /api/v1/cart/add/ зайняв 0.0012 секунд.
INFO 2026-07-15 14:21:42,615 middleware Запит до /api/v1/cart/ зайняв 0.0013 секунд.
INFO 2026-07-15 14:21:42,959 middleware Запит до /api/v1/cart/add/ зайняв 0.0006 секунд.
WARNING 2026-07-15 14:21:42,959 log Bad Request: /api/v1/cart/add/
INFO 2026-07-15 14:21:43,308 middleware Запит до /api/v1/orders/ зайняв 0.0018 секунд.
INFO 2026-07-15 14:21:43,651 middleware Запит до /api/v1/cart/add/ зайняв 0.0007 секунд.
INFO 2026-07-15 14:21:43,652 middleware Запит до /api/v1/cart/clear/ зайняв 0.0003 секунд.
INFO 2026-07-15 14:21:43,653 middleware Запит до /api/v1/cart/ зайняв 0.0004 секунд.
INFO 2026-07-15 14:21:43,993 middleware Запит до /api/v1/orders/ зайняв 0.0002 секунд.
WARNING 2026-07-15 14:21:43,994 log Bad Request: /api/v1/orders/
INFO 2026-07-15 14:21:44,337 middleware Запит до /api/v1/cart/add/ зайняв 0.0007 секунд.
INFO 2026-07-15 14:21:44,352 middleware Запит до /api/v1/orders/ зайняв 0.0142 секунд.
WARNING 2026-07-15 14:21:44,352 log Bad Request: /api/v1/orders/
INFO 2026-07-15 14:21:44,692 middleware Запит до /api/v1/cart/add/ зайняв 0.0006 секунд.
INFO 2026-07-15 14:21:45,067 middleware Запит до /api/v1/cart/ зайняв 0.0003 секунд.
INFO 2026-07-15 14:21:46,124 middleware Запит до /api/v1/cart/add/ зайняв 0.0008 секунд.
INFO 2026-07-15 14:21:46,125 middleware Запит до /api/v1/cart/remove/ зайняв 0.0007 секунд.
INFO 2026-07-15 14:21:46,126 middleware Запит до /api/v1/cart/ зайняв 0.0004 секунд.
INFO 2026-07-15 14:21:46,473 middleware Запит до /api/v1/cart/add/ зайняв 0.0008 секунд.
INFO 2026-07-15 14:21:46,475 middleware Запит до /api/v1/cart/add/ зайняв 0.0008 секунд.
INFO 2026-07-15 14:21:46,476 middleware Запит до /api/v1/cart/ зайняв 0.0011 секунд.
INFO 2026-07-15 14:21:46,822 middleware Запит до /api/v1/orders/ зайняв 0.0013 секунд.
INFO 2026-07-15 14:21:47,519 middleware Запит до /api/v1/books/ зайняв 0.0024 секунд.
INFO 2026-07-15 14:21:47,761 middleware Запит до /api/v1/books/ зайняв 0.0019 секунд.
INFO 2026-07-15 14:21:47,993 middleware Запит до /api/v1/books/22/ зайняв 0.0013 секунд.
INFO 2026-07-15 14:21:48,225 middleware Запит до /api/v1/books/ зайняв 0.0012 секунд.
INFO 2026-07-15 14:21:48,571 middleware Запит до /api/token/ зайняв 0.1152 секунд.
WARNING 2026-07-15 14:21:48,571 log Unauthorized: /api/token/
INFO 2026-07-15 14:21:48,917 middleware Запит до /api/token/ зайняв 0.1169 секунд.
INFO 2026-07-15 14:21:49,262 middleware Запит до /api/token/ зайняв 0.1161 секунд.
INFO 2026-07-15 14:21:49,263 middleware Запит до /api/token/refresh/ зайняв 0.0007 секунд.
INFO 2026-07-15 14:21:49,609 middleware Запит до /api/token/ зайняв 0.1149 секунд.
INFO 2026-07-15 14:21:49,840 middleware Запит до /api/v1/books/ зайняв 0.0017 секунд.
INFO 2026-07-15 14:21:50,072 middleware Запит до /api/v1/orders/ зайняв 0.0001 секунд.
WARNING 2026-07-15 14:21:50,072 log Unauthorized: /api/v1/orders/
INFO 2026-07-15 14:33:40,347 middleware Запит до /api/v1/cart/add/ зайняв 0.0011 секунд.
INFO 2026-07-15 14:33:40,352 middleware Запит до /api/v1/cart/ зайняв 0.0013 секунд.
INFO 2026-07-15 14:33:40,702 middleware Запит до /api/v1/cart/add/ зайняв 0.0005 секунд.
WARNING 2026-07-15 14:33:40,702 log Bad Request: /api/v1/cart/add/
INFO 2026-07-15 14:33:41,053 middleware Запит до /api/v1/orders/ зайняв 0.0017 секунд.
INFO 2026-07-15 14:33:41,418 middleware Запит до /api/v1/cart/add/ зайняв 0.0008 секунд.
INFO 2026-07-15 14:33:41,419 middleware Запит до /api/v1/cart/clear/ зайняв 0.0004 секунд.
INFO 2026-07-15 14:33:41,420 middleware Запит до /api/v1/cart/ зайняв 0.0004 секунд.
INFO 2026-07-15 14:33:41,770 middleware Запит до /api/v1/orders/ зайняв 0.0001 секунд.
WARNING 2026-07-15 14:33:41,770 log Bad Request: /api/v1/orders/
INFO 2026-07-15 14:33:42,122 middleware Запит до /api/v1/cart/add/ зайняв 0.0007 секунд.
INFO 2026-07-15 14:33:42,137 middleware Запит до /api/v1/orders/ зайняв 0.0139 секунд.
WARNING 2026-07-15 14:33:42,137 log Bad Request: /api/v1/orders/
INFO 2026-07-15 14:33:42,480 middleware Запит до /api/v1/cart/add/ зайняв 0.0008 секунд.
INFO 2026-07-15 14:33:42,829 middleware Запит до /api/v1/cart/ зайняв 0.0003 секунд.
INFO 2026-07-15 14:33:43,868 middleware Запит до /api/v1/cart/add/ зайняв 0.0008 секунд.
INFO 2026-07-15 14:33:43,869 middleware Запит до /api/v1/cart/remove/ зайняв 0.0006 секунд.
INFO 2026-07-15 14:33:43,870 middleware Запит до /api/v1/cart/ зайняв 0.0004 секунд.
INFO 2026-07-15 14:33:44,217 middleware Запит до /api/v1/cart/add/ зайняв 0.0008 секунд.
INFO 2026-07-15 14:33:44,219 middleware Запит до /api/v1/cart/add/ зайняв 0.0008 секунд.
INFO 2026-07-15 14:33:44,220 middleware Запит до /api/v1/cart/ зайняв 0.0011 секунд.
INFO 2026-07-15 14:33:44,567 middleware Запит до /api/v1/orders/ зайняв 0.0013 секунд.
INFO 2026-07-15 14:33:44,803 middleware Запит до /api/v1/books/ зайняв 0.0012 секунд.
INFO 2026-07-15 14:33:45,034 middleware Запит до /api/v1/books/ зайняв 0.0001 секунд.
WARNING 2026-07-15 14:33:45,034 log Unauthorized: /api/v1/books/
INFO 2026-07-15 14:33:45,280 middleware Запит до /api/v1/books/ зайняв 0.0132 секунд.
INFO 2026-07-15 14:33:45,516 middleware Запит до /api/v1/books/ зайняв 0.0017 секунд.
INFO 2026-07-15 14:33:45,748 middleware Запит до /api/v1/books/23/ зайняв 0.0010 секунд.
INFO 2026-07-15 14:33:45,981 middleware Запит до /api/v1/books/ зайняв 0.0012 секунд.
INFO 2026-07-15 14:33:46,328 middleware Запит до /api/token/ зайняв 0.1152 секунд.
WARNING 2026-07-15 14:33:46,328 log Unauthorized: /api/token/
INFO 2026-07-15 14:33:46,675 middleware Запит до /api/token/ зайняв 0.1176 секунд.
INFO 2026-07-15 14:33:47,022 middleware Запит до /api/token/ зайняв 0.1149 секунд.
INFO 2026-07-15 14:33:47,377 middleware Запит до /api/token/ зайняв 0.1173 секунд.
INFO 2026-07-15 14:33:47,378 middleware Запит до /api/token/verify/ зайняв 0.0002 секунд.
INFO 2026-07-15 14:33:47,612 middleware Запит до /api/v1/books/ зайняв 0.0017 секунд.
INFO 2026-07-15 14:33:47,845 middleware Запит до /api/v1/orders/ зайняв 0.0001 секунд.
WARNING 2026-07-15 14:33:47,845 log Unauthorized: /api/v1/orders/
INFO 2026-07-15 14:55:57,889 middleware Запит до /api/v1/cart/add/ зайняв 0.0010 секунд.
INFO 2026-07-15 14:55:57,891 middleware Запит до /api/v1/cart/ зайняв 0.0013 секунд.
INFO 2026-07-15 14:55:58,245 middleware Запит до /api/v1/cart/add/ зайняв 0.0006 секунд.
WARNING 2026-07-15 14:55:58,245 log Bad Request: /api/v1/cart/add/
INFO 2026-07-15 14:55:58,598 middleware Запит до /api/v1/orders/ зайняв 0.0021 секунд.
INFO 2026-07-15 14:55:58,954 middleware Запит до /api/v1/cart/add/ зайняв 0.0007 секунд.
INFO 2026-07-15 14:55:58,956 middleware Запит до /api/v1/cart/clear/ зайняв 0.0004 секунд.
INFO 2026-07-15 14:55:58,956 middleware Запит до /api/v1/cart/ зайняв 0.0004 секунд.
INFO 2026-07-15 14:55:59,313 middleware Запит до /api/v1/orders/ зайняв 0.0003 секунд.
WARNING 2026-07-15 14:55:59,314 log Bad Request: /api/v1/orders/
INFO 2026-07-15 14:55:59,668 middleware Запит до /api/v1/cart/add/ зайняв 0.0008 секунд.
INFO 2026-07-15 14:55:59,682 middleware Запит до /api/v1/orders/ зайняв 0.0139 секунд.
WARNING 2026-07-15 14:55:59,682 log Bad Request: /api/v1/orders/
INFO 2026-07-15 14:56:00,032 middleware Запит до /api/v1/cart/add/ зайняв 0.0007 секунд.
INFO 2026-07-15 14:56:00,384 middleware Запит до /api/v1/cart/ зайняв 0.0004 секунд.
INFO 2026-07-15 14:56:00,733 middleware Запит до /api/v1/orders/4/ зайняв 0.0005 секунд.
WARNING 2026-07-15 14:56:00,733 log Not Found: /api/v1/orders/4/
INFO 2026-07-15 14:56:01,086 middleware Запит до /api/v1/cart/add/ зайняв 0.0007 секунд.
INFO 2026-07-15 14:56:01,088 middleware Запит до /api/v1/orders/ зайняв 0.0007 секунд.
WARNING 2026-07-15 14:56:01,088 log Bad Request: /api/v1/orders/
INFO 2026-07-15 14:56:01,435 middleware Запит до /api/v1/cart/add/ зайняв 0.0007 секунд.
INFO 2026-07-15 14:56:01,437 middleware Запит до /api/v1/cart/remove/ зайняв 0.0006 секунд.
INFO 2026-07-15 14:56:01,437 middleware Запит до /api/v1/cart/ зайняв 0.0004 секунд.
INFO 2026-07-15 14:56:01,793 middleware Запит до /api/v1/cart/add/ зайняв 0.0009 секунд.
INFO 2026-07-15 14:56:01,795 middleware Запит до /api/v1/cart/add/ зайняв 0.0007 секунд.
INFO 2026-07-15 14:56:01,797 middleware Запит до /api/v1/cart/ зайняв 0.0015 секунд.
INFO 2026-07-15 14:56:02,150 middleware Запит до /api/v1/orders/ зайняв 0.0012 секунд.
INFO 2026-07-15 14:56:02,404 middleware Запит до /api/v1/books/ зайняв 0.0012 секунд.
INFO 2026-07-15 14:56:02,643 middleware Запит до /api/v1/books/ зайняв 0.0001 секунд.
WARNING 2026-07-15 14:56:02,643 log Unauthorized: /api/v1/books/
INFO 2026-07-15 14:56:02,883 middleware Запит до /api/v1/books/ зайняв 0.0022 секунд.
INFO 2026-07-15 14:56:03,124 middleware Запит до /api/v1/books/ зайняв 0.0015 секунд.
INFO 2026-07-15 14:56:03,365 middleware Запит до /api/v1/books/23/ зайняв 0.0010 секунд.
INFO 2026-07-15 14:56:03,603 middleware Запит до /api/v1/books/ зайняв 0.0012 секунд.
INFO 2026-07-15 14:56:03,965 middleware Запит до /api/token/ зайняв 0.1224 секунд.
WARNING 2026-07-15 14:56:03,965 log Unauthorized: /api/token/
INFO 2026-07-15 14:56:04,325 middleware Запит до /api/token/ зайняв 0.1178 секунд.
INFO 2026-07-15 14:56:04,684 middleware Запит до /api/token/ зайняв 0.1216 секунд.
INFO 2026-07-15 14:56:05,039 middleware Запит до /api/token/ зайняв 0.1170 секунд.
INFO 2026-07-15 14:56:05,040 middleware Запит до /api/token/verify/ зайняв 0.0003 секунд.
INFO 2026-07-15 14:56:05,280 middleware Запит до /api/v1/books/ зайняв 0.0016 секунд.
INFO 2026-07-15 14:56:05,517 middleware Запит до /api/v1/orders/ зайняв 0.0001 секунд.
WARNING 2026-07-15 14:56:05,517 log Unauthorized: /api/v1/orders/
INFO 2026-07-15 14:57:49,583 middleware Запит до /api/v1/cart/add/ зайняв 0.0011 секунд.
INFO 2026-07-15 14:57:49,586 middleware Запит до /api/v1/cart/ зайняв 0.0013 секунд.
INFO 2026-07-15 14:57:49,937 middleware Запит до /api/v1/cart/add/ зайняв 0.0006 секунд.
WARNING 2026-07-15 14:57:49,938 log Bad Request: /api/v1/cart/add/
INFO 2026-07-15 14:57:50,290 middleware Запит до /api/v1/orders/ зайняв 0.0023 секунд.
INFO 2026-07-15 14:57:50,658 middleware Запит до /api/v1/cart/add/ зайняв 0.0008 секунд.
INFO 2026-07-15 14:57:50,659 middleware Запит до /api/v1/cart/clear/ зайняв 0.0004 секунд.
INFO 2026-07-15 14:57:50,660 middleware Запит до /api/v1/cart/ зайняв 0.0004 секунд.
INFO 2026-07-15 14:57:51,010 middleware Запит до /api/v1/orders/ зайняв 0.0002 секунд.
WARNING 2026-07-15 14:57:51,010 log Bad Request: /api/v1/orders/
INFO 2026-07-15 14:57:51,357 middleware Запит до /api/v1/cart/add/ зайняв 0.0007 секунд.
INFO 2026-07-15 14:57:51,371 middleware Запит до /api/v1/orders/ зайняв 0.0139 секунд.
WARNING 2026-07-15 14:57:51,372 log Bad Request: /api/v1/orders/
INFO 2026-07-15 14:57:51,719 middleware Запит до /api/v1/cart/add/ зайняв 0.0010 секунд.
INFO 2026-07-15 14:57:52,069 middleware Запит до /api/v1/cart/ зайняв 0.0003 секунд.
INFO 2026-07-15 14:57:52,415 middleware Запит до /api/v1/orders/4/ зайняв 0.0005 секунд.
WARNING 2026-07-15 14:57:52,416 log Not Found: /api/v1/orders/4/
INFO 2026-07-15 14:57:52,762 middleware Запит до /api/v1/cart/add/ зайняв 0.0008 секунд.
INFO 2026-07-15 14:57:52,764 middleware Запит до /api/v1/orders/ зайняв 0.0008 секунд.
WARNING 2026-07-15 14:57:52,764 log Bad Request: /api/v1/orders/
INFO 2026-07-15 14:57:53,115 middleware Запит до /api/v1/cart/add/ зайняв 0.0007 секунд.
INFO 2026-07-15 14:57:53,117 middleware Запит до /api/v1/cart/remove/ зайняв 0.0007 секунд.
INFO 2026-07-15 14:57:53,118 middleware Запит до /api/v1/cart/ зайняв 0.0004 секунд.
INFO 2026-07-15 14:57:53,467 middleware Запит до /api/v1/cart/add/ зайняв 0.0007 секунд.
INFO 2026-07-15 14:57:53,469 middleware Запит до /api/v1/cart/add/ зайняв 0.0008 секунд.
INFO 2026-07-15 14:57:53,471 middleware Запит до /api/v1/cart/ зайняв 0.0014 секунд.
INFO 2026-07-15 14:57:53,821 middleware Запит до /api/v1/orders/ зайняв 0.0013 секунд.
INFO 2026-07-15 14:57:54,071 middleware Запит до /api/v1/books/ зайняв 0.0012 секунд.
INFO 2026-07-15 14:57:54,304 middleware Запит до /api/v1/books/ зайняв 0.0001 секунд.
WARNING 2026-07-15 14:57:54,304 log Unauthorized: /api/v1/books/
INFO 2026-07-15 14:57:54,550 middleware Запит до /api/v1/books/ зайняв 0.0021 секунд.
INFO 2026-07-15 14:57:54,787 middleware Запит до /api/v1/books/ зайняв 0.0018 секунд.
INFO 2026-07-15 14:57:55,025 middleware Запит до /api/v1/books/23/ зайняв 0.0011 секунд.
INFO 2026-07-15 14:57:55,259 middleware Запит до /api/v1/books/ зайняв 0.0013 секунд.
INFO 2026-07-15 14:57:55,623 middleware Запит до /api/token/ зайняв 0.1326 секунд.
WARNING 2026-07-15 14:57:55,624 log Unauthorized: /api/token/
INFO 2026-07-15 14:57:55,975 middleware Запит до /api/token/ зайняв 0.1187 секунд.
INFO 2026-07-15 14:57:56,323 middleware Запит до /api/token/ зайняв 0.1162 секунд.
INFO 2026-07-15 14:57:56,324 middleware Запит до /api/token/refresh/ зайняв 0.0006 секунд.
INFO 2026-07-15 14:57:56,672 middleware Запит до /api/token/ зайняв 0.1165 секунд.
INFO 2026-07-15 14:57:56,673 middleware Запит до /api/token/verify/ зайняв 0.0003 секунд.
INFO 2026-07-15 14:57:56,909 middleware Запит до /api/v1/books/ зайняв 0.0016 секунд.
INFO 2026-07-15 14:57:57,144 middleware Запит до /api/v1/orders/ зайняв 0.0002 секунд.
WARNING 2026-07-15 14:57:57,144 log Unauthorized: /api/v1/orders/
INFO 2026-07-15 15:01:46,125 middleware Запит до /api/v1/cart/add/ зайняв 0.0010 секунд.
INFO 2026-07-15 15:01:46,128 middleware Запит до /api/v1/cart/ зайняв 0.0013 секунд.
INFO 2026-07-15 15:01:46,505 middleware Запит до /api/v1/cart/add/ зайняв 0.0005 секунд.
WARNING 2026-07-15 15:01:46,505 log Bad Request: /api/v1/cart/add/
INFO 2026-07-15 15:01:46,881 middleware Запит до /api/v1/orders/ зайняв 0.0019 секунд.
INFO 2026-07-15 15:01:47,258 middleware Запит до /api/v1/cart/add/ зайняв 0.0009 секунд.
INFO 2026-07-15 15:01:47,259 middleware Запит до /api/v1/cart/clear/ зайняв 0.0004 секунд.
INFO 2026-07-15 15:01:47,260 middleware Запит до /api/v1/cart/ зайняв 0.0004 секунд.
INFO 2026-07-15 15:01:47,639 middleware Запит до /api/v1/orders/ зайняв 0.0001 секунд.
WARNING 2026-07-15 15:01:47,639 log Bad Request: /api/v1/orders/
INFO 2026-07-15 15:01:48,019 middleware Запит до /api/v1/cart/add/ зайняв 0.0007 секунд.
INFO 2026-07-15 15:01:48,033 middleware Запит до /api/v1/orders/ зайняв 0.0140 секунд.
WARNING 2026-07-15 15:01:48,033 log Bad Request: /api/v1/orders/
INFO 2026-07-15 15:01:48,411 middleware Запит до /api/v1/cart/add/ зайняв 0.0007 секунд.
INFO 2026-07-15 15:01:48,787 middleware Запит до /api/v1/cart/ зайняв 0.0003 секунд.
INFO 2026-07-15 15:01:49,166 middleware Запит до /api/v1/orders/4/ зайняв 0.0006 секунд.
WARNING 2026-07-15 15:01:49,166 log Not Found: /api/v1/orders/4/
INFO 2026-07-15 15:01:49,544 middleware Запит до /api/v1/cart/add/ зайняв 0.0007 секунд.
INFO 2026-07-15 15:01:49,545 middleware Запит до /api/v1/orders/ зайняв 0.0008 секунд.
WARNING 2026-07-15 15:01:49,546 log Bad Request: /api/v1/orders/
INFO 2026-07-15 15:01:49,920 middleware Запит до /api/v1/cart/add/ зайняв 0.0006 секунд.
INFO 2026-07-15 15:01:49,921 middleware Запит до /api/v1/cart/remove/ зайняв 0.0006 секунд.
INFO 2026-07-15 15:01:49,922 middleware Запит до /api/v1/cart/ зайняв 0.0004 секунд.
INFO 2026-07-15 15:01:50,299 middleware Запит до /api/v1/cart/add/ зайняв 0.0008 секунд.
INFO 2026-07-15 15:01:50,300 middleware Запит до /api/v1/cart/add/ зайняв 0.0008 секунд.
INFO 2026-07-15 15:01:50,302 middleware Запит до /api/v1/cart/ зайняв 0.0015 секунд.
INFO 2026-07-15 15:01:50,678 middleware Запит до /api/v1/orders/ зайняв 0.0012 секунд.
INFO 2026-07-15 15:01:50,943 middleware Запит до /api/v1/books/ зайняв 0.0012 секунд.
INFO 2026-07-15 15:01:51,197 middleware Запит до /api/v1/books/ зайняв 0.0001 секунд.
WARNING 2026-07-15 15:01:51,197 log Unauthorized: /api/v1/books/
INFO 2026-07-15 15:01:51,447 middleware Запит до /api/v1/books/ зайняв 0.0018 секунд.
INFO 2026-07-15 15:01:51,701 middleware Запит до /api/v1/books/ зайняв 0.0016 секунд.
INFO 2026-07-15 15:01:51,952 middleware Запит до /api/v1/books/23/ зайняв 0.0010 секунд.
INFO 2026-07-15 15:01:52,212 middleware Запит до /api/v1/books/ зайняв 0.0015 секунд.
INFO 2026-07-15 15:01:52,582 middleware Запит до /api/token/ зайняв 0.1183 секунд.
WARNING 2026-07-15 15:01:52,582 log Unauthorized: /api/token/
INFO 2026-07-15 15:01:52,954 middleware Запит до /api/token/ зайняв 0.1190 секунд.
INFO 2026-07-15 15:01:53,339 middleware Запит до /api/token/ зайняв 0.1171 секунд.
INFO 2026-07-15 15:01:53,340 middleware Запит до /api/token/refresh/ зайняв 0.0006 секунд.
INFO 2026-07-15 15:01:53,709 middleware Запит до /api/token/ зайняв 0.1173 секунд.
INFO 2026-07-15 15:01:53,710 middleware Запит до /api/token/verify/ зайняв 0.0003 секунд.
INFO 2026-07-15 15:01:53,966 middleware Запит до /api/v1/books/ зайняв 0.0017 секунд.
INFO 2026-07-15 15:01:54,220 middleware Запит до /api/v1/orders/ зайняв 0.0002 секунд.
WARNING 2026-07-15 15:01:54,220 log Unauthorized: /api/v1/orders/
INFO 2026-07-15 15:16:05,289 middleware Запит до /api/v1/cart/add/ зайняв 0.0009 секунд.
INFO 2026-07-15 15:16:05,293 middleware Запит до /api/v1/cart/ зайняв 0.0012 секунд.
INFO 2026-07-15 15:16:05,641 middleware Запит до /api/v1/cart/add/ зайняв 0.0005 секунд.
WARNING 2026-07-15 15:16:05,642 log Bad Request: /api/v1/cart/add/
INFO 2026-07-15 15:16:05,991 middleware Запит до /api/v1/orders/ зайняв 0.0019 секунд.
INFO 2026-07-15 15:16:06,339 middleware Запит до /api/v1/cart/add/ зайняв 0.0007 секунд.
INFO 2026-07-15 15:16:06,340 middleware Запит до /api/v1/cart/clear/ зайняв 0.0003 секунд.
INFO 2026-07-15 15:16:06,341 middleware Запит до /api/v1/cart/ зайняв 0.0004 секунд.
INFO 2026-07-15 15:16:06,685 middleware Запит до /api/v1/orders/ зайняв 0.0001 секунд.
WARNING 2026-07-15 15:16:06,685 log Bad Request: /api/v1/orders/
INFO 2026-07-15 15:16:07,029 middleware Запит до /api/v1/cart/add/ зайняв 0.0007 секунд.
INFO 2026-07-15 15:16:07,043 middleware Запит до /api/v1/orders/ зайняв 0.0141 секунд.
WARNING 2026-07-15 15:16:07,043 log Bad Request: /api/v1/orders/
INFO 2026-07-15 15:16:07,393 middleware Запит до /api/v1/cart/add/ зайняв 0.0008 секунд.
INFO 2026-07-15 15:16:07,396 middleware Запит до /api/v1/orders/ зайняв 0.0031 секунд.
INFO 2026-07-15 15:16:07,397 middleware Запит до /api/v1/cart/ зайняв 0.0003 секунд.
INFO 2026-07-15 15:16:07,741 middleware Запит до /api/v1/cart/ зайняв 0.0002 секунд.
INFO 2026-07-15 15:16:08,087 middleware Запит до /api/v1/orders/5/ зайняв 0.0005 секунд.
WARNING 2026-07-15 15:16:08,087 log Not Found: /api/v1/orders/5/
INFO 2026-07-15 15:16:08,433 middleware Запит до /api/v1/cart/add/ зайняв 0.0007 секунд.
INFO 2026-07-15 15:16:08,434 middleware Запит до /api/v1/orders/ зайняв 0.0007 секунд.
WARNING 2026-07-15 15:16:08,434 log Bad Request: /api/v1/orders/
INFO 2026-07-15 15:16:08,782 middleware Запит до /api/v1/cart/add/ зайняв 0.0007 секунд.
INFO 2026-07-15 15:16:08,783 middleware Запит до /api/v1/cart/remove/ зайняв 0.0005 секунд.
INFO 2026-07-15 15:16:08,784 middleware Запит до /api/v1/cart/ зайняв 0.0004 секунд.
INFO 2026-07-15 15:16:09,130 middleware Запит до /api/v1/cart/add/ зайняв 0.0006 секунд.
INFO 2026-07-15 15:16:09,143 middleware Запит до /api/v1/cart/add/ зайняв 0.0120 секунд.
INFO 2026-07-15 15:16:09,145 middleware Запит до /api/v1/cart/ зайняв 0.0010 секунд.
INFO 2026-07-15 15:16:09,494 middleware Запит до /api/v1/orders/ зайняв 0.0013 секунд.
INFO 2026-07-15 15:16:09,734 middleware Запит до /api/v1/books/ зайняв 0.0015 секунд.
INFO 2026-07-15 15:16:09,969 middleware Запит до /api/v1/books/ зайняв 0.0002 секунд.
WARNING 2026-07-15 15:16:09,969 log Unauthorized: /api/v1/books/
INFO 2026-07-15 15:16:10,202 middleware Запит до /api/v1/books/ зайняв 0.0020 секунд.
INFO 2026-07-15 15:16:10,436 middleware Запит до /api/v1/books/ зайняв 0.0017 секунд.
INFO 2026-07-15 15:16:10,671 middleware Запит до /api/v1/books/23/ зайняв 0.0010 секунд.
INFO 2026-07-15 15:16:10,904 middleware Запит до /api/v1/books/ зайняв 0.0012 секунд.
INFO 2026-07-15 15:16:11,250 middleware Запит до /api/token/ зайняв 0.1171 секунд.
WARNING 2026-07-15 15:16:11,250 log Unauthorized: /api/token/
INFO 2026-07-15 15:16:11,599 middleware Запит до /api/token/ зайняв 0.1165 секунд.
INFO 2026-07-15 15:16:11,946 middleware Запит до /api/token/ зайняв 0.1155 секунд.
INFO 2026-07-15 15:16:11,947 middleware Запит до /api/token/refresh/ зайняв 0.0006 секунд.
INFO 2026-07-15 15:16:12,294 middleware Запит до /api/token/ зайняв 0.1164 секунд.
INFO 2026-07-15 15:16:12,295 middleware Запит до /api/token/verify/ зайняв 0.0002 секунд.
INFO 2026-07-15 15:16:12,529 middleware Запит до /api/v1/books/ зайняв 0.0018 секунд.
INFO 2026-07-15 15:16:12,759 middleware Запит до /api/v1/orders/ зайняв 0.0001 секунд.
WARNING 2026-07-15 15:16:12,759 log Unauthorized: /api/v1/orders/
INFO 2026-07-15 15:30:23,926 middleware Запит до /api/v1/books/ зайняв 0.0514 секунд.
INFO 2026-07-15 15:30:23,927 log "GET /api/v1/books/ HTTP/1.1" 200 40362
INFO 2026-07-15 15:30:23,948 log "GET /static/rest_framework/js/jquery-3.7.1.min.js HTTP/1.1" 200 87533
INFO 2026-07-15 15:30:23,952 log "GET /static/rest_framework/css/bootstrap-tweaks.css HTTP/1.1" 304 0
INFO 2026-07-15 15:30:23,953 log "GET /static/rest_framework/js/csrf.js HTTP/1.1" 304 0
INFO 2026-07-15 15:30:23,954 log "GET /static/rest_framework/css/prettify.css HTTP/1.1" 304 0
INFO 2026-07-15 15:30:23,955 log "GET /static/rest_framework/css/default.css HTTP/1.1" 304 0
INFO 2026-07-15 15:30:23,955 log "GET /static/rest_framework/js/ajax-form.js HTTP/1.1" 304 0
INFO 2026-07-15 15:30:23,956 log "GET /static/rest_framework/js/bootstrap.min.js HTTP/1.1" 304 0
INFO 2026-07-15 15:30:23,956 log "GET /static/rest_framework/js/default.js HTTP/1.1" 304 0
INFO 2026-07-15 15:30:23,957 log "GET /static/rest_framework/js/prettify-min.js HTTP/1.1" 304 0
INFO 2026-07-15 15:30:23,957 log "GET /static/rest_framework/js/load-ajax-form.js HTTP/1.1" 304 0
INFO 2026-07-15 15:30:23,958 log "GET /static/rest_framework/css/bootstrap.min.css HTTP/1.1" 200 121457
INFO 2026-07-15 15:30:23,969 log "GET /static/rest_framework/img/grid.png HTTP/1.1" 304 0
INFO 2026-07-15 15:30:23,971 log "GET /static/rest_framework/fonts/glyphicons-halflings-regular.woff2 HTTP/1.1" 304 0
INFO 2026-07-15 15:30:32,172 middleware Запит до /api/v1/ зайняв 0.0036 секунд.
INFO 2026-07-15 15:30:32,173 log "GET /api/v1/ HTTP/1.1" 200 10480
INFO 2026-07-15 15:31:15,399 middleware Запит до / зайняв 0.0027 секунд.
WARNING 2026-07-15 15:31:15,399 log Not Found: /
WARNING 2026-07-15 15:31:15,400 log "GET / HTTP/1.1" 404 4119
INFO 2026-07-15 15:31:15,667 middleware Запит до / зайняв 0.0033 секунд.
WARNING 2026-07-15 15:31:15,667 log Not Found: /
WARNING 2026-07-15 15:31:15,667 log "GET / HTTP/1.1" 404 4119
INFO 2026-07-15 15:37:13,732 middleware Запит до / зайняв 0.0023 секунд.
WARNING 2026-07-15 15:37:13,733 log Not Found: /
WARNING 2026-07-15 15:37:13,733 log "GET / HTTP/1.1" 404 4119
INFO 2026-07-15 15:37:14,021 middleware Запит до / зайняв 0.0032 секунд.
WARNING 2026-07-15 15:37:14,022 log Not Found: /
WARNING 2026-07-15 15:37:14,022 log "GET / HTTP/1.1" 404 4119
INFO 2026-07-15 15:44:14,668 autoreload /app/bookstore_project/urls.py changed, reloading.
INFO 2026-07-15 15:44:15,097 autoreload Watching for file changes with StatReloader
INFO 2026-07-15 15:45:02,351 autoreload /app/bookstore_project/urls.py changed, reloading.
INFO 2026-07-15 15:45:02,767 autoreload Watching for file changes with StatReloader
INFO 2026-07-15 15:45:04,253 middleware Запит до / зайняв 0.0002 секунд.
INFO 2026-07-15 15:45:04,254 log "GET / HTTP/1.1" 301 0
INFO 2026-07-15 15:45:04,282 middleware Запит до /shop/ зайняв 0.0250 секунд.
INFO 2026-07-15 15:45:04,282 log "GET /shop/ HTTP/1.1" 200 9656
INFO 2026-07-15 15:45:05,983 middleware Запит до /shop/ зайняв 0.0256 секунд.
INFO 2026-07-15 15:45:05,984 log "GET /shop/ HTTP/1.1" 200 9656
INFO 2026-07-15 15:45:06,779 middleware Запит до /shop/catalog/ зайняв 0.0205 секунд.
INFO 2026-07-15 15:45:06,780 log "GET /shop/catalog/ HTTP/1.1" 200 8352
INFO 2026-07-15 15:45:08,326 middleware Запит до /shop/catalog/ зайняв 0.0170 секунд.
INFO 2026-07-15 15:45:08,326 log "GET /shop/catalog/ HTTP/1.1" 200 8352
INFO 2026-07-15 15:45:09,276 middleware Запит до /shop/catalog/ зайняв 0.0174 секунд.
INFO 2026-07-15 15:45:09,277 log "GET /shop/catalog/ HTTP/1.1" 200 8352
INFO 2026-07-15 15:45:10,973 middleware Запит до /shop/ зайняв 0.0092 секунд.
INFO 2026-07-15 15:45:10,974 log "GET /shop/ HTTP/1.1" 200 9656
INFO 2026-07-15 15:45:13,893 middleware Запит до /i18n/setlang/ зайняв 0.0009 секунд.
INFO 2026-07-15 15:45:13,894 log "POST /i18n/setlang/ HTTP/1.1" 302 0
INFO 2026-07-15 15:45:13,926 middleware Запит до /shop/ зайняв 0.0195 секунд.
INFO 2026-07-15 15:45:13,927 log "GET /shop/ HTTP/1.1" 200 9784
INFO 2026-07-15 15:45:14,922 middleware Запит до /shop/ зайняв 0.0207 секунд.
INFO 2026-07-15 15:45:14,922 log "GET /shop/ HTTP/1.1" 200 9784
INFO 2026-07-15 15:45:15,550 middleware Запит до /shop/catalog/ зайняв 0.0177 секунд.
INFO 2026-07-15 15:45:15,551 log "GET /shop/catalog/ HTTP/1.1" 200 8627
INFO 2026-07-15 15:45:29,471 middleware Запит до /shop/ зайняв 0.0193 секунд.
INFO 2026-07-15 15:45:29,475 log "GET /shop/ HTTP/1.1" 200 9784
INFO 2026-07-15 15:45:30,169 middleware Запит до /shop/catalog/ зайняв 0.0176 секунд.
INFO 2026-07-15 15:45:30,170 log "GET /shop/catalog/ HTTP/1.1" 200 8627
INFO 2026-07-15 15:45:30,902 middleware Запит до /shop/ зайняв 0.0173 секунд.
INFO 2026-07-15 15:45:30,903 log "GET /shop/ HTTP/1.1" 200 9784
INFO 2026-07-15 15:45:34,500 middleware Запит до /shop/catalog/ зайняв 0.0160 секунд.
INFO 2026-07-15 15:45:34,500 log "GET /shop/catalog/ HTTP/1.1" 200 8627
INFO 2026-07-15 15:45:35,581 middleware Запит до /shop/catalog/ зайняв 0.0175 секунд.
INFO 2026-07-15 15:45:35,582 log "GET /shop/catalog/ HTTP/1.1" 200 8627
INFO 2026-07-15 15:45:35,987 middleware Запит до /shop/catalog/ зайняв 0.0193 секунд.
INFO 2026-07-15 15:45:35,987 log "GET /shop/catalog/ HTTP/1.1" 200 8627
INFO 2026-07-15 15:45:36,770 middleware Запит до /shop/ зайняв 0.0192 секунд.
INFO 2026-07-15 15:45:36,771 log "GET /shop/ HTTP/1.1" 200 9784
INFO 2026-07-15 15:45:37,579 middleware Запит до /shop/catalog/ зайняв 0.0157 секунд.
INFO 2026-07-15 15:45:37,580 log "GET /shop/catalog/ HTTP/1.1" 200 8627
INFO 2026-07-15 15:45:40,378 middleware Запит до /shop/catalog/ зайняв 0.0172 секунд.
INFO 2026-07-15 15:45:40,379 log "GET /shop/catalog/?page=2 HTTP/1.1" 200 8641
INFO 2026-07-15 15:45:41,072 middleware Запит до /shop/catalog/ зайняв 0.0141 секунд.
INFO 2026-07-15 15:45:41,072 log "GET /shop/catalog/?page=3 HTTP/1.1" 200 8653
INFO 2026-07-15 15:45:41,758 middleware Запит до /shop/catalog/ зайняв 0.0155 секунд.
INFO 2026-07-15 15:45:41,758 log "GET /shop/catalog/?page=4 HTTP/1.1" 200 7861
INFO 2026-07-15 15:45:43,905 middleware Запит до /shop/catalog/ зайняв 0.0174 секунд.
INFO 2026-07-15 15:45:43,906 log "GET /shop/catalog/?page=3 HTTP/1.1" 200 8653
INFO 2026-07-15 15:45:44,604 middleware Запит до /shop/catalog/ зайняв 0.0159 секунд.
INFO 2026-07-15 15:45:44,605 log "GET /shop/catalog/?page=2 HTTP/1.1" 200 8641
INFO 2026-07-15 15:45:45,690 middleware Запит до /shop/catalog/ зайняв 0.0169 секунд.
INFO 2026-07-15 15:45:45,691 log "GET /shop/catalog/?page=1 HTTP/1.1" 200 8627
INFO 2026-07-15 15:55:01,796 middleware Запит до /api/docs/ зайняв 0.0034 секунд.
INFO 2026-07-15 15:55:01,797 log "GET /api/docs/ HTTP/1.1" 200 4646
INFO 2026-07-15 15:55:02,105 middleware Запит до /api/schema/ зайняв 0.0949 секунд.
INFO 2026-07-15 15:55:02,106 log "GET /api/schema/ HTTP/1.1" 200 61342
INFO 2026-07-15 16:30:51,332 autoreload /app/bookstore_project/settings.py changed, reloading.
INFO 2026-07-15 16:30:51,755 autoreload Watching for file changes with StatReloader
INFO 2026-07-15 16:31:04,007 autoreload /app/bookstore_project/settings.py changed, reloading.
INFO 2026-07-15 16:31:04,396 autoreload Watching for file changes with StatReloader
INFO 2026-07-15 16:31:07,323 middleware Запит до /api/v1/cart/add/ зайняв 0.0011 секунд.
INFO 2026-07-15 16:31:07,325 middleware Запит до /api/v1/cart/ зайняв 0.0013 секунд.
INFO 2026-07-15 16:31:07,670 middleware Запит до /api/v1/cart/add/ зайняв 0.0006 секунд.
WARNING 2026-07-15 16:31:07,671 log Bad Request: /api/v1/cart/add/
INFO 2026-07-15 16:31:08,017 middleware Запит до /api/v1/orders/ зайняв 0.0019 секунд.
INFO 2026-07-15 16:31:08,360 middleware Запит до /api/v1/cart/add/ зайняв 0.0007 секунд.
INFO 2026-07-15 16:31:08,361 middleware Запит до /api/v1/cart/clear/ зайняв 0.0004 секунд.
INFO 2026-07-15 16:31:08,362 middleware Запит до /api/v1/cart/ зайняв 0.0004 секунд.
INFO 2026-07-15 16:31:08,707 middleware Запит до /api/v1/orders/ зайняв 0.0002 секунд.
WARNING 2026-07-15 16:31:08,708 log Bad Request: /api/v1/orders/
INFO 2026-07-15 16:31:09,053 middleware Запит до /api/v1/cart/add/ зайняв 0.0008 секунд.
INFO 2026-07-15 16:31:09,068 middleware Запит до /api/v1/orders/ зайняв 0.0138 секунд.
WARNING 2026-07-15 16:31:09,068 log Bad Request: /api/v1/orders/
INFO 2026-07-15 16:31:09,411 middleware Запит до /api/v1/cart/add/ зайняв 0.0006 секунд.
INFO 2026-07-15 16:31:09,415 middleware Запит до /api/v1/orders/ зайняв 0.0034 секунд.
INFO 2026-07-15 16:31:09,416 middleware Запит до /api/v1/cart/ зайняв 0.0004 секунд.
INFO 2026-07-15 16:31:09,761 middleware Запит до /api/v1/cart/ зайняв 0.0003 секунд.
INFO 2026-07-15 16:31:10,106 middleware Запит до /api/v1/orders/5/ зайняв 0.0005 секунд.
WARNING 2026-07-15 16:31:10,107 log Not Found: /api/v1/orders/5/
INFO 2026-07-15 16:31:10,451 middleware Запит до /api/v1/cart/add/ зайняв 0.0007 секунд.
INFO 2026-07-15 16:31:10,452 middleware Запит до /api/v1/orders/ зайняв 0.0007 секунд.
WARNING 2026-07-15 16:31:10,452 log Bad Request: /api/v1/orders/
INFO 2026-07-15 16:31:10,801 middleware Запит до /api/v1/cart/add/ зайняв 0.0008 секунд.
INFO 2026-07-15 16:31:10,803 middleware Запит до /api/v1/cart/remove/ зайняв 0.0011 секунд.
INFO 2026-07-15 16:31:10,804 middleware Запит до /api/v1/cart/ зайняв 0.0004 секунд.
INFO 2026-07-15 16:31:11,148 middleware Запит до /api/v1/cart/add/ зайняв 0.0006 секунд.
INFO 2026-07-15 16:31:11,150 middleware Запит до /api/v1/cart/add/ зайняв 0.0007 секунд.
INFO 2026-07-15 16:31:11,163 middleware Запит до /api/v1/cart/ зайняв 0.0124 секунд.
INFO 2026-07-15 16:31:11,506 middleware Запит до /api/v1/orders/ зайняв 0.0013 секунд.
INFO 2026-07-15 16:31:11,742 middleware Запит до /api/v1/books/ зайняв 0.0012 секунд.
INFO 2026-07-15 16:31:11,971 middleware Запит до /api/v1/books/ зайняв 0.0001 секунд.
WARNING 2026-07-15 16:31:11,971 log Unauthorized: /api/v1/books/
INFO 2026-07-15 16:31:12,202 middleware Запит до /api/v1/books/ зайняв 0.0020 секунд.
INFO 2026-07-15 16:31:12,431 middleware Запит до /api/v1/books/ зайняв 0.0016 секунд.
INFO 2026-07-15 16:31:12,663 middleware Запит до /api/v1/books/23/ зайняв 0.0010 секунд.
INFO 2026-07-15 16:31:12,892 middleware Запит до /api/v1/books/ зайняв 0.0012 секунд.
INFO 2026-07-15 16:31:13,236 middleware Запит до /api/token/ зайняв 0.1152 секунд.
WARNING 2026-07-15 16:31:13,236 log Unauthorized: /api/token/
INFO 2026-07-15 16:31:13,582 middleware Запит до /api/token/ зайняв 0.1167 секунд.
INFO 2026-07-15 16:31:13,927 middleware Запит до /api/token/ зайняв 0.1149 секунд.
INFO 2026-07-15 16:31:13,928 middleware Запит до /api/token/refresh/ зайняв 0.0005 секунд.
INFO 2026-07-15 16:31:14,272 middleware Запит до /api/token/ зайняв 0.1146 секунд.
INFO 2026-07-15 16:31:14,273 middleware Запит до /api/token/verify/ зайняв 0.0002 секунд.
INFO 2026-07-15 16:31:14,506 middleware Запит до /api/v1/books/ зайняв 0.0017 секунд.
INFO 2026-07-15 16:31:14,737 middleware Запит до /api/v1/orders/ зайняв 0.0001 секунд.
WARNING 2026-07-15 16:31:14,737 log Unauthorized: /api/v1/orders/
INFO 2026-07-15 16:31:24,200 middleware Запит до /shop/ зайняв 0.0254 секунд.
INFO 2026-07-15 16:31:24,202 log "GET /shop/ HTTP/1.1" 200 9784
INFO 2026-07-15 16:31:24,705 middleware Запит до /shop/catalog/ зайняв 0.0204 секунд.
INFO 2026-07-15 16:31:24,705 log "GET /shop/catalog/ HTTP/1.1" 200 8627
INFO 2026-07-15 16:31:26,080 middleware Запит до /shop/catalog/ зайняв 0.0171 секунд.
INFO 2026-07-15 16:31:26,081 log "GET /shop/catalog/?category=1 HTTP/1.1" 200 6589
INFO 2026-07-15 16:31:26,574 middleware Запит до /shop/catalog/ зайняв 0.0158 секунд.
INFO 2026-07-15 16:31:26,575 log "GET /shop/catalog/?category=6 HTTP/1.1" 200 7252
INFO 2026-07-15 16:31:27,030 middleware Запит до /shop/catalog/ зайняв 0.0165 секунд.
INFO 2026-07-15 16:31:27,031 log "GET /shop/catalog/?category=5 HTTP/1.1" 200 6586
INFO 2026-07-15 16:31:27,591 middleware Запит до /shop/catalog/ зайняв 0.0159 секунд.
INFO 2026-07-15 16:31:27,592 log "GET /shop/catalog/?category=2 HTTP/1.1" 200 8039
INFO 2026-07-15 16:31:28,169 middleware Запит до /shop/catalog/ зайняв 0.0157 секунд.
INFO 2026-07-15 16:31:28,169 log "GET /shop/catalog/?category=4 HTTP/1.1" 200 7249
INFO 2026-07-15 16:31:29,063 middleware Запит до /shop/catalog/ зайняв 0.0176 секунд.
INFO 2026-07-15 16:31:29,064 log "GET /shop/catalog/?category=6 HTTP/1.1" 200 7252
INFO 2026-07-15 16:31:29,557 middleware Запит до /shop/catalog/ зайняв 0.0163 секунд.
INFO 2026-07-15 16:31:29,558 log "GET /shop/catalog/?category=5 HTTP/1.1" 200 6586
INFO 2026-07-15 16:31:29,978 middleware Запит до /shop/catalog/ зайняв 0.0164 секунд.
INFO 2026-07-15 16:31:29,979 log "GET /shop/catalog/ HTTP/1.1" 200 8627
INFO 2026-07-15 16:31:32,083 middleware Запит до /shop/ зайняв 0.0214 секунд.
INFO 2026-07-15 16:31:32,084 log "GET /shop/ HTTP/1.1" 200 9784
INFO 2026-07-15 16:36:43,738 middleware Запит до /shop/catalog/ зайняв 0.0177 секунд.
INFO 2026-07-15 16:36:43,739 log "GET /shop/catalog/ HTTP/1.1" 200 8627
INFO 2026-07-15 16:36:44,520 middleware Запит до /shop/ зайняв 0.0141 секунд.
INFO 2026-07-15 16:36:44,521 log "GET /shop/ HTTP/1.1" 200 9784
INFO 2026-07-15 16:39:30,583 middleware Запит до /shop/catalog/ зайняв 0.0212 секунд.
INFO 2026-07-15 16:39:30,584 log "GET /shop/catalog/ HTTP/1.1" 200 8627
INFO 2026-07-15 16:39:32,215 middleware Запит до /shop/ зайняв 0.0211 секунд.
INFO 2026-07-15 16:39:32,216 log "GET /shop/ HTTP/1.1" 200 9784
INFO 2026-07-15 16:39:34,375 middleware Запит до /shop/catalog/ зайняв 0.0166 секунд.
INFO 2026-07-15 16:39:34,376 log "GET /shop/catalog/ HTTP/1.1" 200 8627
INFO 2026-07-15 16:39:35,178 middleware Запит до /shop/catalog/ зайняв 0.0185 секунд.
INFO 2026-07-15 16:39:35,178 log "GET /shop/catalog/ HTTP/1.1" 200 8627
INFO 2026-07-15 16:39:35,838 middleware Запит до /shop/ зайняв 0.0200 секунд.
INFO 2026-07-15 16:39:35,839 log "GET /shop/ HTTP/1.1" 200 9784
INFO 2026-07-15 16:41:38,182 middleware Запит до /users/login/ зайняв 0.0193 секунд.
INFO 2026-07-15 16:41:38,183 log "GET /users/login/ HTTP/1.1" 200 3947
INFO 2026-07-15 16:41:50,921 middleware Запит до /users/login/ зайняв 0.1547 секунд.
INFO 2026-07-15 16:41:50,921 log "POST /users/login/ HTTP/1.1" 200 4213
INFO 2026-07-15 16:42:01,479 middleware Запит до /users/login/ зайняв 0.1562 секунд.
INFO 2026-07-15 16:42:01,480 log "POST /users/login/ HTTP/1.1" 200 4206
INFO 2026-07-15 16:42:20,047 middleware Запит до /users/login/ зайняв 0.1569 секунд.
INFO 2026-07-15 16:42:20,047 log "POST /users/login/ HTTP/1.1" 200 4213
INFO 2026-07-15 16:42:31,605 middleware Запит до /users/login/ зайняв 0.1557 секунд.
INFO 2026-07-15 16:42:31,605 log "POST /users/login/ HTTP/1.1" 200 4213
INFO 2026-07-15 16:43:20,346 middleware Запит до /users/login/ зайняв 0.1554 секунд.
INFO 2026-07-15 16:43:20,347 log "POST /users/login/ HTTP/1.1" 200 4204
INFO 2026-07-15 16:43:34,141 middleware Запит до /users/login/ зайняв 0.1483 секунд.
INFO 2026-07-15 16:43:34,141 log "POST /users/login/ HTTP/1.1" 200 4207
INFO 2026-07-15 17:08:18,638 middleware Запит до /users/login/ зайняв 0.1542 секунд.
INFO 2026-07-15 17:08:18,638 log "POST /users/login/ HTTP/1.1" 200 4207
INFO 2026-07-15 17:16:48,130 middleware Запит до /users/login/ зайняв 0.1595 секунд.
INFO 2026-07-15 17:16:48,131 log "POST /users/login/ HTTP/1.1" 302 0
INFO 2026-07-15 17:16:48,141 middleware Запит до /shop/ зайняв 0.0068 секунд.
INFO 2026-07-15 17:16:48,141 log "GET /shop/ HTTP/1.1" 200 10275
INFO 2026-07-15 17:19:12,072 middleware Запит до /shop/book/create/ зайняв 0.0205 секунд.
INFO 2026-07-15 17:19:12,073 log "GET /shop/book/create/ HTTP/1.1" 200 6609
INFO 2026-07-15 17:21:24,788 middleware Запит до /shop/ зайняв 0.0203 секунд.
INFO 2026-07-15 17:21:24,789 log "GET /shop/ HTTP/1.1" 200 10275
INFO 2026-07-15 17:21:28,898 middleware Запит до /admin/ зайняв 0.0440 секунд.
INFO 2026-07-15 17:21:28,898 log "GET /admin/ HTTP/1.1" 200 9716
INFO 2026-07-15 17:21:28,905 log "GET /static/admin/css/dark_mode.css HTTP/1.1" 200 3538
INFO 2026-07-15 17:21:28,906 log "GET /static/admin/css/base.css HTTP/1.1" 200 23100
INFO 2026-07-15 17:21:28,907 log "GET /static/admin/js/theme.js HTTP/1.1" 200 1653
INFO 2026-07-15 17:21:28,913 log "GET /static/admin/css/nav_sidebar.css HTTP/1.1" 200 2810
INFO 2026-07-15 17:21:28,914 log "GET /static/admin/css/responsive.css HTTP/1.1" 200 16273
INFO 2026-07-15 17:21:28,914 log "GET /static/admin/css/dashboard.css HTTP/1.1" 200 441
INFO 2026-07-15 17:21:28,921 log "GET /static/admin/js/nav_sidebar.js HTTP/1.1" 200 3063
INFO 2026-07-15 17:21:28,925 log "GET /static/admin/img/icon-addlink.svg HTTP/1.1" 200 593
INFO 2026-07-15 17:21:28,927 log "GET /static/admin/img/icon-changelink.svg HTTP/1.1" 200 978
INFO 2026-07-15 17:21:33,187 middleware Запит до /admin/shop_app/book/ зайняв 0.0358 секунд.
INFO 2026-07-15 17:21:33,187 log "GET /admin/shop_app/book/ HTTP/1.1" 200 30721
INFO 2026-07-15 17:21:33,200 log "GET /static/admin/css/changelists.css HTTP/1.1" 200 7498
INFO 2026-07-15 17:21:33,200 log "GET /static/admin/js/core.js HTTP/1.1" 200 6208
INFO 2026-07-15 17:21:33,203 log "GET /static/admin/js/jquery.init.js HTTP/1.1" 200 347
INFO 2026-07-15 17:21:33,204 log "GET /static/admin/css/forms.css HTTP/1.1" 200 8831
INFO 2026-07-15 17:21:33,204 log "GET /static/admin/js/admin/RelatedObjectLookups.js HTTP/1.1" 200 9777
INFO 2026-07-15 17:21:33,205 log "GET /static/admin/js/actions.js HTTP/1.1" 200 8076
INFO 2026-07-15 17:21:33,213 log "GET /static/admin/js/urlify.js HTTP/1.1" 200 7887
INFO 2026-07-15 17:21:33,216 log "GET /static/admin/css/widgets.css HTTP/1.1" 200 11811
INFO 2026-07-15 17:21:33,217 log "GET /static/admin/js/prepopulate.js HTTP/1.1" 200 1531
INFO 2026-07-15 17:21:33,218 log "GET /static/admin/img/search.svg HTTP/1.1" 200 607
INFO 2026-07-15 17:21:33,223 middleware Запит до /admin/jsi18n/ зайняв 0.0262 секунд.
INFO 2026-07-15 17:21:33,224 log "GET /admin/jsi18n/ HTTP/1.1" 200 10649
INFO 2026-07-15 17:21:33,225 log "GET /static/admin/js/vendor/jquery/jquery.js HTTP/1.1" 200 285314
INFO 2026-07-15 17:21:33,230 log "GET /static/admin/js/filters.js HTTP/1.1" 200 978
INFO 2026-07-15 17:21:33,232 log "GET /static/admin/js/vendor/xregexp/xregexp.js HTTP/1.1" 200 325171
INFO 2026-07-15 17:21:33,241 log "GET /static/admin/img/tooltag-add.svg HTTP/1.1" 200 593
INFO 2026-07-15 17:21:33,243 log "GET /static/admin/img/icon-viewlink.svg HTTP/1.1" 200 928
INFO 2026-07-15 17:21:34,432 middleware Запит до /admin/ зайняв 0.0136 секунд.
INFO 2026-07-15 17:21:34,433 log "GET /admin/ HTTP/1.1" 200 9716
INFO 2026-07-15 17:21:35,059 middleware Запит до /admin/shop_app/category/ зайняв 0.0172 секунд.
INFO 2026-07-15 17:21:35,059 log "GET /admin/shop_app/category/ HTTP/1.1" 200 13693
INFO 2026-07-15 17:21:35,077 middleware Запит до /admin/jsi18n/ зайняв 0.0106 секунд.
INFO 2026-07-15 17:21:35,078 log "GET /admin/jsi18n/ HTTP/1.1" 200 10649
INFO 2026-07-15 17:21:36,836 middleware Запит до /admin/shop_app/category/add/ зайняв 0.0269 секунд.
INFO 2026-07-15 17:21:36,837 log "GET /admin/shop_app/category/add/ HTTP/1.1" 200 18162
INFO 2026-07-15 17:21:36,848 log "GET /static/admin/js/inlines.js HTTP/1.1" 200 15628
INFO 2026-07-15 17:21:36,848 log "GET /static/admin/js/prepopulate_init.js HTTP/1.1" 200 586
INFO 2026-07-15 17:21:36,853 log "GET /static/admin/js/change_form.js HTTP/1.1" 200 606
INFO 2026-07-15 17:21:36,858 middleware Запит до /admin/jsi18n/ зайняв 0.0123 секунд.
INFO 2026-07-15 17:21:36,858 log "GET /admin/jsi18n/ HTTP/1.1" 200 10649
INFO 2026-07-15 17:21:36,869 log "GET /static/admin/img/inline-delete.svg HTTP/1.1" 200 651
INFO 2026-07-15 17:21:38,897 middleware Запит до /admin/shop_app/category/ зайняв 0.0158 секунд.
INFO 2026-07-15 17:21:38,897 log "GET /admin/shop_app/category/ HTTP/1.1" 200 13693
INFO 2026-07-15 17:21:40,411 middleware Запит до /admin/shop_app/category/add/ зайняв 0.0196 секунд.
INFO 2026-07-15 17:21:40,412 log "GET /admin/shop_app/category/add/ HTTP/1.1" 200 18162
INFO 2026-07-15 17:21:40,430 middleware Запит до /admin/jsi18n/ зайняв 0.0103 секунд.
INFO 2026-07-15 17:21:40,430 log "GET /admin/jsi18n/ HTTP/1.1" 200 10649
INFO 2026-07-15 17:21:45,320 middleware Запит до /admin/shop_app/category/add/ зайняв 0.0179 секунд.
INFO 2026-07-15 17:21:45,322 log "POST /admin/shop_app/category/add/ HTTP/1.1" 302 0
INFO 2026-07-15 17:21:45,339 middleware Запит до /admin/shop_app/category/ зайняв 0.0130 секунд.
INFO 2026-07-15 17:21:45,339 log "GET /admin/shop_app/category/ HTTP/1.1" 200 14242
INFO 2026-07-15 17:21:45,358 middleware Запит до /admin/jsi18n/ зайняв 0.0078 секунд.
INFO 2026-07-15 17:21:45,358 log "GET /admin/jsi18n/ HTTP/1.1" 200 10649
INFO 2026-07-15 17:21:45,365 log "GET /static/admin/img/icon-yes-dark.svg HTTP/1.1" 200 558
INFO 2026-07-15 17:21:53,276 middleware Запит до /shop/ зайняв 0.0162 секунд.
INFO 2026-07-15 17:21:53,276 log "GET /shop/ HTTP/1.1" 200 10522
INFO 2026-07-15 17:21:55,022 middleware Запит до /shop/book/create/ зайняв 0.0139 секунд.
INFO 2026-07-15 17:21:55,023 log "GET /shop/book/create/ HTTP/1.1" 200 6650
INFO 2026-07-15 17:23:01,281 middleware Запит до /shop/book/create/ зайняв 0.0455 секунд.
INFO 2026-07-15 17:23:01,282 log "POST /shop/book/create/ HTTP/1.1" 302 0
INFO 2026-07-15 17:23:01,296 middleware Запит до /shop/catalog/ зайняв 0.0123 секунд.
INFO 2026-07-15 17:23:01,297 log "GET /shop/catalog/ HTTP/1.1" 200 9290
INFO 2026-07-15 17:23:03,973 middleware Запит до /shop/catalog/ зайняв 0.0135 секунд.
INFO 2026-07-15 17:23:03,973 log "GET /shop/catalog/?category=7 HTTP/1.1" 200 5862
INFO 2026-07-15 17:23:05,763 middleware Запит до /shop/book/create/ зайняв 0.0130 секунд.
INFO 2026-07-15 17:23:05,763 log "GET /shop/book/create/ HTTP/1.1" 200 6650
INFO 2026-07-15 17:24:54,978 middleware Запит до /shop/book/create/ зайняв 0.0150 секунд.
INFO 2026-07-15 17:24:54,979 log "POST /shop/book/create/ HTTP/1.1" 302 0
INFO 2026-07-15 17:24:54,993 middleware Запит до /shop/catalog/ зайняв 0.0126 секунд.
INFO 2026-07-15 17:24:54,994 log "GET /shop/catalog/ HTTP/1.1" 200 9290
INFO 2026-07-15 17:24:56,598 middleware Запит до /shop/catalog/ зайняв 0.0133 секунд.
INFO 2026-07-15 17:24:56,599 log "GET /shop/catalog/?category=7 HTTP/1.1" 200 6655
INFO 2026-07-15 17:24:58,185 middleware Запит до /shop/book/create/ зайняв 0.0133 секунд.
INFO 2026-07-15 17:24:58,186 log "GET /shop/book/create/ HTTP/1.1" 200 6650
INFO 2026-07-15 17:25:01,252 middleware Запит до /shop/book/create/ зайняв 0.0135 секунд.
INFO 2026-07-15 17:25:01,253 log "GET /shop/book/create/ HTTP/1.1" 200 6650
INFO 2026-07-15 17:25:49,730 middleware Запит до /shop/book/create/ зайняв 0.0120 секунд.
INFO 2026-07-15 17:25:49,730 log "POST /shop/book/create/ HTTP/1.1" 302 0
INFO 2026-07-15 17:25:49,745 middleware Запит до /shop/catalog/ зайняв 0.0128 секунд.
INFO 2026-07-15 17:25:49,745 log "GET /shop/catalog/ HTTP/1.1" 200 9290
INFO 2026-07-15 17:26:02,620 middleware Запит до /shop/catalog/ зайняв 0.0140 секунд.
INFO 2026-07-15 17:26:02,620 log "GET /shop/catalog/?category=7 HTTP/1.1" 200 7371
INFO 2026-07-15 17:26:06,505 middleware Запит до /shop/book/create/ зайняв 0.0148 секунд.
INFO 2026-07-15 17:26:06,506 log "GET /shop/book/create/ HTTP/1.1" 200 6650
INFO 2026-07-15 17:26:55,584 middleware Запит до /shop/book/create/ зайняв 0.0117 секунд.
INFO 2026-07-15 17:26:55,585 log "POST /shop/book/create/ HTTP/1.1" 302 0
INFO 2026-07-15 17:26:55,599 middleware Запит до /shop/catalog/ зайняв 0.0129 секунд.
INFO 2026-07-15 17:26:55,600 log "GET /shop/catalog/ HTTP/1.1" 200 9290
INFO 2026-07-15 17:26:57,411 middleware Запит до /shop/catalog/ зайняв 0.0127 секунд.
INFO 2026-07-15 17:26:57,411 log "GET /shop/catalog/?category=7 HTTP/1.1" 200 8116
INFO 2026-07-15 17:26:58,533 middleware Запит до /shop/24/ зайняв 0.0165 секунд.
INFO 2026-07-15 17:26:58,534 log "GET /shop/24/ HTTP/1.1" 200 6204
INFO 2026-07-15 17:26:58,543 middleware Запит до /images/covers/Mans_search.jpg зайняв 0.0009 секунд.
INFO 2026-07-15 17:26:58,545 log "GET /images/covers/Mans_search.jpg HTTP/1.1" 200 139758
INFO 2026-07-15 17:27:02,319 middleware Запит до /shop/23/ зайняв 0.0133 секунд.
INFO 2026-07-15 17:27:02,319 log "GET /shop/23/ HTTP/1.1" 200 6796
INFO 2026-07-15 17:27:02,327 middleware Запит до /images/covers/Thinking.jpg зайняв 0.0008 секунд.
INFO 2026-07-15 17:27:02,329 log "GET /images/covers/Thinking.jpg HTTP/1.1" 200 24400
INFO 2026-07-15 17:28:06,552 middleware Запит до /shop/book/create/ зайняв 0.0134 секунд.
INFO 2026-07-15 17:28:06,556 log "GET /shop/book/create/ HTTP/1.1" 200 6650
INFO 2026-07-15 17:28:39,719 middleware Запит до /shop/book/create/ зайняв 0.0115 секунд.
INFO 2026-07-15 17:28:39,720 log "POST /shop/book/create/ HTTP/1.1" 302 0
INFO 2026-07-15 17:28:39,734 middleware Запит до /shop/catalog/ зайняв 0.0128 секунд.
INFO 2026-07-15 17:28:39,734 log "GET /shop/catalog/ HTTP/1.1" 200 9290
INFO 2026-07-15 17:29:00,829 middleware Запит до /shop/book/create/ зайняв 0.0138 секунд.
INFO 2026-07-15 17:29:00,832 log "GET /shop/book/create/ HTTP/1.1" 200 6650
INFO 2026-07-15 17:29:33,935 middleware Запит до /shop/book/create/ зайняв 0.0158 секунд.
INFO 2026-07-15 17:29:33,936 log "POST /shop/book/create/ HTTP/1.1" 302 0
INFO 2026-07-15 17:29:33,951 middleware Запит до /shop/catalog/ зайняв 0.0140 секунд.
INFO 2026-07-15 17:29:33,952 log "GET /shop/catalog/ HTTP/1.1" 200 9290
INFO 2026-07-15 17:29:35,810 middleware Запит до /shop/catalog/ зайняв 0.0137 секунд.
INFO 2026-07-15 17:29:35,811 log "GET /shop/catalog/?category=7 HTTP/1.1" 200 9667
INFO 2026-07-15 17:29:37,277 middleware Запит до /shop/catalog/ зайняв 0.0130 секунд.
INFO 2026-07-15 17:29:37,277 log "GET /shop/catalog/?category=6 HTTP/1.1" 200 7915
INFO 2026-07-15 17:29:38,533 middleware Запит до /shop/catalog/ зайняв 0.0155 секунд.
INFO 2026-07-15 17:29:38,534 log "GET /shop/catalog/ HTTP/1.1" 200 9290
INFO 2026-07-15 17:29:39,009 middleware Запит до /shop/catalog/ зайняв 0.0127 секунд.
INFO 2026-07-15 17:29:39,010 log "GET /shop/catalog/?category=5 HTTP/1.1" 200 7249
INFO 2026-07-15 17:29:39,543 middleware Запит до /shop/catalog/ зайняв 0.0130 секунд.
INFO 2026-07-15 17:29:39,544 log "GET /shop/catalog/?category=1 HTTP/1.1" 200 7252
INFO 2026-07-15 17:29:40,044 middleware Запит до /shop/catalog/ зайняв 0.0138 секунд.
INFO 2026-07-15 17:29:40,044 log "GET /shop/catalog/?category=2 HTTP/1.1" 200 8702
INFO 2026-07-15 17:29:41,028 middleware Запит до /shop/catalog/ зайняв 0.0137 секунд.
INFO 2026-07-15 17:29:41,029 log "GET /shop/catalog/ HTTP/1.1" 200 9290
INFO 2026-07-15 17:32:09,831 middleware Запит до /shop/catalog/ зайняв 0.0186 секунд.
INFO 2026-07-15 17:32:09,832 log "GET /shop/catalog/ HTTP/1.1" 200 9290
INFO 2026-07-15 17:32:10,677 middleware Запит до /shop/ зайняв 0.0199 секунд.
INFO 2026-07-15 17:32:10,677 log "GET /shop/ HTTP/1.1" 200 11934
INFO 2026-07-15 17:32:11,277 middleware Запит до /shop/catalog/ зайняв 0.0182 секунд.
INFO 2026-07-15 17:32:11,278 log "GET /shop/catalog/ HTTP/1.1" 200 9290
INFO 2026-07-15 17:32:11,953 middleware Запит до /shop/book/create/ зайняв 0.0178 секунд.
INFO 2026-07-15 17:32:11,954 log "GET /shop/book/create/ HTTP/1.1" 200 6650
INFO 2026-07-15 17:32:12,715 middleware Запит до /shop/catalog/ зайняв 0.0165 секунд.
INFO 2026-07-15 17:32:12,715 log "GET /shop/catalog/ HTTP/1.1" 200 9290
INFO 2026-07-15 17:32:13,192 middleware Запит до /shop/ зайняв 0.0234 секунд.
INFO 2026-07-15 17:32:13,193 log "GET /shop/ HTTP/1.1" 200 11934
INFO 2026-07-29 16:11:55,686 autoreload Watching for file changes with StatReloader
INFO 2026-07-29 16:11:57,379 middleware Запит до / зайняв 0.0003 секунд.
INFO 2026-07-29 16:11:57,380 log "GET / HTTP/1.1" 301 0
INFO 2026-07-29 16:11:57,410 middleware Запит до /shop/ зайняв 0.0267 секунд.
INFO 2026-07-29 16:11:57,411 log "GET /shop/ HTTP/1.1" 200 11316
INFO 2026-07-29 16:11:57,642 middleware Запит до /favicon.ico зайняв 0.0036 секунд.
WARNING 2026-07-29 16:11:57,643 log Not Found: /favicon.ico
WARNING 2026-07-29 16:11:57,643 log "GET /favicon.ico HTTP/1.1" 404 4311
INFO 2026-07-29 16:11:59,312 middleware Запит до /shop/catalog/ зайняв 0.0174 секунд.
INFO 2026-07-29 16:11:59,313 log "GET /shop/catalog/ HTTP/1.1" 200 8524
INFO 2026-07-29 16:11:59,872 middleware Запит до /shop/ зайняв 0.0185 секунд.
INFO 2026-07-29 16:11:59,873 log "GET /shop/ HTTP/1.1" 200 11316
INFO 2026-07-29 16:12:01,001 middleware Запит до /shop/catalog/ зайняв 0.0121 секунд.
INFO 2026-07-29 16:12:01,002 log "GET /shop/catalog/ HTTP/1.1" 200 8524
INFO 2026-07-29 16:12:03,305 middleware Запит до /shop/catalog/ зайняв 0.0140 секунд.
INFO 2026-07-29 16:12:03,306 log "GET /shop/catalog/ HTTP/1.1" 200 8524
INFO 2026-07-29 16:12:04,114 middleware Запит до /shop/ зайняв 0.0161 секунд.
INFO 2026-07-29 16:12:04,114 log "GET /shop/ HTTP/1.1" 200 11316
INFO 2026-07-29 16:24:05,580 autoreload /app/bookstore_project/settings.py changed, reloading.
INFO 2026-07-29 16:24:05,995 autoreload Watching for file changes with StatReloader
INFO 2026-07-29 16:24:12,248 autoreload /app/bookstore_project/settings.py changed, reloading.
INFO 2026-07-29 16:24:12,661 autoreload Watching for file changes with StatReloader
INFO 2026-07-29 16:24:36,286 autoreload /app/bookstore_project/settings.py changed, reloading.
INFO 2026-07-29 17:44:02,042 autoreload Watching for file changes with StatReloader
INFO 2026-07-29 17:44:04,967 middleware Запит до /shop/catalog/ зайняв 0.0261 секунд.
INFO 2026-07-29 17:44:04,968 log "GET /shop/catalog/ HTTP/1.1" 200 8599
INFO 2026-07-29 17:44:07,975 middleware Запит до /shop/catalog/ зайняв 0.0154 секунд.
INFO 2026-07-29 17:44:07,976 log "GET /shop/catalog/ HTTP/1.1" 200 8599
INFO 2026-07-29 17:44:08,683 middleware Запит до /shop/ зайняв 0.0234 секунд.
INFO 2026-07-29 17:44:08,684 log "GET /shop/ HTTP/1.1" 200 11407
INFO 2026-07-29 17:44:09,674 middleware Запит до /shop/catalog/ зайняв 0.0152 секунд.
INFO 2026-07-29 17:44:09,675 log "GET /shop/catalog/ HTTP/1.1" 200 8599
INFO 2026-07-29 17:44:10,922 middleware Запит до /shop/ зайняв 0.0041 секунд.
INFO 2026-07-29 17:44:10,923 log "GET /shop/ HTTP/1.1" 200 11407
INFO 2026-07-29 17:44:11,600 middleware Запит до /shop/catalog/ зайняв 0.0154 секунд.
INFO 2026-07-29 17:44:11,601 log "GET /shop/catalog/ HTTP/1.1" 200 8599
INFO 2026-07-29 17:44:12,556 middleware Запит до /shop/ зайняв 0.0037 секунд.
INFO 2026-07-29 17:44:12,557 log "GET /shop/ HTTP/1.1" 200 11407
INFO 2026-07-29 17:44:15,400 middleware Запит до /shop/catalog/ зайняв 0.0158 секунд.
INFO 2026-07-29 17:44:15,401 log "GET /shop/catalog/ HTTP/1.1" 200 8599
INFO 2026-07-29 17:44:16,434 middleware Запит до /shop/3/ зайняв 0.0167 секунд.
INFO 2026-07-29 17:44:16,435 log "GET /shop/3/ HTTP/1.1" 200 4856
INFO 2026-07-29 17:44:16,454 middleware Запит до /images/covers/Charlie_and_the_Chocolate_Factory.jpg зайняв 0.0009 секунд.
INFO 2026-07-29 17:44:16,457 log "GET /images/covers/Charlie_and_the_Chocolate_Factory.jpg HTTP/1.1" 200 201838
INFO 2026-07-29 17:44:18,716 middleware Запит до /shop/catalog/ зайняв 0.0148 секунд.
INFO 2026-07-29 17:44:18,717 log "GET /shop/catalog/ HTTP/1.1" 200 8599
INFO 2026-07-29 17:44:19,616 middleware Запит до /shop/5/ зайняв 0.0149 секунд.
INFO 2026-07-29 17:44:19,617 log "GET /shop/5/ HTTP/1.1" 200 5531
INFO 2026-07-29 17:44:19,631 middleware Запит до /images/covers/Elon_Musk.webp зайняв 0.0006 секунд.
INFO 2026-07-29 17:44:19,633 log "GET /images/covers/Elon_Musk.webp HTTP/1.1" 200 65110
INFO 2026-07-29 17:44:20,792 middleware Запит до /shop/catalog/ зайняв 0.0159 секунд.
INFO 2026-07-29 17:44:20,793 log "GET /shop/catalog/ HTTP/1.1" 200 8599
INFO 2026-07-29 17:44:22,374 middleware Запит до /shop/19/ зайняв 0.0146 секунд.
INFO 2026-07-29 17:44:22,375 log "GET /shop/19/ HTTP/1.1" 200 5467
INFO 2026-07-29 17:44:22,393 middleware Запит до /images/covers/Fifty_shades_of_grey.jpg зайняв 0.0008 секунд.
INFO 2026-07-29 17:44:22,394 log "GET /images/covers/Fifty_shades_of_grey.jpg HTTP/1.1" 200 24303
INFO 2026-07-29 17:44:23,127 middleware Запит до /shop/catalog/ зайняв 0.0156 секунд.
INFO 2026-07-29 17:44:23,128 log "GET /shop/catalog/ HTTP/1.1" 200 8599
INFO 2026-07-29 17:44:25,462 middleware Запит до /shop/ зайняв 0.0037 секунд.
INFO 2026-07-29 17:44:25,463 log "GET /shop/ HTTP/1.1" 200 11407
INFO 2026-07-29 17:47:07,996 middleware Запит до /shop/catalog/ зайняв 0.0186 секунд.
INFO 2026-07-29 17:47:07,998 log "GET /shop/catalog/ HTTP/1.1" 200 8599
INFO 2026-07-29 17:47:10,075 middleware Запит до /shop/catalog/ зайняв 0.0158 секунд.
INFO 2026-07-29 17:47:10,076 log "GET /shop/catalog/?category=1 HTTP/1.1" 200 6613
INFO 2026-07-29 17:47:11,781 middleware Запит до /shop/1/ зайняв 0.0142 секунд.
INFO 2026-07-29 17:47:11,782 log "GET /shop/1/ HTTP/1.1" 200 4820
INFO 2026-07-29 17:47:11,802 middleware Запит до /images/covers/Pride_and_prejudice.webp зайняв 0.0009 секунд.
INFO 2026-07-29 17:47:11,805 log "GET /images/covers/Pride_and_prejudice.webp HTTP/1.1" 200 120978
INFO 2026-07-29 17:47:14,832 middleware Запит до /shop/2/ зайняв 0.0146 секунд.
INFO 2026-07-29 17:47:14,833 log "GET /shop/2/ HTTP/1.1" 200 4842
INFO 2026-07-29 17:47:14,850 middleware Запит до /images/covers/The_Master_and_Margarita_.jpg зайняв 0.0007 секунд.
INFO 2026-07-29 17:47:14,852 log "GET /images/covers/The_Master_and_Margarita_.jpg HTTP/1.1" 200 23201
INFO 2026-07-29 17:47:35,952 middleware Запит до /shop/catalog/ зайняв 0.0150 секунд.
INFO 2026-07-29 17:47:35,952 log "GET /shop/catalog/ HTTP/1.1" 200 8599
INFO 2026-07-29 17:47:36,472 middleware Запит до /shop/ зайняв 0.0211 секунд.
INFO 2026-07-29 17:47:36,472 log "GET /shop/ HTTP/1.1" 200 11407
INFO 2026-07-29 17:47:37,616 middleware Запит до /shop/catalog/ зайняв 0.0156 секунд.
INFO 2026-07-29 17:47:37,617 log "GET /shop/catalog/ HTTP/1.1" 200 8599
INFO 2026-07-29 17:47:40,690 middleware Запит до /shop/13/ зайняв 0.0144 секунд.
INFO 2026-07-29 17:47:40,691 log "GET /shop/13/ HTTP/1.1" 200 5184
INFO 2026-07-29 17:47:40,708 middleware Запит до /images/covers/Frida_Kahlo_Id85I6s.jpg зайняв 0.0010 секунд.
INFO 2026-07-29 17:47:40,709 log "GET /images/covers/Frida_Kahlo_Id85I6s.jpg HTTP/1.1" 200 21128
INFO 2026-07-29 17:49:36,134 middleware Запит до /shop/catalog/ зайняв 0.0154 секунд.
INFO 2026-07-29 17:49:36,135 log "GET /shop/catalog/ HTTP/1.1" 200 8599
INFO 2026-07-29 17:49:38,221 middleware Запит до /shop/ зайняв 0.0041 секунд.
INFO 2026-07-29 17:49:38,222 log "GET /shop/ HTTP/1.1" 200 11407
INFO 2026-07-29 17:49:40,118 middleware Запит до /shop/catalog/ зайняв 0.0171 секунд.
INFO 2026-07-29 17:49:40,118 log "GET /shop/catalog/ HTTP/1.1" 200 8599
INFO 2026-07-29 17:49:41,015 middleware Запит до /shop/ зайняв 0.0047 секунд.
INFO 2026-07-29 17:49:41,016 log "GET /shop/ HTTP/1.1" 200 11407
INFO 2026-07-29 18:03:59,864 autoreload /app/bookstore_project/__init__.py changed, reloading.
INFO 2026-07-29 18:57:53,246 autoreload Watching for file changes with StatReloader
INFO 2026-07-29 18:57:54,039 autoreload Watching for file changes with StatReloader
INFO 2026-07-29 18:57:54,078 autoreload Watching for file changes with StatReloader
INFO 2026-07-29 18:59:11,488 middleware Запит до /shop/ зайняв 0.0307 секунд.
INFO 2026-07-29 18:59:11,490 log "GET /shop/ HTTP/1.1" 200 11407
INFO 2026-07-29 18:59:12,921 middleware Запит до /shop/catalog/ зайняв 0.0224 секунд.
INFO 2026-07-29 18:59:12,921 log "GET /shop/catalog/ HTTP/1.1" 200 8599
INFO 2026-07-29 18:59:13,550 middleware Запит до /shop/ зайняв 0.0042 секунд.
INFO 2026-07-29 18:59:13,551 log "GET /shop/ HTTP/1.1" 200 11407
INFO 2026-07-29 18:59:14,481 middleware Запит до /shop/catalog/ зайняв 0.0162 секунд.
INFO 2026-07-29 18:59:14,482 log "GET /shop/catalog/ HTTP/1.1" 200 8599
INFO 2026-07-29 18:59:16,502 middleware Запит до /shop/ зайняв 0.0037 секунд.
INFO 2026-07-29 18:59:16,503 log "GET /shop/ HTTP/1.1" 200 11407
INFO 2026-07-31 16:36:21,871 autoreload /app/bookstore_project/settings.py changed, reloading.
INFO 2026-07-31 16:36:21,871 autoreload /app/bookstore_project/settings.py changed, reloading.
INFO 2026-07-31 16:36:21,872 autoreload /app/bookstore_project/settings.py changed, reloading.
INFO 2026-07-31 16:36:22,488 autoreload Watching for file changes with StatReloader
INFO 2026-07-31 16:36:22,488 autoreload Watching for file changes with StatReloader
INFO 2026-07-31 16:36:22,492 autoreload Watching for file changes with StatReloader
INFO 2026-07-31 16:38:32,299 autoreload /app/bookstore_project/settings.py changed, reloading.
INFO 2026-07-31 16:38:32,302 autoreload /app/bookstore_project/settings.py changed, reloading.
INFO 2026-07-31 16:38:32,302 autoreload /app/bookstore_project/settings.py changed, reloading.
INFO 2026-07-31 16:38:32,860 autoreload Watching for file changes with StatReloader
INFO 2026-07-31 16:38:32,860 autoreload Watching for file changes with StatReloader
INFO 2026-07-31 16:38:32,881 autoreload Watching for file changes with StatReloader
INFO 2026-07-31 16:43:47,658 autoreload Watching for file changes with StatReloader
INFO 2026-07-31 16:43:48,424 autoreload Watching for file changes with StatReloader
INFO 2026-07-31 16:43:48,434 autoreload Watching for file changes with StatReloader
INFO 2026-07-31 16:49:00,035 autoreload /app/bookstore_project/settings.py changed, reloading.
INFO 2026-07-31 16:49:00,035 autoreload /app/bookstore_project/settings.py changed, reloading.
INFO 2026-07-31 16:49:00,253 autoreload /app/bookstore_project/settings.py changed, reloading.
INFO 2026-07-31 16:49:00,561 autoreload Watching for file changes with StatReloader
INFO 2026-07-31 16:49:00,569 autoreload Watching for file changes with StatReloader
INFO 2026-07-31 16:49:00,746 autoreload Watching for file changes with StatReloader
INFO 2026-07-31 16:50:50,509 autoreload Watching for file changes with StatReloader
INFO 2026-07-31 16:50:51,241 autoreload Watching for file changes with StatReloader
INFO 2026-07-31 16:50:51,262 autoreload Watching for file changes with StatReloader
INFO 2026-07-31 16:58:41,918 middleware Запит до /shop/catalog/ зайняв 0.0346 секунд.
INFO 2026-07-31 16:58:41,919 log "GET /shop/catalog/ HTTP/1.1" 200 8599
INFO 2026-07-31 16:58:42,441 middleware Запит до /shop/ зайняв 0.0232 секунд.
INFO 2026-07-31 16:58:42,441 log "GET /shop/ HTTP/1.1" 200 11407
INFO 2026-07-31 17:04:49,527 autoreload Watching for file changes with StatReloader
INFO 2026-07-31 17:04:50,190 autoreload Watching for file changes with StatReloader
INFO 2026-07-31 17:04:50,225 autoreload Watching for file changes with StatReloader
INFO 2026-07-31 17:18:07,566 autoreload Watching for file changes with StatReloader
INFO 2026-07-31 17:42:23,659 middleware Запит до /shop/ зайняв 0.0326 секунд.
INFO 2026-07-31 17:42:23,661 log "GET /shop/ HTTP/1.1" 200 11407
INFO 2026-07-31 17:59:45,899 autoreload /app/bookstore_project/settings.py changed, reloading.
INFO 2026-07-31 18:15:34,728 autoreload Watching for file changes with StatReloader
INFO 2026-07-31 18:16:08,184 middleware Запит до /shop/ зайняв 0.0316 секунд.
INFO 2026-07-31 18:16:08,188 log "GET /shop/ HTTP/1.1" 200 11407
INFO 2026-07-31 18:16:15,100 middleware Запит до /sentry-debug/ зайняв 0.0038 секунд.
WARNING 2026-07-31 18:16:15,101 log Not Found: /sentry-debug/
WARNING 2026-07-31 18:16:15,103 log "GET /sentry-debug/ HTTP/1.1" 404 4319
INFO 2026-07-31 18:16:15,142 middleware Запит до /favicon.ico зайняв 0.0024 секунд.
WARNING 2026-07-31 18:16:15,142 log Not Found: /favicon.ico
WARNING 2026-07-31 18:16:15,143 log "GET /favicon.ico HTTP/1.1" 404 4313
INFO 2026-07-31 18:17:02,030 autoreload /app/shop_app/urls.py changed, reloading.
INFO 2026-07-31 18:17:02,589 autoreload Watching for file changes with StatReloader
INFO 2026-07-31 18:17:16,877 middleware Запит до /sentry-debug/ зайняв 0.0037 секунд.
WARNING 2026-07-31 18:17:16,878 log Not Found: /sentry-debug/
WARNING 2026-07-31 18:17:16,880 log "GET /sentry-debug/ HTTP/1.1" 404 4319
ERROR 2026-07-31 18:18:49,508 log Internal Server Error: /shop/sentry-debug/
Traceback (most recent call last):
  File "/usr/local/lib/python3.12/site-packages/django/core/handlers/exception.py", line 55, in inner
    response = get_response(request)
               ^^^^^^^^^^^^^^^^^^^^^
  File "/usr/local/lib/python3.12/site-packages/django/core/handlers/base.py", line 198, in _get_response
    response = wrapped_callback(request, *callback_args, **callback_kwargs)
               ^^^^^^^^^^^^^^^^^^^^^^^^^^^^^^^^^^^^^^^^^^^^^^^^^^^^^^^^^^^^
  File "/usr/local/lib/python3.12/site-packages/sentry_sdk/integrations/django/views.py", line 110, in sentry_wrapped_callback
    return callback(request, *args, **kwargs)
           ^^^^^^^^^^^^^^^^^^^^^^^^^^^^^^^^^^
  File "/app/shop_app/views.py", line 295, in trigger_error
    division_by_zero = 1 / 0
                       ~~^~~
ZeroDivisionError: division by zero
INFO 2026-07-31 18:18:49,509 middleware Запит до /shop/sentry-debug/ зайняв 0.0183 секунд.
ERROR 2026-07-31 18:18:49,511 log "GET /shop/sentry-debug/ HTTP/1.1" 500 66661
INFO 2026-07-31 18:20:40,996 middleware Запит до /shop/catalog/ зайняв 0.0299 секунд.
INFO 2026-07-31 18:20:40,999 log "GET /shop/catalog/ HTTP/1.1" 200 8599
INFO 2026-07-31 18:20:41,550 middleware Запит до /shop/ зайняв 0.0044 секунд.
INFO 2026-07-31 18:20:41,552 log "GET /shop/ HTTP/1.1" 200 11407
INFO 2026-08-01 13:28:52,676 middleware Запит до / зайняв 0.0001 секунд.
INFO 2026-08-01 13:28:52,709 middleware Запит до /shop/ зайняв 0.0302 секунд.
INFO 2026-08-01 13:28:53,295 middleware Запит до /favicon.ico зайняв 0.0025 секунд.
WARNING 2026-08-01 13:28:53,296 log Not Found: /favicon.ico
INFO 2026-08-01 13:28:56,792 middleware Запит до /shop/catalog/ зайняв 0.0249 секунд.
INFO 2026-08-01 13:28:57,453 middleware Запит до /shop/ зайняв 0.0104 секунд.
INFO 2026-08-01 13:28:58,234 middleware Запит до /shop/catalog/ зайняв 0.0173 секунд.
INFO 2026-08-01 13:28:59,563 middleware Запит до /shop/ зайняв 0.0060 секунд.
INFO 2026-08-01 13:29:36,829 middleware Запит до /admin/ зайняв 0.0017 секунд.
INFO 2026-08-01 13:29:36,839 middleware Запит до /admin/login/ зайняв 0.0068 секунд.
INFO 2026-08-01 13:30:08,518 middleware Запит до /admin/login/ зайняв 0.2053 секунд.
INFO 2026-08-01 13:30:08,551 middleware Запит до /admin/ зайняв 0.0256 секунд.
INFO 2026-08-01 13:30:11,947 middleware Запит до /admin/shop_app/book/ зайняв 0.0535 секунд.
INFO 2026-08-01 13:30:11,973 middleware Запит до /admin/jsi18n/ зайняв 0.0132 секунд.
INFO 2026-08-01 13:30:13,784 middleware Запит до /admin/shop_app/book/28/change/ зайняв 0.0570 секунд.
INFO 2026-08-01 13:30:13,812 middleware Запит до /admin/jsi18n/ зайняв 0.0102 секунд.
INFO 2026-08-01 13:30:14,962 middleware Запит до /admin/shop_app/book/ зайняв 0.0614 секунд.
INFO 2026-08-01 13:30:15,440 middleware Запит до /admin/ зайняв 0.0170 секунд.
INFO 2026-08-01 13:30:16,529 middleware Запит до /admin/shop_app/category/ зайняв 0.0205 секунд.
INFO 2026-08-01 13:30:16,547 middleware Запит до /admin/jsi18n/ зайняв 0.0085 секунд.
INFO 2026-08-01 13:30:17,701 middleware Запит до /admin/ зайняв 0.0156 секунд.
INFO 2026-08-01 13:30:18,786 middleware Запит до /admin/auth/group/ зайняв 0.0261 секунд.
INFO 2026-08-01 13:30:18,805 middleware Запит до /admin/jsi18n/ зайняв 0.0073 секунд.
INFO 2026-08-01 13:30:19,460 middleware Запит до /admin/ зайняв 0.0148 секунд.
ERROR 2026-08-01 13:33:53,937 log Internal Server Error: /shop/
Traceback (most recent call last):
  File "/usr/local/lib/python3.12/site-packages/django/contrib/sessions/backends/base.py", line 246, in _get_session
    return self._session_cache
           ^^^^^^^^^^^^^^^^^^^
AttributeError: 'SessionStore' object has no attribute '_session_cache'

During handling of the above exception, another exception occurred:

Traceback (most recent call last):
  File "/usr/local/lib/python3.12/site-packages/django/core/handlers/exception.py", line 55, in inner
    response = get_response(request)
               ^^^^^^^^^^^^^^^^^^^^^
  File "/usr/local/lib/python3.12/site-packages/django/core/handlers/base.py", line 198, in _get_response
    response = wrapped_callback(request, *callback_args, **callback_kwargs)
               ^^^^^^^^^^^^^^^^^^^^^^^^^^^^^^^^^^^^^^^^^^^^^^^^^^^^^^^^^^^^
  File "/usr/local/lib/python3.12/site-packages/asgiref/sync.py", line 325, in __call__
    return call_result.result()
           ^^^^^^^^^^^^^^^^^^^^
  File "/usr/local/lib/python3.12/concurrent/futures/_base.py", line 449, in result
    return self.__get_result()
           ^^^^^^^^^^^^^^^^^^^
  File "/usr/local/lib/python3.12/concurrent/futures/_base.py", line 401, in __get_result
    raise self._exception
  File "/usr/local/lib/python3.12/site-packages/asgiref/sync.py", line 365, in main_wrap
    result = await awaitable
             ^^^^^^^^^^^^^^^
  File "/usr/local/lib/python3.12/site-packages/sentry_sdk/integrations/django/asgi.py", line 191, in sentry_wrapped_callback
    return await callback(request, *args, **kwargs)
           ^^^^^^^^^^^^^^^^^^^^^^^^^^^^^^^^^^^^^^^^
  File "/app/shop_app/views.py", line 99, in store
    return render(request, 'shop_app/store.html', context)
           ^^^^^^^^^^^^^^^^^^^^^^^^^^^^^^^^^^^^^^^^^^^^^^^
  File "/usr/local/lib/python3.12/site-packages/sentry_sdk/utils.py", line 1886, in runner
    return sentry_patched_function(*args, **kwargs)
           ^^^^^^^^^^^^^^^^^^^^^^^^^^^^^^^^^^^^^^^^
  File "/usr/local/lib/python3.12/site-packages/sentry_sdk/integrations/django/templates.py", line 131, in render
    return real_render(request, template_name, context, *args, **kwargs)
           ^^^^^^^^^^^^^^^^^^^^^^^^^^^^^^^^^^^^^^^^^^^^^^^^^^^^^^^^^^^^^
  File "/usr/local/lib/python3.12/site-packages/django/shortcuts.py", line 25, in render
    content = loader.render_to_string(template_name, context, request, using=using)
              ^^^^^^^^^^^^^^^^^^^^^^^^^^^^^^^^^^^^^^^^^^^^^^^^^^^^^^^^^^^^^^^^^^^^^
  File "/usr/local/lib/python3.12/site-packages/django/template/loader.py", line 62, in render_to_string
    return template.render(context, request)
           ^^^^^^^^^^^^^^^^^^^^^^^^^^^^^^^^^
  File "/usr/local/lib/python3.12/site-packages/django/template/backends/django.py", line 107, in render
    return self.template.render(context)
           ^^^^^^^^^^^^^^^^^^^^^^^^^^^^^
  File "/usr/local/lib/python3.12/site-packages/django/template/base.py", line 174, in render
    return self._render(context)
           ^^^^^^^^^^^^^^^^^^^^^
  File "/usr/local/lib/python3.12/site-packages/django/test/utils.py", line 114, in instrumented_test_render
    return self.nodelist.render(context)
           ^^^^^^^^^^^^^^^^^^^^^^^^^^^^^
  File "/usr/local/lib/python3.12/site-packages/django/template/base.py", line 1091, in render
    return SafeString("".join([node.render_annotated(context) for node in self]))
                               ^^^^^^^^^^^^^^^^^^^^^^^^^^^^^^
  File "/usr/local/lib/python3.12/site-packages/django/template/base.py", line 1052, in render_annotated
    return self.render(context)
           ^^^^^^^^^^^^^^^^^^^^
  File "/usr/local/lib/python3.12/site-packages/django/template/loader_tags.py", line 160, in render
    return compiled_parent._render(context)
           ^^^^^^^^^^^^^^^^^^^^^^^^^^^^^^^^
  File "/usr/local/lib/python3.12/site-packages/django/test/utils.py", line 114, in instrumented_test_render
    return self.nodelist.render(context)
           ^^^^^^^^^^^^^^^^^^^^^^^^^^^^^
  File "/usr/local/lib/python3.12/site-packages/django/template/base.py", line 1091, in render
    return SafeString("".join([node.render_annotated(context) for node in self]))
                               ^^^^^^^^^^^^^^^^^^^^^^^^^^^^^^
  File "/usr/local/lib/python3.12/site-packages/django/template/base.py", line 1052, in render_annotated
    return self.render(context)
           ^^^^^^^^^^^^^^^^^^^^
  File "/usr/local/lib/python3.12/site-packages/django/template/defaulttags.py", line 326, in render
    match = condition.eval(context)
            ^^^^^^^^^^^^^^^^^^^^^^^
  File "/usr/local/lib/python3.12/site-packages/django/template/defaulttags.py", line 918, in eval
    return self.value.resolve(context, ignore_failures=True)
           ^^^^^^^^^^^^^^^^^^^^^^^^^^^^^^^^^^^^^^^^^^^^^^^^^
  File "/usr/local/lib/python3.12/site-packages/django/template/base.py", line 788, in resolve
    obj = self.var.resolve(context)
          ^^^^^^^^^^^^^^^^^^^^^^^^^
  File "/usr/local/lib/python3.12/site-packages/django/template/base.py", line 928, in resolve
    value = self._resolve_lookup(context)
            ^^^^^^^^^^^^^^^^^^^^^^^^^^^^^
  File "/usr/local/lib/python3.12/site-packages/django/template/base.py", line 965, in _resolve_lookup
    current = current[bit]
              ~~~~~~~^^^^^
  File "/usr/local/lib/python3.12/site-packages/django/utils/functional.py", line 251, in inner
    self._setup()
  File "/usr/local/lib/python3.12/site-packages/django/utils/functional.py", line 404, in _setup
    self._wrapped = self._setupfunc()
                    ^^^^^^^^^^^^^^^^^
  File "/usr/local/lib/python3.12/site-packages/django/contrib/auth/middleware.py", line 40, in <lambda>
    request.user = SimpleLazyObject(lambda: get_user(request))
                                            ^^^^^^^^^^^^^^^^^
  File "/usr/local/lib/python3.12/site-packages/django/contrib/auth/middleware.py", line 20, in get_user
    request._cached_user = auth.get_user(request)
                           ^^^^^^^^^^^^^^^^^^^^^^
  File "/usr/local/lib/python3.12/site-packages/django/contrib/auth/__init__.py", line 321, in get_user
    user_id = _get_user_session_key(request)
              ^^^^^^^^^^^^^^^^^^^^^^^^^^^^^^
  File "/usr/local/lib/python3.12/site-packages/django/contrib/auth/__init__.py", line 95, in _get_user_session_key
    return get_user_model()._meta.pk.to_python(request.session[SESSION_KEY])
                                               ~~~~~~~~~~~~~~~^^^^^^^^^^^^^
  File "/usr/local/lib/python3.12/site-packages/django/contrib/sessions/backends/base.py", line 55, in __getitem__
    return self._session[key]
           ^^^^^^^^^^^^^
  File "/usr/local/lib/python3.12/site-packages/django/contrib/sessions/backends/base.py", line 251, in _get_session
    self._session_cache = self.load()
                          ^^^^^^^^^^^
  File "/usr/local/lib/python3.12/site-packages/django/contrib/sessions/backends/db.py", line 55, in load
    s = self._get_session_from_db()
        ^^^^^^^^^^^^^^^^^^^^^^^^^^^
  File "/usr/local/lib/python3.12/site-packages/django/contrib/sessions/backends/db.py", line 34, in _get_session_from_db
    return self.model.objects.get(
           ^^^^^^^^^^^^^^^^^^^^^^^
  File "/usr/local/lib/python3.12/site-packages/django/db/models/manager.py", line 87, in manager_method
    return getattr(self.get_queryset(), name)(*args, **kwargs)
           ^^^^^^^^^^^^^^^^^^^^^^^^^^^^^^^^^^^^^^^^^^^^^^^^^^^
  File "/usr/local/lib/python3.12/site-packages/django/db/models/query.py", line 635, in get
    num = len(clone)
          ^^^^^^^^^^
  File "/usr/local/lib/python3.12/site-packages/django/db/models/query.py", line 372, in __len__
    self._fetch_all()
  File "/usr/local/lib/python3.12/site-packages/django/db/models/query.py", line 2000, in _fetch_all
    self._result_cache = list(self._iterable_class(self))
                         ^^^^^^^^^^^^^^^^^^^^^^^^^^^^^^^^
  File "/usr/local/lib/python3.12/site-packages/django/db/models/query.py", line 95, in __iter__
    results = compiler.execute_sql(
              ^^^^^^^^^^^^^^^^^^^^^
  File "/usr/local/lib/python3.12/site-packages/django/db/models/sql/compiler.py", line 1622, in execute_sql
    cursor = self.connection.cursor()
             ^^^^^^^^^^^^^^^^^^^^^^^^
  File "/usr/local/lib/python3.12/site-packages/django/utils/asyncio.py", line 24, in inner
    raise SynchronousOnlyOperation(message)
django.core.exceptions.SynchronousOnlyOperation: You cannot call this from an async context - use a thread or sync_to_async.
INFO 2026-08-01 13:33:53,940 middleware Запит до /shop/ зайняв 0.0580 секунд.
INFO 2026-08-01 13:34:20,814 middleware Запит до /shop/catalog/ зайняв 0.0247 секунд.
INFO 2026-08-01 13:34:22,166 middleware Запит до /shop/catalog/ зайняв 0.0261 секунд.
ERROR 2026-08-01 13:34:23,264 log Internal Server Error: /shop/
Traceback (most recent call last):
  File "/usr/local/lib/python3.12/site-packages/django/contrib/sessions/backends/base.py", line 246, in _get_session
    return self._session_cache
           ^^^^^^^^^^^^^^^^^^^
AttributeError: 'SessionStore' object has no attribute '_session_cache'

During handling of the above exception, another exception occurred:

Traceback (most recent call last):
  File "/usr/local/lib/python3.12/site-packages/django/core/handlers/exception.py", line 55, in inner
    response = get_response(request)
               ^^^^^^^^^^^^^^^^^^^^^
  File "/usr/local/lib/python3.12/site-packages/django/core/handlers/base.py", line 198, in _get_response
    response = wrapped_callback(request, *callback_args, **callback_kwargs)
               ^^^^^^^^^^^^^^^^^^^^^^^^^^^^^^^^^^^^^^^^^^^^^^^^^^^^^^^^^^^^
  File "/usr/local/lib/python3.12/site-packages/asgiref/sync.py", line 325, in __call__
    return call_result.result()
           ^^^^^^^^^^^^^^^^^^^^
  File "/usr/local/lib/python3.12/concurrent/futures/_base.py", line 449, in result
    return self.__get_result()
           ^^^^^^^^^^^^^^^^^^^
  File "/usr/local/lib/python3.12/concurrent/futures/_base.py", line 401, in __get_result
    raise self._exception
  File "/usr/local/lib/python3.12/site-packages/asgiref/sync.py", line 365, in main_wrap
    result = await awaitable
             ^^^^^^^^^^^^^^^
  File "/usr/local/lib/python3.12/site-packages/sentry_sdk/integrations/django/asgi.py", line 191, in sentry_wrapped_callback
    return await callback(request, *args, **kwargs)
           ^^^^^^^^^^^^^^^^^^^^^^^^^^^^^^^^^^^^^^^^
  File "/app/shop_app/views.py", line 99, in store
    return render(request, 'shop_app/store.html', context)
           ^^^^^^^^^^^^^^^^^^^^^^^^^^^^^^^^^^^^^^^^^^^^^^^
  File "/usr/local/lib/python3.12/site-packages/sentry_sdk/utils.py", line 1886, in runner
    return sentry_patched_function(*args, **kwargs)
           ^^^^^^^^^^^^^^^^^^^^^^^^^^^^^^^^^^^^^^^^
  File "/usr/local/lib/python3.12/site-packages/sentry_sdk/integrations/django/templates.py", line 131, in render
    return real_render(request, template_name, context, *args, **kwargs)
           ^^^^^^^^^^^^^^^^^^^^^^^^^^^^^^^^^^^^^^^^^^^^^^^^^^^^^^^^^^^^^
  File "/usr/local/lib/python3.12/site-packages/django/shortcuts.py", line 25, in render
    content = loader.render_to_string(template_name, context, request, using=using)
              ^^^^^^^^^^^^^^^^^^^^^^^^^^^^^^^^^^^^^^^^^^^^^^^^^^^^^^^^^^^^^^^^^^^^^
  File "/usr/local/lib/python3.12/site-packages/django/template/loader.py", line 62, in render_to_string
    return template.render(context, request)
           ^^^^^^^^^^^^^^^^^^^^^^^^^^^^^^^^^
  File "/usr/local/lib/python3.12/site-packages/django/template/backends/django.py", line 107, in render
    return self.template.render(context)
           ^^^^^^^^^^^^^^^^^^^^^^^^^^^^^
  File "/usr/local/lib/python3.12/site-packages/django/template/base.py", line 174, in render
    return self._render(context)
           ^^^^^^^^^^^^^^^^^^^^^
  File "/usr/local/lib/python3.12/site-packages/django/test/utils.py", line 114, in instrumented_test_render
    return self.nodelist.render(context)
           ^^^^^^^^^^^^^^^^^^^^^^^^^^^^^
  File "/usr/local/lib/python3.12/site-packages/django/template/base.py", line 1091, in render
    return SafeString("".join([node.render_annotated(context) for node in self]))
                               ^^^^^^^^^^^^^^^^^^^^^^^^^^^^^^
  File "/usr/local/lib/python3.12/site-packages/django/template/base.py", line 1052, in render_annotated
    return self.render(context)
           ^^^^^^^^^^^^^^^^^^^^
  File "/usr/local/lib/python3.12/site-packages/django/template/loader_tags.py", line 160, in render
    return compiled_parent._render(context)
           ^^^^^^^^^^^^^^^^^^^^^^^^^^^^^^^^
  File "/usr/local/lib/python3.12/site-packages/django/test/utils.py", line 114, in instrumented_test_render
    return self.nodelist.render(context)
           ^^^^^^^^^^^^^^^^^^^^^^^^^^^^^
  File "/usr/local/lib/python3.12/site-packages/django/template/base.py", line 1091, in render
    return SafeString("".join([node.render_annotated(context) for node in self]))
                               ^^^^^^^^^^^^^^^^^^^^^^^^^^^^^^
  File "/usr/local/lib/python3.12/site-packages/django/template/base.py", line 1052, in render_annotated
    return self.render(context)
           ^^^^^^^^^^^^^^^^^^^^
  File "/usr/local/lib/python3.12/site-packages/django/template/defaulttags.py", line 326, in render
    match = condition.eval(context)
            ^^^^^^^^^^^^^^^^^^^^^^^
  File "/usr/local/lib/python3.12/site-packages/django/template/defaulttags.py", line 918, in eval
    return self.value.resolve(context, ignore_failures=True)
           ^^^^^^^^^^^^^^^^^^^^^^^^^^^^^^^^^^^^^^^^^^^^^^^^^
  File "/usr/local/lib/python3.12/site-packages/django/template/base.py", line 788, in resolve
    obj = self.var.resolve(context)
          ^^^^^^^^^^^^^^^^^^^^^^^^^
  File "/usr/local/lib/python3.12/site-packages/django/template/base.py", line 928, in resolve
    value = self._resolve_lookup(context)
            ^^^^^^^^^^^^^^^^^^^^^^^^^^^^^
  File "/usr/local/lib/python3.12/site-packages/django/template/base.py", line 965, in _resolve_lookup
    current = current[bit]
              ~~~~~~~^^^^^
  File "/usr/local/lib/python3.12/site-packages/django/utils/functional.py", line 251, in inner
    self._setup()
  File "/usr/local/lib/python3.12/site-packages/django/utils/functional.py", line 404, in _setup
    self._wrapped = self._setupfunc()
                    ^^^^^^^^^^^^^^^^^
  File "/usr/local/lib/python3.12/site-packages/django/contrib/auth/middleware.py", line 40, in <lambda>
    request.user = SimpleLazyObject(lambda: get_user(request))
                                            ^^^^^^^^^^^^^^^^^
  File "/usr/local/lib/python3.12/site-packages/django/contrib/auth/middleware.py", line 20, in get_user
    request._cached_user = auth.get_user(request)
                           ^^^^^^^^^^^^^^^^^^^^^^
  File "/usr/local/lib/python3.12/site-packages/django/contrib/auth/__init__.py", line 321, in get_user
    user_id = _get_user_session_key(request)
              ^^^^^^^^^^^^^^^^^^^^^^^^^^^^^^
  File "/usr/local/lib/python3.12/site-packages/django/contrib/auth/__init__.py", line 95, in _get_user_session_key
    return get_user_model()._meta.pk.to_python(request.session[SESSION_KEY])
                                               ~~~~~~~~~~~~~~~^^^^^^^^^^^^^
  File "/usr/local/lib/python3.12/site-packages/django/contrib/sessions/backends/base.py", line 55, in __getitem__
    return self._session[key]
           ^^^^^^^^^^^^^
  File "/usr/local/lib/python3.12/site-packages/django/contrib/sessions/backends/base.py", line 251, in _get_session
    self._session_cache = self.load()
                          ^^^^^^^^^^^
  File "/usr/local/lib/python3.12/site-packages/django/contrib/sessions/backends/db.py", line 55, in load
    s = self._get_session_from_db()
        ^^^^^^^^^^^^^^^^^^^^^^^^^^^
  File "/usr/local/lib/python3.12/site-packages/django/contrib/sessions/backends/db.py", line 34, in _get_session_from_db
    return self.model.objects.get(
           ^^^^^^^^^^^^^^^^^^^^^^^
  File "/usr/local/lib/python3.12/site-packages/django/db/models/manager.py", line 87, in manager_method
    return getattr(self.get_queryset(), name)(*args, **kwargs)
           ^^^^^^^^^^^^^^^^^^^^^^^^^^^^^^^^^^^^^^^^^^^^^^^^^^^
  File "/usr/local/lib/python3.12/site-packages/django/db/models/query.py", line 635, in get
    num = len(clone)
          ^^^^^^^^^^
  File "/usr/local/lib/python3.12/site-packages/django/db/models/query.py", line 372, in __len__
    self._fetch_all()
  File "/usr/local/lib/python3.12/site-packages/django/db/models/query.py", line 2000, in _fetch_all
    self._result_cache = list(self._iterable_class(self))
                         ^^^^^^^^^^^^^^^^^^^^^^^^^^^^^^^^
  File "/usr/local/lib/python3.12/site-packages/django/db/models/query.py", line 95, in __iter__
    results = compiler.execute_sql(
              ^^^^^^^^^^^^^^^^^^^^^
  File "/usr/local/lib/python3.12/site-packages/django/db/models/sql/compiler.py", line 1622, in execute_sql
    cursor = self.connection.cursor()
             ^^^^^^^^^^^^^^^^^^^^^^^^
  File "/usr/local/lib/python3.12/site-packages/django/utils/asyncio.py", line 24, in inner
    raise SynchronousOnlyOperation(message)
django.core.exceptions.SynchronousOnlyOperation: You cannot call this from an async context - use a thread or sync_to_async.
INFO 2026-08-01 13:34:23,267 middleware Запит до /shop/ зайняв 0.0616 секунд.
INFO 2026-08-01 13:34:26,264 middleware Запит до /shop/catalog/ зайняв 0.0230 секунд.
INFO 2026-08-01 13:34:27,194 middleware Запит до /shop/catalog/ зайняв 0.0208 секунд.
ERROR 2026-08-01 13:34:28,300 log Internal Server Error: /shop/
Traceback (most recent call last):
  File "/usr/local/lib/python3.12/site-packages/django/contrib/sessions/backends/base.py", line 246, in _get_session
    return self._session_cache
           ^^^^^^^^^^^^^^^^^^^
AttributeError: 'SessionStore' object has no attribute '_session_cache'

During handling of the above exception, another exception occurred:

Traceback (most recent call last):
  File "/usr/local/lib/python3.12/site-packages/django/core/handlers/exception.py", line 55, in inner
    response = get_response(request)
               ^^^^^^^^^^^^^^^^^^^^^
  File "/usr/local/lib/python3.12/site-packages/django/core/handlers/base.py", line 198, in _get_response
    response = wrapped_callback(request, *callback_args, **callback_kwargs)
               ^^^^^^^^^^^^^^^^^^^^^^^^^^^^^^^^^^^^^^^^^^^^^^^^^^^^^^^^^^^^
  File "/usr/local/lib/python3.12/site-packages/asgiref/sync.py", line 325, in __call__
    return call_result.result()
           ^^^^^^^^^^^^^^^^^^^^
  File "/usr/local/lib/python3.12/concurrent/futures/_base.py", line 449, in result
    return self.__get_result()
           ^^^^^^^^^^^^^^^^^^^
  File "/usr/local/lib/python3.12/concurrent/futures/_base.py", line 401, in __get_result
    raise self._exception
  File "/usr/local/lib/python3.12/site-packages/asgiref/sync.py", line 365, in main_wrap
    result = await awaitable
             ^^^^^^^^^^^^^^^
  File "/usr/local/lib/python3.12/site-packages/sentry_sdk/integrations/django/asgi.py", line 191, in sentry_wrapped_callback
    return await callback(request, *args, **kwargs)
           ^^^^^^^^^^^^^^^^^^^^^^^^^^^^^^^^^^^^^^^^
  File "/app/shop_app/views.py", line 99, in store
    return render(request, 'shop_app/store.html', context)
           ^^^^^^^^^^^^^^^^^^^^^^^^^^^^^^^^^^^^^^^^^^^^^^^
  File "/usr/local/lib/python3.12/site-packages/sentry_sdk/utils.py", line 1886, in runner
    return sentry_patched_function(*args, **kwargs)
           ^^^^^^^^^^^^^^^^^^^^^^^^^^^^^^^^^^^^^^^^
  File "/usr/local/lib/python3.12/site-packages/sentry_sdk/integrations/django/templates.py", line 131, in render
    return real_render(request, template_name, context, *args, **kwargs)
           ^^^^^^^^^^^^^^^^^^^^^^^^^^^^^^^^^^^^^^^^^^^^^^^^^^^^^^^^^^^^^
  File "/usr/local/lib/python3.12/site-packages/django/shortcuts.py", line 25, in render
    content = loader.render_to_string(template_name, context, request, using=using)
              ^^^^^^^^^^^^^^^^^^^^^^^^^^^^^^^^^^^^^^^^^^^^^^^^^^^^^^^^^^^^^^^^^^^^^
  File "/usr/local/lib/python3.12/site-packages/django/template/loader.py", line 62, in render_to_string
    return template.render(context, request)
           ^^^^^^^^^^^^^^^^^^^^^^^^^^^^^^^^^
  File "/usr/local/lib/python3.12/site-packages/django/template/backends/django.py", line 107, in render
    return self.template.render(context)
           ^^^^^^^^^^^^^^^^^^^^^^^^^^^^^
  File "/usr/local/lib/python3.12/site-packages/django/template/base.py", line 174, in render
    return self._render(context)
           ^^^^^^^^^^^^^^^^^^^^^
  File "/usr/local/lib/python3.12/site-packages/django/test/utils.py", line 114, in instrumented_test_render
    return self.nodelist.render(context)
           ^^^^^^^^^^^^^^^^^^^^^^^^^^^^^
  File "/usr/local/lib/python3.12/site-packages/django/template/base.py", line 1091, in render
    return SafeString("".join([node.render_annotated(context) for node in self]))
                               ^^^^^^^^^^^^^^^^^^^^^^^^^^^^^^
  File "/usr/local/lib/python3.12/site-packages/django/template/base.py", line 1052, in render_annotated
    return self.render(context)
           ^^^^^^^^^^^^^^^^^^^^
  File "/usr/local/lib/python3.12/site-packages/django/template/loader_tags.py", line 160, in render
    return compiled_parent._render(context)
           ^^^^^^^^^^^^^^^^^^^^^^^^^^^^^^^^
  File "/usr/local/lib/python3.12/site-packages/django/test/utils.py", line 114, in instrumented_test_render
    return self.nodelist.render(context)
           ^^^^^^^^^^^^^^^^^^^^^^^^^^^^^
  File "/usr/local/lib/python3.12/site-packages/django/template/base.py", line 1091, in render
    return SafeString("".join([node.render_annotated(context) for node in self]))
                               ^^^^^^^^^^^^^^^^^^^^^^^^^^^^^^
  File "/usr/local/lib/python3.12/site-packages/django/template/base.py", line 1052, in render_annotated
    return self.render(context)
           ^^^^^^^^^^^^^^^^^^^^
  File "/usr/local/lib/python3.12/site-packages/django/template/defaulttags.py", line 326, in render
    match = condition.eval(context)
            ^^^^^^^^^^^^^^^^^^^^^^^
  File "/usr/local/lib/python3.12/site-packages/django/template/defaulttags.py", line 918, in eval
    return self.value.resolve(context, ignore_failures=True)
           ^^^^^^^^^^^^^^^^^^^^^^^^^^^^^^^^^^^^^^^^^^^^^^^^^
  File "/usr/local/lib/python3.12/site-packages/django/template/base.py", line 788, in resolve
    obj = self.var.resolve(context)
          ^^^^^^^^^^^^^^^^^^^^^^^^^
  File "/usr/local/lib/python3.12/site-packages/django/template/base.py", line 928, in resolve
    value = self._resolve_lookup(context)
            ^^^^^^^^^^^^^^^^^^^^^^^^^^^^^
  File "/usr/local/lib/python3.12/site-packages/django/template/base.py", line 965, in _resolve_lookup
    current = current[bit]
              ~~~~~~~^^^^^
  File "/usr/local/lib/python3.12/site-packages/django/utils/functional.py", line 251, in inner
    self._setup()
  File "/usr/local/lib/python3.12/site-packages/django/utils/functional.py", line 404, in _setup
    self._wrapped = self._setupfunc()
                    ^^^^^^^^^^^^^^^^^
  File "/usr/local/lib/python3.12/site-packages/django/contrib/auth/middleware.py", line 40, in <lambda>
    request.user = SimpleLazyObject(lambda: get_user(request))
                                            ^^^^^^^^^^^^^^^^^
  File "/usr/local/lib/python3.12/site-packages/django/contrib/auth/middleware.py", line 20, in get_user
    request._cached_user = auth.get_user(request)
                           ^^^^^^^^^^^^^^^^^^^^^^
  File "/usr/local/lib/python3.12/site-packages/django/contrib/auth/__init__.py", line 321, in get_user
    user_id = _get_user_session_key(request)
              ^^^^^^^^^^^^^^^^^^^^^^^^^^^^^^
  File "/usr/local/lib/python3.12/site-packages/django/contrib/auth/__init__.py", line 95, in _get_user_session_key
    return get_user_model()._meta.pk.to_python(request.session[SESSION_KEY])
                                               ~~~~~~~~~~~~~~~^^^^^^^^^^^^^
  File "/usr/local/lib/python3.12/site-packages/django/contrib/sessions/backends/base.py", line 55, in __getitem__
    return self._session[key]
           ^^^^^^^^^^^^^
  File "/usr/local/lib/python3.12/site-packages/django/contrib/sessions/backends/base.py", line 251, in _get_session
    self._session_cache = self.load()
                          ^^^^^^^^^^^
  File "/usr/local/lib/python3.12/site-packages/django/contrib/sessions/backends/db.py", line 55, in load
    s = self._get_session_from_db()
        ^^^^^^^^^^^^^^^^^^^^^^^^^^^
  File "/usr/local/lib/python3.12/site-packages/django/contrib/sessions/backends/db.py", line 34, in _get_session_from_db
    return self.model.objects.get(
           ^^^^^^^^^^^^^^^^^^^^^^^
  File "/usr/local/lib/python3.12/site-packages/django/db/models/manager.py", line 87, in manager_method
    return getattr(self.get_queryset(), name)(*args, **kwargs)
           ^^^^^^^^^^^^^^^^^^^^^^^^^^^^^^^^^^^^^^^^^^^^^^^^^^^
  File "/usr/local/lib/python3.12/site-packages/django/db/models/query.py", line 635, in get
    num = len(clone)
          ^^^^^^^^^^
  File "/usr/local/lib/python3.12/site-packages/django/db/models/query.py", line 372, in __len__
    self._fetch_all()
  File "/usr/local/lib/python3.12/site-packages/django/db/models/query.py", line 2000, in _fetch_all
    self._result_cache = list(self._iterable_class(self))
                         ^^^^^^^^^^^^^^^^^^^^^^^^^^^^^^^^
  File "/usr/local/lib/python3.12/site-packages/django/db/models/query.py", line 95, in __iter__
    results = compiler.execute_sql(
              ^^^^^^^^^^^^^^^^^^^^^
  File "/usr/local/lib/python3.12/site-packages/django/db/models/sql/compiler.py", line 1622, in execute_sql
    cursor = self.connection.cursor()
             ^^^^^^^^^^^^^^^^^^^^^^^^
  File "/usr/local/lib/python3.12/site-packages/django/utils/asyncio.py", line 24, in inner
    raise SynchronousOnlyOperation(message)
django.core.exceptions.SynchronousOnlyOperation: You cannot call this from an async context - use a thread or sync_to_async.
INFO 2026-08-01 13:34:28,302 middleware Запит до /shop/ зайняв 0.0549 секунд.
INFO 2026-08-01 13:34:35,721 middleware Запит до /shop/book/create/ зайняв 0.0244 секунд.
INFO 2026-08-01 13:34:36,867 middleware Запит до /shop/catalog/ зайняв 0.0203 секунд.
INFO 2026-08-01 13:34:38,412 middleware Запит до /shop/catalog/ зайняв 0.0223 секунд.
INFO 2026-08-01 13:34:39,803 middleware Запит до /shop/14/ зайняв 0.0266 секунд.
INFO 2026-08-01 13:34:39,827 middleware Запит до /images/covers/game_of_thrones.jpg зайняв 0.0018 секунд.
INFO 2026-08-01 13:34:41,344 middleware Запит до /shop/3/ зайняв 0.0214 секунд.
INFO 2026-08-01 13:34:41,361 middleware Запит до /images/covers/Charlie_and_the_Chocolate_Factory.jpg зайняв 0.0013 секунд.
INFO 2026-08-01 13:34:42,545 middleware Запит до /shop/catalog/ зайняв 0.0231 секунд.
INFO 2026-08-01 13:35:17,589 middleware Запит до /shop/catalog/ зайняв 0.0224 секунд.
ERROR 2026-08-01 13:35:18,244 log Internal Server Error: /shop/
Traceback (most recent call last):
  File "/usr/local/lib/python3.12/site-packages/django/contrib/sessions/backends/base.py", line 246, in _get_session
    return self._session_cache
           ^^^^^^^^^^^^^^^^^^^
AttributeError: 'SessionStore' object has no attribute '_session_cache'

During handling of the above exception, another exception occurred:

Traceback (most recent call last):
  File "/usr/local/lib/python3.12/site-packages/django/core/handlers/exception.py", line 55, in inner
    response = get_response(request)
               ^^^^^^^^^^^^^^^^^^^^^
  File "/usr/local/lib/python3.12/site-packages/django/core/handlers/base.py", line 198, in _get_response
    response = wrapped_callback(request, *callback_args, **callback_kwargs)
               ^^^^^^^^^^^^^^^^^^^^^^^^^^^^^^^^^^^^^^^^^^^^^^^^^^^^^^^^^^^^
  File "/usr/local/lib/python3.12/site-packages/asgiref/sync.py", line 325, in __call__
    return call_result.result()
           ^^^^^^^^^^^^^^^^^^^^
  File "/usr/local/lib/python3.12/concurrent/futures/_base.py", line 449, in result
    return self.__get_result()
           ^^^^^^^^^^^^^^^^^^^
  File "/usr/local/lib/python3.12/concurrent/futures/_base.py", line 401, in __get_result
    raise self._exception
  File "/usr/local/lib/python3.12/site-packages/asgiref/sync.py", line 365, in main_wrap
    result = await awaitable
             ^^^^^^^^^^^^^^^
  File "/usr/local/lib/python3.12/site-packages/sentry_sdk/integrations/django/asgi.py", line 191, in sentry_wrapped_callback
    return await callback(request, *args, **kwargs)
           ^^^^^^^^^^^^^^^^^^^^^^^^^^^^^^^^^^^^^^^^
  File "/app/shop_app/views.py", line 99, in store
    return render(request, 'shop_app/store.html', context)
           ^^^^^^^^^^^^^^^^^^^^^^^^^^^^^^^^^^^^^^^^^^^^^^^
  File "/usr/local/lib/python3.12/site-packages/sentry_sdk/utils.py", line 1886, in runner
    return sentry_patched_function(*args, **kwargs)
           ^^^^^^^^^^^^^^^^^^^^^^^^^^^^^^^^^^^^^^^^
  File "/usr/local/lib/python3.12/site-packages/sentry_sdk/integrations/django/templates.py", line 131, in render
    return real_render(request, template_name, context, *args, **kwargs)
           ^^^^^^^^^^^^^^^^^^^^^^^^^^^^^^^^^^^^^^^^^^^^^^^^^^^^^^^^^^^^^
  File "/usr/local/lib/python3.12/site-packages/django/shortcuts.py", line 25, in render
    content = loader.render_to_string(template_name, context, request, using=using)
              ^^^^^^^^^^^^^^^^^^^^^^^^^^^^^^^^^^^^^^^^^^^^^^^^^^^^^^^^^^^^^^^^^^^^^
  File "/usr/local/lib/python3.12/site-packages/django/template/loader.py", line 62, in render_to_string
    return template.render(context, request)
           ^^^^^^^^^^^^^^^^^^^^^^^^^^^^^^^^^
  File "/usr/local/lib/python3.12/site-packages/django/template/backends/django.py", line 107, in render
    return self.template.render(context)
           ^^^^^^^^^^^^^^^^^^^^^^^^^^^^^
  File "/usr/local/lib/python3.12/site-packages/django/template/base.py", line 174, in render
    return self._render(context)
           ^^^^^^^^^^^^^^^^^^^^^
  File "/usr/local/lib/python3.12/site-packages/django/test/utils.py", line 114, in instrumented_test_render
    return self.nodelist.render(context)
           ^^^^^^^^^^^^^^^^^^^^^^^^^^^^^
  File "/usr/local/lib/python3.12/site-packages/django/template/base.py", line 1091, in render
    return SafeString("".join([node.render_annotated(context) for node in self]))
                               ^^^^^^^^^^^^^^^^^^^^^^^^^^^^^^
  File "/usr/local/lib/python3.12/site-packages/django/template/base.py", line 1052, in render_annotated
    return self.render(context)
           ^^^^^^^^^^^^^^^^^^^^
  File "/usr/local/lib/python3.12/site-packages/django/template/loader_tags.py", line 160, in render
    return compiled_parent._render(context)
           ^^^^^^^^^^^^^^^^^^^^^^^^^^^^^^^^
  File "/usr/local/lib/python3.12/site-packages/django/test/utils.py", line 114, in instrumented_test_render
    return self.nodelist.render(context)
           ^^^^^^^^^^^^^^^^^^^^^^^^^^^^^
  File "/usr/local/lib/python3.12/site-packages/django/template/base.py", line 1091, in render
    return SafeString("".join([node.render_annotated(context) for node in self]))
                               ^^^^^^^^^^^^^^^^^^^^^^^^^^^^^^
  File "/usr/local/lib/python3.12/site-packages/django/template/base.py", line 1052, in render_annotated
    return self.render(context)
           ^^^^^^^^^^^^^^^^^^^^
  File "/usr/local/lib/python3.12/site-packages/django/template/defaulttags.py", line 326, in render
    match = condition.eval(context)
            ^^^^^^^^^^^^^^^^^^^^^^^
  File "/usr/local/lib/python3.12/site-packages/django/template/defaulttags.py", line 918, in eval
    return self.value.resolve(context, ignore_failures=True)
           ^^^^^^^^^^^^^^^^^^^^^^^^^^^^^^^^^^^^^^^^^^^^^^^^^
  File "/usr/local/lib/python3.12/site-packages/django/template/base.py", line 788, in resolve
    obj = self.var.resolve(context)
          ^^^^^^^^^^^^^^^^^^^^^^^^^
  File "/usr/local/lib/python3.12/site-packages/django/template/base.py", line 928, in resolve
    value = self._resolve_lookup(context)
            ^^^^^^^^^^^^^^^^^^^^^^^^^^^^^
  File "/usr/local/lib/python3.12/site-packages/django/template/base.py", line 965, in _resolve_lookup
    current = current[bit]
              ~~~~~~~^^^^^
  File "/usr/local/lib/python3.12/site-packages/django/utils/functional.py", line 251, in inner
    self._setup()
  File "/usr/local/lib/python3.12/site-packages/django/utils/functional.py", line 404, in _setup
    self._wrapped = self._setupfunc()
                    ^^^^^^^^^^^^^^^^^
  File "/usr/local/lib/python3.12/site-packages/django/contrib/auth/middleware.py", line 40, in <lambda>
    request.user = SimpleLazyObject(lambda: get_user(request))
                                            ^^^^^^^^^^^^^^^^^
  File "/usr/local/lib/python3.12/site-packages/django/contrib/auth/middleware.py", line 20, in get_user
    request._cached_user = auth.get_user(request)
                           ^^^^^^^^^^^^^^^^^^^^^^
  File "/usr/local/lib/python3.12/site-packages/django/contrib/auth/__init__.py", line 321, in get_user
    user_id = _get_user_session_key(request)
              ^^^^^^^^^^^^^^^^^^^^^^^^^^^^^^
  File "/usr/local/lib/python3.12/site-packages/django/contrib/auth/__init__.py", line 95, in _get_user_session_key
    return get_user_model()._meta.pk.to_python(request.session[SESSION_KEY])
                                               ~~~~~~~~~~~~~~~^^^^^^^^^^^^^
  File "/usr/local/lib/python3.12/site-packages/django/contrib/sessions/backends/base.py", line 55, in __getitem__
    return self._session[key]
           ^^^^^^^^^^^^^
  File "/usr/local/lib/python3.12/site-packages/django/contrib/sessions/backends/base.py", line 251, in _get_session
    self._session_cache = self.load()
                          ^^^^^^^^^^^
  File "/usr/local/lib/python3.12/site-packages/django/contrib/sessions/backends/db.py", line 55, in load
    s = self._get_session_from_db()
        ^^^^^^^^^^^^^^^^^^^^^^^^^^^
  File "/usr/local/lib/python3.12/site-packages/django/contrib/sessions/backends/db.py", line 34, in _get_session_from_db
    return self.model.objects.get(
           ^^^^^^^^^^^^^^^^^^^^^^^
  File "/usr/local/lib/python3.12/site-packages/django/db/models/manager.py", line 87, in manager_method
    return getattr(self.get_queryset(), name)(*args, **kwargs)
           ^^^^^^^^^^^^^^^^^^^^^^^^^^^^^^^^^^^^^^^^^^^^^^^^^^^
  File "/usr/local/lib/python3.12/site-packages/django/db/models/query.py", line 635, in get
    num = len(clone)
          ^^^^^^^^^^
  File "/usr/local/lib/python3.12/site-packages/django/db/models/query.py", line 372, in __len__
    self._fetch_all()
  File "/usr/local/lib/python3.12/site-packages/django/db/models/query.py", line 2000, in _fetch_all
    self._result_cache = list(self._iterable_class(self))
                         ^^^^^^^^^^^^^^^^^^^^^^^^^^^^^^^^
  File "/usr/local/lib/python3.12/site-packages/django/db/models/query.py", line 95, in __iter__
    results = compiler.execute_sql(
              ^^^^^^^^^^^^^^^^^^^^^
  File "/usr/local/lib/python3.12/site-packages/django/db/models/sql/compiler.py", line 1622, in execute_sql
    cursor = self.connection.cursor()
             ^^^^^^^^^^^^^^^^^^^^^^^^
  File "/usr/local/lib/python3.12/site-packages/django/utils/asyncio.py", line 24, in inner
    raise SynchronousOnlyOperation(message)
django.core.exceptions.SynchronousOnlyOperation: You cannot call this from an async context - use a thread or sync_to_async.
INFO 2026-08-01 13:35:18,245 middleware Запит до /shop/ зайняв 0.0553 секунд.
INFO 2026-08-01 13:35:20,659 middleware Запит до /shop/14/ зайняв 0.0205 секунд.
INFO 2026-08-01 13:35:47,645 middleware Запит до /shop/catalog/ зайняв 0.0218 секунд.
INFO 2026-08-01 13:35:49,145 middleware Запит до /shop/1/ зайняв 0.0251 секунд.
INFO 2026-08-01 13:35:49,168 middleware Запит до /images/covers/Pride_and_prejudice.webp зайняв 0.0017 секунд.
INFO 2026-08-01 13:35:53,978 middleware Запит до /shop/3/ зайняв 0.0162 секунд.
INFO 2026-08-01 13:35:55,518 middleware Запит до /shop/catalog/ зайняв 0.0213 секунд.
ERROR 2026-08-01 13:35:56,256 log Internal Server Error: /shop/
Traceback (most recent call last):
  File "/usr/local/lib/python3.12/site-packages/django/contrib/sessions/backends/base.py", line 246, in _get_session
    return self._session_cache
           ^^^^^^^^^^^^^^^^^^^
AttributeError: 'SessionStore' object has no attribute '_session_cache'

During handling of the above exception, another exception occurred:

Traceback (most recent call last):
  File "/usr/local/lib/python3.12/site-packages/django/core/handlers/exception.py", line 55, in inner
    response = get_response(request)
               ^^^^^^^^^^^^^^^^^^^^^
  File "/usr/local/lib/python3.12/site-packages/django/core/handlers/base.py", line 198, in _get_response
    response = wrapped_callback(request, *callback_args, **callback_kwargs)
               ^^^^^^^^^^^^^^^^^^^^^^^^^^^^^^^^^^^^^^^^^^^^^^^^^^^^^^^^^^^^
  File "/usr/local/lib/python3.12/site-packages/asgiref/sync.py", line 325, in __call__
    return call_result.result()
           ^^^^^^^^^^^^^^^^^^^^
  File "/usr/local/lib/python3.12/concurrent/futures/_base.py", line 449, in result
    return self.__get_result()
           ^^^^^^^^^^^^^^^^^^^
  File "/usr/local/lib/python3.12/concurrent/futures/_base.py", line 401, in __get_result
    raise self._exception
  File "/usr/local/lib/python3.12/site-packages/asgiref/sync.py", line 365, in main_wrap
    result = await awaitable
             ^^^^^^^^^^^^^^^
  File "/usr/local/lib/python3.12/site-packages/sentry_sdk/integrations/django/asgi.py", line 191, in sentry_wrapped_callback
    return await callback(request, *args, **kwargs)
           ^^^^^^^^^^^^^^^^^^^^^^^^^^^^^^^^^^^^^^^^
  File "/app/shop_app/views.py", line 99, in store
    return render(request, 'shop_app/store.html', context)
           ^^^^^^^^^^^^^^^^^^^^^^^^^^^^^^^^^^^^^^^^^^^^^^^
  File "/usr/local/lib/python3.12/site-packages/sentry_sdk/utils.py", line 1886, in runner
    return sentry_patched_function(*args, **kwargs)
           ^^^^^^^^^^^^^^^^^^^^^^^^^^^^^^^^^^^^^^^^
  File "/usr/local/lib/python3.12/site-packages/sentry_sdk/integrations/django/templates.py", line 131, in render
    return real_render(request, template_name, context, *args, **kwargs)
           ^^^^^^^^^^^^^^^^^^^^^^^^^^^^^^^^^^^^^^^^^^^^^^^^^^^^^^^^^^^^^
  File "/usr/local/lib/python3.12/site-packages/django/shortcuts.py", line 25, in render
    content = loader.render_to_string(template_name, context, request, using=using)
              ^^^^^^^^^^^^^^^^^^^^^^^^^^^^^^^^^^^^^^^^^^^^^^^^^^^^^^^^^^^^^^^^^^^^^
  File "/usr/local/lib/python3.12/site-packages/django/template/loader.py", line 62, in render_to_string
    return template.render(context, request)
           ^^^^^^^^^^^^^^^^^^^^^^^^^^^^^^^^^
  File "/usr/local/lib/python3.12/site-packages/django/template/backends/django.py", line 107, in render
    return self.template.render(context)
           ^^^^^^^^^^^^^^^^^^^^^^^^^^^^^
  File "/usr/local/lib/python3.12/site-packages/django/template/base.py", line 174, in render
    return self._render(context)
           ^^^^^^^^^^^^^^^^^^^^^
  File "/usr/local/lib/python3.12/site-packages/django/test/utils.py", line 114, in instrumented_test_render
    return self.nodelist.render(context)
           ^^^^^^^^^^^^^^^^^^^^^^^^^^^^^
  File "/usr/local/lib/python3.12/site-packages/django/template/base.py", line 1091, in render
    return SafeString("".join([node.render_annotated(context) for node in self]))
                               ^^^^^^^^^^^^^^^^^^^^^^^^^^^^^^
  File "/usr/local/lib/python3.12/site-packages/django/template/base.py", line 1052, in render_annotated
    return self.render(context)
           ^^^^^^^^^^^^^^^^^^^^
  File "/usr/local/lib/python3.12/site-packages/django/template/loader_tags.py", line 160, in render
    return compiled_parent._render(context)
           ^^^^^^^^^^^^^^^^^^^^^^^^^^^^^^^^
  File "/usr/local/lib/python3.12/site-packages/django/test/utils.py", line 114, in instrumented_test_render
    return self.nodelist.render(context)
           ^^^^^^^^^^^^^^^^^^^^^^^^^^^^^
  File "/usr/local/lib/python3.12/site-packages/django/template/base.py", line 1091, in render
    return SafeString("".join([node.render_annotated(context) for node in self]))
                               ^^^^^^^^^^^^^^^^^^^^^^^^^^^^^^
  File "/usr/local/lib/python3.12/site-packages/django/template/base.py", line 1052, in render_annotated
    return self.render(context)
           ^^^^^^^^^^^^^^^^^^^^
  File "/usr/local/lib/python3.12/site-packages/django/template/defaulttags.py", line 326, in render
    match = condition.eval(context)
            ^^^^^^^^^^^^^^^^^^^^^^^
  File "/usr/local/lib/python3.12/site-packages/django/template/defaulttags.py", line 918, in eval
    return self.value.resolve(context, ignore_failures=True)
           ^^^^^^^^^^^^^^^^^^^^^^^^^^^^^^^^^^^^^^^^^^^^^^^^^
  File "/usr/local/lib/python3.12/site-packages/django/template/base.py", line 788, in resolve
    obj = self.var.resolve(context)
          ^^^^^^^^^^^^^^^^^^^^^^^^^
  File "/usr/local/lib/python3.12/site-packages/django/template/base.py", line 928, in resolve
    value = self._resolve_lookup(context)
            ^^^^^^^^^^^^^^^^^^^^^^^^^^^^^
  File "/usr/local/lib/python3.12/site-packages/django/template/base.py", line 965, in _resolve_lookup
    current = current[bit]
              ~~~~~~~^^^^^
  File "/usr/local/lib/python3.12/site-packages/django/utils/functional.py", line 251, in inner
    self._setup()
  File "/usr/local/lib/python3.12/site-packages/django/utils/functional.py", line 404, in _setup
    self._wrapped = self._setupfunc()
                    ^^^^^^^^^^^^^^^^^
  File "/usr/local/lib/python3.12/site-packages/django/contrib/auth/middleware.py", line 40, in <lambda>
    request.user = SimpleLazyObject(lambda: get_user(request))
                                            ^^^^^^^^^^^^^^^^^
  File "/usr/local/lib/python3.12/site-packages/django/contrib/auth/middleware.py", line 20, in get_user
    request._cached_user = auth.get_user(request)
                           ^^^^^^^^^^^^^^^^^^^^^^
  File "/usr/local/lib/python3.12/site-packages/django/contrib/auth/__init__.py", line 321, in get_user
    user_id = _get_user_session_key(request)
              ^^^^^^^^^^^^^^^^^^^^^^^^^^^^^^
  File "/usr/local/lib/python3.12/site-packages/django/contrib/auth/__init__.py", line 95, in _get_user_session_key
    return get_user_model()._meta.pk.to_python(request.session[SESSION_KEY])
                                               ~~~~~~~~~~~~~~~^^^^^^^^^^^^^
  File "/usr/local/lib/python3.12/site-packages/django/contrib/sessions/backends/base.py", line 55, in __getitem__
    return self._session[key]
           ^^^^^^^^^^^^^
  File "/usr/local/lib/python3.12/site-packages/django/contrib/sessions/backends/base.py", line 251, in _get_session
    self._session_cache = self.load()
                          ^^^^^^^^^^^
  File "/usr/local/lib/python3.12/site-packages/django/contrib/sessions/backends/db.py", line 55, in load
    s = self._get_session_from_db()
        ^^^^^^^^^^^^^^^^^^^^^^^^^^^
  File "/usr/local/lib/python3.12/site-packages/django/contrib/sessions/backends/db.py", line 34, in _get_session_from_db
    return self.model.objects.get(
           ^^^^^^^^^^^^^^^^^^^^^^^
  File "/usr/local/lib/python3.12/site-packages/django/db/models/manager.py", line 87, in manager_method
    return getattr(self.get_queryset(), name)(*args, **kwargs)
           ^^^^^^^^^^^^^^^^^^^^^^^^^^^^^^^^^^^^^^^^^^^^^^^^^^^
  File "/usr/local/lib/python3.12/site-packages/django/db/models/query.py", line 635, in get
    num = len(clone)
          ^^^^^^^^^^
  File "/usr/local/lib/python3.12/site-packages/django/db/models/query.py", line 372, in __len__
    self._fetch_all()
  File "/usr/local/lib/python3.12/site-packages/django/db/models/query.py", line 2000, in _fetch_all
    self._result_cache = list(self._iterable_class(self))
                         ^^^^^^^^^^^^^^^^^^^^^^^^^^^^^^^^
  File "/usr/local/lib/python3.12/site-packages/django/db/models/query.py", line 95, in __iter__
    results = compiler.execute_sql(
              ^^^^^^^^^^^^^^^^^^^^^
  File "/usr/local/lib/python3.12/site-packages/django/db/models/sql/compiler.py", line 1622, in execute_sql
    cursor = self.connection.cursor()
             ^^^^^^^^^^^^^^^^^^^^^^^^
  File "/usr/local/lib/python3.12/site-packages/django/utils/asyncio.py", line 24, in inner
    raise SynchronousOnlyOperation(message)
django.core.exceptions.SynchronousOnlyOperation: You cannot call this from an async context - use a thread or sync_to_async.
INFO 2026-08-01 13:35:56,259 middleware Запит до /shop/ зайняв 0.0499 секунд.
ERROR 2026-08-01 13:36:26,758 log Internal Server Error: /shop/
Traceback (most recent call last):
  File "/usr/local/lib/python3.12/site-packages/django/contrib/sessions/backends/base.py", line 246, in _get_session
    return self._session_cache
           ^^^^^^^^^^^^^^^^^^^
AttributeError: 'SessionStore' object has no attribute '_session_cache'

During handling of the above exception, another exception occurred:

Traceback (most recent call last):
  File "/usr/local/lib/python3.12/site-packages/django/core/handlers/exception.py", line 55, in inner
    response = get_response(request)
               ^^^^^^^^^^^^^^^^^^^^^
  File "/usr/local/lib/python3.12/site-packages/django/core/handlers/base.py", line 198, in _get_response
    response = wrapped_callback(request, *callback_args, **callback_kwargs)
               ^^^^^^^^^^^^^^^^^^^^^^^^^^^^^^^^^^^^^^^^^^^^^^^^^^^^^^^^^^^^
  File "/usr/local/lib/python3.12/site-packages/asgiref/sync.py", line 325, in __call__
    return call_result.result()
           ^^^^^^^^^^^^^^^^^^^^
  File "/usr/local/lib/python3.12/concurrent/futures/_base.py", line 449, in result
    return self.__get_result()
           ^^^^^^^^^^^^^^^^^^^
  File "/usr/local/lib/python3.12/concurrent/futures/_base.py", line 401, in __get_result
    raise self._exception
  File "/usr/local/lib/python3.12/site-packages/asgiref/sync.py", line 365, in main_wrap
    result = await awaitable
             ^^^^^^^^^^^^^^^
  File "/usr/local/lib/python3.12/site-packages/sentry_sdk/integrations/django/asgi.py", line 191, in sentry_wrapped_callback
    return await callback(request, *args, **kwargs)
           ^^^^^^^^^^^^^^^^^^^^^^^^^^^^^^^^^^^^^^^^
  File "/app/shop_app/views.py", line 99, in store
    return render(request, 'shop_app/store.html', context)
           ^^^^^^^^^^^^^^^^^^^^^^^^^^^^^^^^^^^^^^^^^^^^^^^
  File "/usr/local/lib/python3.12/site-packages/sentry_sdk/utils.py", line 1886, in runner
    return sentry_patched_function(*args, **kwargs)
           ^^^^^^^^^^^^^^^^^^^^^^^^^^^^^^^^^^^^^^^^
  File "/usr/local/lib/python3.12/site-packages/sentry_sdk/integrations/django/templates.py", line 131, in render
    return real_render(request, template_name, context, *args, **kwargs)
           ^^^^^^^^^^^^^^^^^^^^^^^^^^^^^^^^^^^^^^^^^^^^^^^^^^^^^^^^^^^^^
  File "/usr/local/lib/python3.12/site-packages/django/shortcuts.py", line 25, in render
    content = loader.render_to_string(template_name, context, request, using=using)
              ^^^^^^^^^^^^^^^^^^^^^^^^^^^^^^^^^^^^^^^^^^^^^^^^^^^^^^^^^^^^^^^^^^^^^
  File "/usr/local/lib/python3.12/site-packages/django/template/loader.py", line 62, in render_to_string
    return template.render(context, request)
           ^^^^^^^^^^^^^^^^^^^^^^^^^^^^^^^^^
  File "/usr/local/lib/python3.12/site-packages/django/template/backends/django.py", line 107, in render
    return self.template.render(context)
           ^^^^^^^^^^^^^^^^^^^^^^^^^^^^^
  File "/usr/local/lib/python3.12/site-packages/django/template/base.py", line 174, in render
    return self._render(context)
           ^^^^^^^^^^^^^^^^^^^^^
  File "/usr/local/lib/python3.12/site-packages/django/test/utils.py", line 114, in instrumented_test_render
    return self.nodelist.render(context)
           ^^^^^^^^^^^^^^^^^^^^^^^^^^^^^
  File "/usr/local/lib/python3.12/site-packages/django/template/base.py", line 1091, in render
    return SafeString("".join([node.render_annotated(context) for node in self]))
                               ^^^^^^^^^^^^^^^^^^^^^^^^^^^^^^
  File "/usr/local/lib/python3.12/site-packages/django/template/base.py", line 1052, in render_annotated
    return self.render(context)
           ^^^^^^^^^^^^^^^^^^^^
  File "/usr/local/lib/python3.12/site-packages/django/template/loader_tags.py", line 160, in render
    return compiled_parent._render(context)
           ^^^^^^^^^^^^^^^^^^^^^^^^^^^^^^^^
  File "/usr/local/lib/python3.12/site-packages/django/test/utils.py", line 114, in instrumented_test_render
    return self.nodelist.render(context)
           ^^^^^^^^^^^^^^^^^^^^^^^^^^^^^
  File "/usr/local/lib/python3.12/site-packages/django/template/base.py", line 1091, in render
    return SafeString("".join([node.render_annotated(context) for node in self]))
                               ^^^^^^^^^^^^^^^^^^^^^^^^^^^^^^
  File "/usr/local/lib/python3.12/site-packages/django/template/base.py", line 1052, in render_annotated
    return self.render(context)
           ^^^^^^^^^^^^^^^^^^^^
  File "/usr/local/lib/python3.12/site-packages/django/template/defaulttags.py", line 326, in render
    match = condition.eval(context)
            ^^^^^^^^^^^^^^^^^^^^^^^
  File "/usr/local/lib/python3.12/site-packages/django/template/defaulttags.py", line 918, in eval
    return self.value.resolve(context, ignore_failures=True)
           ^^^^^^^^^^^^^^^^^^^^^^^^^^^^^^^^^^^^^^^^^^^^^^^^^
  File "/usr/local/lib/python3.12/site-packages/django/template/base.py", line 788, in resolve
    obj = self.var.resolve(context)
          ^^^^^^^^^^^^^^^^^^^^^^^^^
  File "/usr/local/lib/python3.12/site-packages/django/template/base.py", line 928, in resolve
    value = self._resolve_lookup(context)
            ^^^^^^^^^^^^^^^^^^^^^^^^^^^^^
  File "/usr/local/lib/python3.12/site-packages/django/template/base.py", line 965, in _resolve_lookup
    current = current[bit]
              ~~~~~~~^^^^^
  File "/usr/local/lib/python3.12/site-packages/django/utils/functional.py", line 251, in inner
    self._setup()
  File "/usr/local/lib/python3.12/site-packages/django/utils/functional.py", line 404, in _setup
    self._wrapped = self._setupfunc()
                    ^^^^^^^^^^^^^^^^^
  File "/usr/local/lib/python3.12/site-packages/django/contrib/auth/middleware.py", line 40, in <lambda>
    request.user = SimpleLazyObject(lambda: get_user(request))
                                            ^^^^^^^^^^^^^^^^^
  File "/usr/local/lib/python3.12/site-packages/django/contrib/auth/middleware.py", line 20, in get_user
    request._cached_user = auth.get_user(request)
                           ^^^^^^^^^^^^^^^^^^^^^^
  File "/usr/local/lib/python3.12/site-packages/django/contrib/auth/__init__.py", line 321, in get_user
    user_id = _get_user_session_key(request)
              ^^^^^^^^^^^^^^^^^^^^^^^^^^^^^^
  File "/usr/local/lib/python3.12/site-packages/django/contrib/auth/__init__.py", line 95, in _get_user_session_key
    return get_user_model()._meta.pk.to_python(request.session[SESSION_KEY])
                                               ~~~~~~~~~~~~~~~^^^^^^^^^^^^^
  File "/usr/local/lib/python3.12/site-packages/django/contrib/sessions/backends/base.py", line 55, in __getitem__
    return self._session[key]
           ^^^^^^^^^^^^^
  File "/usr/local/lib/python3.12/site-packages/django/contrib/sessions/backends/base.py", line 251, in _get_session
    self._session_cache = self.load()
                          ^^^^^^^^^^^
  File "/usr/local/lib/python3.12/site-packages/django/contrib/sessions/backends/db.py", line 55, in load
    s = self._get_session_from_db()
        ^^^^^^^^^^^^^^^^^^^^^^^^^^^
  File "/usr/local/lib/python3.12/site-packages/django/contrib/sessions/backends/db.py", line 34, in _get_session_from_db
    return self.model.objects.get(
           ^^^^^^^^^^^^^^^^^^^^^^^
  File "/usr/local/lib/python3.12/site-packages/django/db/models/manager.py", line 87, in manager_method
    return getattr(self.get_queryset(), name)(*args, **kwargs)
           ^^^^^^^^^^^^^^^^^^^^^^^^^^^^^^^^^^^^^^^^^^^^^^^^^^^
  File "/usr/local/lib/python3.12/site-packages/django/db/models/query.py", line 635, in get
    num = len(clone)
          ^^^^^^^^^^
  File "/usr/local/lib/python3.12/site-packages/django/db/models/query.py", line 372, in __len__
    self._fetch_all()
  File "/usr/local/lib/python3.12/site-packages/django/db/models/query.py", line 2000, in _fetch_all
    self._result_cache = list(self._iterable_class(self))
                         ^^^^^^^^^^^^^^^^^^^^^^^^^^^^^^^^
  File "/usr/local/lib/python3.12/site-packages/django/db/models/query.py", line 95, in __iter__
    results = compiler.execute_sql(
              ^^^^^^^^^^^^^^^^^^^^^
  File "/usr/local/lib/python3.12/site-packages/django/db/models/sql/compiler.py", line 1622, in execute_sql
    cursor = self.connection.cursor()
             ^^^^^^^^^^^^^^^^^^^^^^^^
  File "/usr/local/lib/python3.12/site-packages/django/utils/asyncio.py", line 24, in inner
    raise SynchronousOnlyOperation(message)
django.core.exceptions.SynchronousOnlyOperation: You cannot call this from an async context - use a thread or sync_to_async.
INFO 2026-08-01 13:36:26,763 middleware Запит до /shop/ зайняв 0.0581 секунд.
INFO 2026-08-01 13:57:41,949 middleware Запит до /shop/ зайняв 0.0373 секунд.
INFO 2026-08-01 13:57:43,280 middleware Запит до /shop/catalog/ зайняв 0.0314 секунд.
ERROR 2026-08-01 13:57:44,000 log Internal Server Error: /shop/
Traceback (most recent call last):
  File "/usr/local/lib/python3.12/site-packages/django/contrib/sessions/backends/base.py", line 246, in _get_session
    return self._session_cache
           ^^^^^^^^^^^^^^^^^^^
AttributeError: 'SessionStore' object has no attribute '_session_cache'

During handling of the above exception, another exception occurred:

Traceback (most recent call last):
  File "/usr/local/lib/python3.12/site-packages/django/core/handlers/exception.py", line 55, in inner
    response = get_response(request)
               ^^^^^^^^^^^^^^^^^^^^^
  File "/usr/local/lib/python3.12/site-packages/django/core/handlers/base.py", line 198, in _get_response
    response = wrapped_callback(request, *callback_args, **callback_kwargs)
               ^^^^^^^^^^^^^^^^^^^^^^^^^^^^^^^^^^^^^^^^^^^^^^^^^^^^^^^^^^^^
  File "/usr/local/lib/python3.12/site-packages/asgiref/sync.py", line 325, in __call__
    return call_result.result()
           ^^^^^^^^^^^^^^^^^^^^
  File "/usr/local/lib/python3.12/concurrent/futures/_base.py", line 449, in result
    return self.__get_result()
           ^^^^^^^^^^^^^^^^^^^
  File "/usr/local/lib/python3.12/concurrent/futures/_base.py", line 401, in __get_result
    raise self._exception
  File "/usr/local/lib/python3.12/site-packages/asgiref/sync.py", line 365, in main_wrap
    result = await awaitable
             ^^^^^^^^^^^^^^^
  File "/usr/local/lib/python3.12/site-packages/sentry_sdk/integrations/django/asgi.py", line 191, in sentry_wrapped_callback
    return await callback(request, *args, **kwargs)
           ^^^^^^^^^^^^^^^^^^^^^^^^^^^^^^^^^^^^^^^^
  File "/app/shop_app/views.py", line 99, in store
    'premium_offers': premium_offers,
  File "/usr/local/lib/python3.12/site-packages/sentry_sdk/utils.py", line 1886, in runner
    return sentry_patched_function(*args, **kwargs)
           ^^^^^^^^^^^^^^^^^^^^^^^^^^^^^^^^^^^^^^^^
  File "/usr/local/lib/python3.12/site-packages/sentry_sdk/integrations/django/templates.py", line 131, in render
    return real_render(request, template_name, context, *args, **kwargs)
           ^^^^^^^^^^^^^^^^^^^^^^^^^^^^^^^^^^^^^^^^^^^^^^^^^^^^^^^^^^^^^
  File "/usr/local/lib/python3.12/site-packages/django/shortcuts.py", line 25, in render
    content = loader.render_to_string(template_name, context, request, using=using)
              ^^^^^^^^^^^^^^^^^^^^^^^^^^^^^^^^^^^^^^^^^^^^^^^^^^^^^^^^^^^^^^^^^^^^^
  File "/usr/local/lib/python3.12/site-packages/django/template/loader.py", line 62, in render_to_string
    return template.render(context, request)
           ^^^^^^^^^^^^^^^^^^^^^^^^^^^^^^^^^
  File "/usr/local/lib/python3.12/site-packages/django/template/backends/django.py", line 107, in render
    return self.template.render(context)
           ^^^^^^^^^^^^^^^^^^^^^^^^^^^^^
  File "/usr/local/lib/python3.12/site-packages/django/template/base.py", line 174, in render
    return self._render(context)
           ^^^^^^^^^^^^^^^^^^^^^
  File "/usr/local/lib/python3.12/site-packages/django/test/utils.py", line 114, in instrumented_test_render
    return self.nodelist.render(context)
           ^^^^^^^^^^^^^^^^^^^^^^^^^^^^^
  File "/usr/local/lib/python3.12/site-packages/django/template/base.py", line 1091, in render
    return SafeString("".join([node.render_annotated(context) for node in self]))
                               ^^^^^^^^^^^^^^^^^^^^^^^^^^^^^^
  File "/usr/local/lib/python3.12/site-packages/django/template/base.py", line 1052, in render_annotated
    return self.render(context)
           ^^^^^^^^^^^^^^^^^^^^
  File "/usr/local/lib/python3.12/site-packages/django/template/loader_tags.py", line 160, in render
    return compiled_parent._render(context)
           ^^^^^^^^^^^^^^^^^^^^^^^^^^^^^^^^
  File "/usr/local/lib/python3.12/site-packages/django/test/utils.py", line 114, in instrumented_test_render
    return self.nodelist.render(context)
           ^^^^^^^^^^^^^^^^^^^^^^^^^^^^^
  File "/usr/local/lib/python3.12/site-packages/django/template/base.py", line 1091, in render
    return SafeString("".join([node.render_annotated(context) for node in self]))
                               ^^^^^^^^^^^^^^^^^^^^^^^^^^^^^^
  File "/usr/local/lib/python3.12/site-packages/django/template/base.py", line 1052, in render_annotated
    return self.render(context)
           ^^^^^^^^^^^^^^^^^^^^
  File "/usr/local/lib/python3.12/site-packages/django/template/defaulttags.py", line 326, in render
    match = condition.eval(context)
            ^^^^^^^^^^^^^^^^^^^^^^^
  File "/usr/local/lib/python3.12/site-packages/django/template/defaulttags.py", line 918, in eval
    return self.value.resolve(context, ignore_failures=True)
           ^^^^^^^^^^^^^^^^^^^^^^^^^^^^^^^^^^^^^^^^^^^^^^^^^
  File "/usr/local/lib/python3.12/site-packages/django/template/base.py", line 788, in resolve
    obj = self.var.resolve(context)
          ^^^^^^^^^^^^^^^^^^^^^^^^^
  File "/usr/local/lib/python3.12/site-packages/django/template/base.py", line 928, in resolve
    value = self._resolve_lookup(context)
            ^^^^^^^^^^^^^^^^^^^^^^^^^^^^^
  File "/usr/local/lib/python3.12/site-packages/django/template/base.py", line 965, in _resolve_lookup
    current = current[bit]
              ~~~~~~~^^^^^
  File "/usr/local/lib/python3.12/site-packages/django/utils/functional.py", line 251, in inner
    self._setup()
  File "/usr/local/lib/python3.12/site-packages/django/utils/functional.py", line 404, in _setup
    self._wrapped = self._setupfunc()
                    ^^^^^^^^^^^^^^^^^
  File "/usr/local/lib/python3.12/site-packages/django/contrib/auth/middleware.py", line 40, in <lambda>
    request.user = SimpleLazyObject(lambda: get_user(request))
                                            ^^^^^^^^^^^^^^^^^
  File "/usr/local/lib/python3.12/site-packages/django/contrib/auth/middleware.py", line 20, in get_user
    request._cached_user = auth.get_user(request)
                           ^^^^^^^^^^^^^^^^^^^^^^
  File "/usr/local/lib/python3.12/site-packages/django/contrib/auth/__init__.py", line 321, in get_user
    user_id = _get_user_session_key(request)
              ^^^^^^^^^^^^^^^^^^^^^^^^^^^^^^
  File "/usr/local/lib/python3.12/site-packages/django/contrib/auth/__init__.py", line 95, in _get_user_session_key
    return get_user_model()._meta.pk.to_python(request.session[SESSION_KEY])
                                               ~~~~~~~~~~~~~~~^^^^^^^^^^^^^
  File "/usr/local/lib/python3.12/site-packages/django/contrib/sessions/backends/base.py", line 55, in __getitem__
    return self._session[key]
           ^^^^^^^^^^^^^
  File "/usr/local/lib/python3.12/site-packages/django/contrib/sessions/backends/base.py", line 251, in _get_session
    self._session_cache = self.load()
                          ^^^^^^^^^^^
  File "/usr/local/lib/python3.12/site-packages/django/contrib/sessions/backends/db.py", line 55, in load
    s = self._get_session_from_db()
        ^^^^^^^^^^^^^^^^^^^^^^^^^^^
  File "/usr/local/lib/python3.12/site-packages/django/contrib/sessions/backends/db.py", line 34, in _get_session_from_db
    return self.model.objects.get(
           ^^^^^^^^^^^^^^^^^^^^^^^
  File "/usr/local/lib/python3.12/site-packages/django/db/models/manager.py", line 87, in manager_method
    return getattr(self.get_queryset(), name)(*args, **kwargs)
           ^^^^^^^^^^^^^^^^^^^^^^^^^^^^^^^^^^^^^^^^^^^^^^^^^^^
  File "/usr/local/lib/python3.12/site-packages/django/db/models/query.py", line 635, in get
    num = len(clone)
          ^^^^^^^^^^
  File "/usr/local/lib/python3.12/site-packages/django/db/models/query.py", line 372, in __len__
    self._fetch_all()
  File "/usr/local/lib/python3.12/site-packages/django/db/models/query.py", line 2000, in _fetch_all
    self._result_cache = list(self._iterable_class(self))
                         ^^^^^^^^^^^^^^^^^^^^^^^^^^^^^^^^
  File "/usr/local/lib/python3.12/site-packages/django/db/models/query.py", line 95, in __iter__
    results = compiler.execute_sql(
              ^^^^^^^^^^^^^^^^^^^^^
  File "/usr/local/lib/python3.12/site-packages/django/db/models/sql/compiler.py", line 1622, in execute_sql
    cursor = self.connection.cursor()
             ^^^^^^^^^^^^^^^^^^^^^^^^
  File "/usr/local/lib/python3.12/site-packages/django/utils/asyncio.py", line 24, in inner
    raise SynchronousOnlyOperation(message)
django.core.exceptions.SynchronousOnlyOperation: You cannot call this from an async context - use a thread or sync_to_async.
INFO 2026-08-01 13:57:44,003 middleware Запит до /shop/ зайняв 0.0630 секунд.
INFO 2026-08-01 13:57:46,315 middleware Запит до /shop/catalog/ зайняв 0.0252 секунд.
INFO 2026-08-01 13:57:47,479 middleware Запит до /shop/catalog/ зайняв 0.0221 секунд.
ERROR 2026-08-01 13:57:48,126 log Internal Server Error: /shop/
Traceback (most recent call last):
  File "/usr/local/lib/python3.12/site-packages/django/contrib/sessions/backends/base.py", line 246, in _get_session
    return self._session_cache
           ^^^^^^^^^^^^^^^^^^^
AttributeError: 'SessionStore' object has no attribute '_session_cache'

During handling of the above exception, another exception occurred:

Traceback (most recent call last):
  File "/usr/local/lib/python3.12/site-packages/django/core/handlers/exception.py", line 55, in inner
    response = get_response(request)
               ^^^^^^^^^^^^^^^^^^^^^
  File "/usr/local/lib/python3.12/site-packages/django/core/handlers/base.py", line 198, in _get_response
    response = wrapped_callback(request, *callback_args, **callback_kwargs)
               ^^^^^^^^^^^^^^^^^^^^^^^^^^^^^^^^^^^^^^^^^^^^^^^^^^^^^^^^^^^^
  File "/usr/local/lib/python3.12/site-packages/asgiref/sync.py", line 325, in __call__
    return call_result.result()
           ^^^^^^^^^^^^^^^^^^^^
  File "/usr/local/lib/python3.12/concurrent/futures/_base.py", line 449, in result
    return self.__get_result()
           ^^^^^^^^^^^^^^^^^^^
  File "/usr/local/lib/python3.12/concurrent/futures/_base.py", line 401, in __get_result
    raise self._exception
  File "/usr/local/lib/python3.12/site-packages/asgiref/sync.py", line 365, in main_wrap
    result = await awaitable
             ^^^^^^^^^^^^^^^
  File "/usr/local/lib/python3.12/site-packages/sentry_sdk/integrations/django/asgi.py", line 191, in sentry_wrapped_callback
    return await callback(request, *args, **kwargs)
           ^^^^^^^^^^^^^^^^^^^^^^^^^^^^^^^^^^^^^^^^
  File "/app/shop_app/views.py", line 99, in store
    'premium_offers': premium_offers,
  File "/usr/local/lib/python3.12/site-packages/sentry_sdk/utils.py", line 1886, in runner
    return sentry_patched_function(*args, **kwargs)
           ^^^^^^^^^^^^^^^^^^^^^^^^^^^^^^^^^^^^^^^^
  File "/usr/local/lib/python3.12/site-packages/sentry_sdk/integrations/django/templates.py", line 131, in render
    return real_render(request, template_name, context, *args, **kwargs)
           ^^^^^^^^^^^^^^^^^^^^^^^^^^^^^^^^^^^^^^^^^^^^^^^^^^^^^^^^^^^^^
  File "/usr/local/lib/python3.12/site-packages/django/shortcuts.py", line 25, in render
    content = loader.render_to_string(template_name, context, request, using=using)
              ^^^^^^^^^^^^^^^^^^^^^^^^^^^^^^^^^^^^^^^^^^^^^^^^^^^^^^^^^^^^^^^^^^^^^
  File "/usr/local/lib/python3.12/site-packages/django/template/loader.py", line 62, in render_to_string
    return template.render(context, request)
           ^^^^^^^^^^^^^^^^^^^^^^^^^^^^^^^^^
  File "/usr/local/lib/python3.12/site-packages/django/template/backends/django.py", line 107, in render
    return self.template.render(context)
           ^^^^^^^^^^^^^^^^^^^^^^^^^^^^^
  File "/usr/local/lib/python3.12/site-packages/django/template/base.py", line 174, in render
    return self._render(context)
           ^^^^^^^^^^^^^^^^^^^^^
  File "/usr/local/lib/python3.12/site-packages/django/test/utils.py", line 114, in instrumented_test_render
    return self.nodelist.render(context)
           ^^^^^^^^^^^^^^^^^^^^^^^^^^^^^
  File "/usr/local/lib/python3.12/site-packages/django/template/base.py", line 1091, in render
    return SafeString("".join([node.render_annotated(context) for node in self]))
                               ^^^^^^^^^^^^^^^^^^^^^^^^^^^^^^
  File "/usr/local/lib/python3.12/site-packages/django/template/base.py", line 1052, in render_annotated
    return self.render(context)
           ^^^^^^^^^^^^^^^^^^^^
  File "/usr/local/lib/python3.12/site-packages/django/template/loader_tags.py", line 160, in render
    return compiled_parent._render(context)
           ^^^^^^^^^^^^^^^^^^^^^^^^^^^^^^^^
  File "/usr/local/lib/python3.12/site-packages/django/test/utils.py", line 114, in instrumented_test_render
    return self.nodelist.render(context)
           ^^^^^^^^^^^^^^^^^^^^^^^^^^^^^
  File "/usr/local/lib/python3.12/site-packages/django/template/base.py", line 1091, in render
    return SafeString("".join([node.render_annotated(context) for node in self]))
                               ^^^^^^^^^^^^^^^^^^^^^^^^^^^^^^
  File "/usr/local/lib/python3.12/site-packages/django/template/base.py", line 1052, in render_annotated
    return self.render(context)
           ^^^^^^^^^^^^^^^^^^^^
  File "/usr/local/lib/python3.12/site-packages/django/template/defaulttags.py", line 326, in render
    match = condition.eval(context)
            ^^^^^^^^^^^^^^^^^^^^^^^
  File "/usr/local/lib/python3.12/site-packages/django/template/defaulttags.py", line 918, in eval
    return self.value.resolve(context, ignore_failures=True)
           ^^^^^^^^^^^^^^^^^^^^^^^^^^^^^^^^^^^^^^^^^^^^^^^^^
  File "/usr/local/lib/python3.12/site-packages/django/template/base.py", line 788, in resolve
    obj = self.var.resolve(context)
          ^^^^^^^^^^^^^^^^^^^^^^^^^
  File "/usr/local/lib/python3.12/site-packages/django/template/base.py", line 928, in resolve
    value = self._resolve_lookup(context)
            ^^^^^^^^^^^^^^^^^^^^^^^^^^^^^
  File "/usr/local/lib/python3.12/site-packages/django/template/base.py", line 965, in _resolve_lookup
    current = current[bit]
              ~~~~~~~^^^^^
  File "/usr/local/lib/python3.12/site-packages/django/utils/functional.py", line 251, in inner
    self._setup()
  File "/usr/local/lib/python3.12/site-packages/django/utils/functional.py", line 404, in _setup
    self._wrapped = self._setupfunc()
                    ^^^^^^^^^^^^^^^^^
  File "/usr/local/lib/python3.12/site-packages/django/contrib/auth/middleware.py", line 40, in <lambda>
    request.user = SimpleLazyObject(lambda: get_user(request))
                                            ^^^^^^^^^^^^^^^^^
  File "/usr/local/lib/python3.12/site-packages/django/contrib/auth/middleware.py", line 20, in get_user
    request._cached_user = auth.get_user(request)
                           ^^^^^^^^^^^^^^^^^^^^^^
  File "/usr/local/lib/python3.12/site-packages/django/contrib/auth/__init__.py", line 321, in get_user
    user_id = _get_user_session_key(request)
              ^^^^^^^^^^^^^^^^^^^^^^^^^^^^^^
  File "/usr/local/lib/python3.12/site-packages/django/contrib/auth/__init__.py", line 95, in _get_user_session_key
    return get_user_model()._meta.pk.to_python(request.session[SESSION_KEY])
                                               ~~~~~~~~~~~~~~~^^^^^^^^^^^^^
  File "/usr/local/lib/python3.12/site-packages/django/contrib/sessions/backends/base.py", line 55, in __getitem__
    return self._session[key]
           ^^^^^^^^^^^^^
  File "/usr/local/lib/python3.12/site-packages/django/contrib/sessions/backends/base.py", line 251, in _get_session
    self._session_cache = self.load()
                          ^^^^^^^^^^^
  File "/usr/local/lib/python3.12/site-packages/django/contrib/sessions/backends/db.py", line 55, in load
    s = self._get_session_from_db()
        ^^^^^^^^^^^^^^^^^^^^^^^^^^^
  File "/usr/local/lib/python3.12/site-packages/django/contrib/sessions/backends/db.py", line 34, in _get_session_from_db
    return self.model.objects.get(
           ^^^^^^^^^^^^^^^^^^^^^^^
  File "/usr/local/lib/python3.12/site-packages/django/db/models/manager.py", line 87, in manager_method
    return getattr(self.get_queryset(), name)(*args, **kwargs)
           ^^^^^^^^^^^^^^^^^^^^^^^^^^^^^^^^^^^^^^^^^^^^^^^^^^^
  File "/usr/local/lib/python3.12/site-packages/django/db/models/query.py", line 635, in get
    num = len(clone)
          ^^^^^^^^^^
  File "/usr/local/lib/python3.12/site-packages/django/db/models/query.py", line 372, in __len__
    self._fetch_all()
  File "/usr/local/lib/python3.12/site-packages/django/db/models/query.py", line 2000, in _fetch_all
    self._result_cache = list(self._iterable_class(self))
                         ^^^^^^^^^^^^^^^^^^^^^^^^^^^^^^^^
  File "/usr/local/lib/python3.12/site-packages/django/db/models/query.py", line 95, in __iter__
    results = compiler.execute_sql(
              ^^^^^^^^^^^^^^^^^^^^^
  File "/usr/local/lib/python3.12/site-packages/django/db/models/sql/compiler.py", line 1622, in execute_sql
    cursor = self.connection.cursor()
             ^^^^^^^^^^^^^^^^^^^^^^^^
  File "/usr/local/lib/python3.12/site-packages/django/utils/asyncio.py", line 24, in inner
    raise SynchronousOnlyOperation(message)
django.core.exceptions.SynchronousOnlyOperation: You cannot call this from an async context - use a thread or sync_to_async.
INFO 2026-08-01 13:57:48,128 middleware Запит до /shop/ зайняв 0.0558 секунд.
INFO 2026-08-01 14:01:11,311 middleware Запит до /shop/ зайняв 0.0184 секунд.
INFO 2026-08-01 14:01:12,318 middleware Запит до /shop/catalog/ зайняв 0.0228 секунд.
INFO 2026-08-01 14:01:12,969 middleware Запит до /shop/ зайняв 0.0270 секунд.
INFO 2026-08-01 14:01:13,964 middleware Запит до /shop/catalog/ зайняв 0.0532 секунд.
INFO 2026-08-01 14:01:14,681 middleware Запит до /shop/catalog/ зайняв 0.0203 секунд.
INFO 2026-08-01 14:01:15,426 middleware Запит до /shop/ зайняв 0.0454 секунд.
INFO 2026-08-01 14:01:16,008 middleware Запит до /shop/catalog/ зайняв 0.0198 секунд.
INFO 2026-08-01 14:01:16,768 middleware Запит до /shop/book/create/ зайняв 0.0255 секунд.
INFO 2026-08-01 14:01:19,324 middleware Запит до /shop/catalog/ зайняв 0.0199 секунд.
INFO 2026-08-01 14:01:19,836 middleware Запит до /shop/catalog/ зайняв 0.0205 секунд.
INFO 2026-08-01 14:01:20,590 middleware Запит до /shop/catalog/ зайняв 0.0206 секунд.
INFO 2026-08-01 14:01:21,145 middleware Запит до /shop/ зайняв 0.0154 секунд.
INFO 2026-08-01 14:01:21,872 middleware Запит до /shop/catalog/ зайняв 0.0210 секунд.
INFO 2026-08-01 14:07:54,838 middleware Запит до /shop/catalog/ зайняв 0.0335 секунд.
INFO 2026-08-01 14:07:55,627 middleware Запит до /shop/catalog/ зайняв 0.0429 секунд.
INFO 2026-08-01 14:07:56,223 middleware Запит до /shop/ зайняв 0.0178 секунд.
INFO 2026-08-01 14:07:56,962 middleware Запит до /shop/catalog/ зайняв 0.0208 секунд.
INFO 2026-08-01 14:07:58,510 middleware Запит до /i18n/setlang/ зайняв 0.0069 секунд.
INFO 2026-08-01 14:07:58,549 middleware Запит до /shop/catalog/ зайняв 0.0215 секунд.
INFO 2026-08-01 14:08:01,069 middleware Запит до /i18n/setlang/ зайняв 0.0007 секунд.
INFO 2026-08-01 14:08:01,105 middleware Запит до /shop/catalog/ зайняв 0.0153 секунд.
INFO 2026-08-01 14:08:01,771 middleware Запит до /shop/catalog/ зайняв 0.0212 секунд.
INFO 2026-08-01 14:08:02,438 middleware Запит до /shop/ зайняв 0.0210 секунд.
INFO 2026-08-01 14:08:02,779 middleware Запит до /shop/ зайняв 0.0159 секунд.
INFO 2026-08-01 14:08:03,350 middleware Запит до /shop/ зайняв 0.0181 секунд.
INFO 2026-08-01 14:08:03,695 middleware Запит до /shop/catalog/ зайняв 0.0156 секунд.
INFO 2026-08-03 12:59:44,105 middleware Запит до /shop/ зайняв 0.0420 секунд.
INFO 2026-08-03 12:59:44,669 middleware Запит до /shop/catalog/ зайняв 0.0204 секунд.
INFO 2026-08-03 12:59:45,536 middleware Запит до /shop/catalog/ зайняв 0.0208 секунд.
INFO 2026-08-03 12:59:46,288 middleware Запит до /shop/ зайняв 0.0301 секунд.
INFO 2026-08-03 12:59:57,710 middleware Запит до /users/register/ зайняв 0.0277 секунд.
INFO 2026-08-03 13:00:29,083 middleware Запит до /users/register/ зайняв 0.0393 секунд.
INFO 2026-08-03 13:00:38,354 middleware Запит до /users/register/ зайняв 0.0596 секунд.
INFO 2026-08-03 13:00:56,723 middleware Запит до /users/register/ зайняв 0.2225 секунд.
INFO 2026-08-03 13:00:56,739 middleware Запит до /users/login/ зайняв 0.0107 секунд.
INFO 2026-08-03 13:12:22,359 middleware Запит до /shop/generate-report/ зайняв 0.0071 секунд.
WARNING 2026-08-03 13:12:22,361 log Not Found: /shop/generate-report/
ERROR 2026-08-03 13:15:27,101 log Internal Server Error: /shop/generate-report/
Traceback (most recent call last):
  File "/usr/local/lib/python3.12/site-packages/django/core/handlers/exception.py", line 55, in inner
    response = get_response(request)
               ^^^^^^^^^^^^^^^^^^^^^
  File "/usr/local/lib/python3.12/site-packages/django/core/handlers/base.py", line 198, in _get_response
    response = wrapped_callback(request, *callback_args, **callback_kwargs)
               ^^^^^^^^^^^^^^^^^^^^^^^^^^^^^^^^^^^^^^^^^^^^^^^^^^^^^^^^^^^^
  File "/usr/local/lib/python3.12/site-packages/sentry_sdk/integrations/django/views.py", line 110, in sentry_wrapped_callback
    return callback(request, *args, **kwargs)
           ^^^^^^^^^^^^^^^^^^^^^^^^^^^^^^^^^^
  File "/app/shop_app/views.py", line 308, in trigger_report_generation
    generate_repor_task.delay()
    ^^^^^^^^^^^^^^^^^^^
NameError: name 'generate_repor_task' is not defined. Did you mean: 'generate_report_task'?
INFO 2026-08-03 13:15:27,102 middleware Запит до /shop/generate-report/ зайняв 0.0158 секунд.
ERROR 2026-08-03 13:16:47,679 log Internal Server Error: /shop/generate-report/
Traceback (most recent call last):
  File "/usr/local/lib/python3.12/site-packages/django/core/handlers/exception.py", line 55, in inner
    response = get_response(request)
               ^^^^^^^^^^^^^^^^^^^^^
  File "/usr/local/lib/python3.12/site-packages/django/core/handlers/base.py", line 198, in _get_response
    response = wrapped_callback(request, *callback_args, **callback_kwargs)
               ^^^^^^^^^^^^^^^^^^^^^^^^^^^^^^^^^^^^^^^^^^^^^^^^^^^^^^^^^^^^
  File "/usr/local/lib/python3.12/site-packages/sentry_sdk/integrations/django/views.py", line 110, in sentry_wrapped_callback
    return callback(request, *args, **kwargs)
           ^^^^^^^^^^^^^^^^^^^^^^^^^^^^^^^^^^
  File "/app/shop_app/views.py", line 308, in trigger_report_generation
    generate_repor_task.delay()
    ^^^^^^^^^^^^^^^^^^^
NameError: name 'generate_repor_task' is not defined. Did you mean: 'generate_report_task'?
INFO 2026-08-03 13:16:47,680 middleware Запит до /shop/generate-report/ зайняв 0.0170 секунд.
ERROR 2026-08-03 13:17:18,575 log Internal Server Error: /shop/generate-report/
Traceback (most recent call last):
  File "/usr/local/lib/python3.12/site-packages/django/core/handlers/exception.py", line 55, in inner
    response = get_response(request)
               ^^^^^^^^^^^^^^^^^^^^^
  File "/usr/local/lib/python3.12/site-packages/django/core/handlers/base.py", line 198, in _get_response
    response = wrapped_callback(request, *callback_args, **callback_kwargs)
               ^^^^^^^^^^^^^^^^^^^^^^^^^^^^^^^^^^^^^^^^^^^^^^^^^^^^^^^^^^^^
  File "/usr/local/lib/python3.12/site-packages/sentry_sdk/integrations/django/views.py", line 110, in sentry_wrapped_callback
    return callback(request, *args, **kwargs)
           ^^^^^^^^^^^^^^^^^^^^^^^^^^^^^^^^^^
  File "/app/shop_app/views.py", line 308, in trigger_report_generation
    generate_report_task.delay()
    ^^^^^^^^^^^^^^^^^^^
NameError: name 'generate_repor_task' is not defined. Did you mean: 'generate_report_task'?
INFO 2026-08-03 13:17:18,576 middleware Запит до /shop/generate-report/ зайняв 0.0274 секунд.
INFO 2026-08-03 13:17:27,020 middleware Запит до /shop/generate-report/ зайняв 0.0146 секунд.
INFO 2026-08-03 13:19:01,632 middleware Запит до /shop/generate-report/ зайняв 0.0193 секунд.
INFO 2026-08-04 17:57:51,621 middleware Запит до /shop/ зайняв 0.0295 секунд.
INFO 2026-08-04 17:57:52,495 middleware Запит до /shop/catalog/ зайняв 0.0295 секунд.
INFO 2026-08-04 17:57:53,102 middleware Запит до /shop/ зайняв 0.0446 секунд.
INFO 2026-08-04 17:57:54,230 middleware Запит до /shop/catalog/ зайняв 0.0243 секунд.
INFO 2026-08-04 17:57:54,874 middleware Запит до /shop/ зайняв 0.0204 секунд.
INFO 2026-08-04 18:02:50,850 middleware Запит до /shop/ зайняв 0.0270 секунд.
INFO 2026-08-04 18:02:53,184 middleware Запит до /shop/catalog/ зайняв 0.0520 секунд.
INFO 2026-08-04 18:02:54,685 middleware Запит до /shop/ зайняв 0.0170 секунд.
INFO 2026-08-04 18:03:02,911 middleware Запит до /shop/catalog/ зайняв 0.0211 секунд.
INFO 2026-08-04 19:00:03,840 middleware Запит до /shop/catalog/ зайняв 0.0293 секунд.
INFO 2026-08-04 19:00:04,635 middleware Запит до /shop/catalog/ зайняв 0.0208 секунд.
INFO 2026-08-04 19:00:05,480 middleware Запит до /shop/ зайняв 0.0338 секунд.
INFO 2026-08-04 19:00:06,325 middleware Запит до /shop/catalog/ зайняв 0.0204 секунд.
INFO 2026-08-04 19:00:07,179 middleware Запит до /shop/ зайняв 0.0158 секунд.
INFO 2026-08-05 09:44:26,396 middleware Запит до /shop/catalog/ зайняв 0.0270 секунд.
INFO 2026-08-05 09:44:27,098 middleware Запит до /shop/ зайняв 0.0258 секунд.
INFO 2026-08-05 09:59:58,125 middleware Запит до /health/ зайняв 0.0152 секунд.
WARNING 2026-08-05 09:59:58,126 log Not Found: /health/
INFO 2026-08-05 10:00:16,018 middleware Запит до /healthcheck зайняв 0.0028 секунд.
WARNING 2026-08-05 10:00:16,019 log Not Found: /healthcheck
INFO 2026-08-05 10:00:18,394 middleware Запит до /healthcheck/ зайняв 0.0018 секунд.
WARNING 2026-08-05 10:00:18,394 log Not Found: /healthcheck/
INFO 2026-08-05 10:02:31,343 middleware Запит до /health/ зайняв 0.0163 секунд.
WARNING 2026-08-05 10:02:31,344 log Not Found: /health/
INFO 2026-08-05 10:04:53,404 middleware Запит до /health/ зайняв 0.0291 секунд.
WARNING 2026-08-05 10:04:53,405 log Not Found: /health/
INFO 2026-08-05 10:06:26,308 middleware Запит до /health/ зайняв 0.0087 секунд.
WARNING 2026-08-05 10:06:26,308 log Not Found: /health/
INFO 2026-08-05 10:06:38,118 middleware Запит до /health/ зайняв 0.0061 секунд.
WARNING 2026-08-05 10:06:38,119 log Not Found: /health/
INFO 2026-08-05 10:07:20,406 middleware Запит до /health/ зайняв 0.0171 секунд.
WARNING 2026-08-05 10:07:20,407 log Not Found: /health/
INFO 2026-08-05 10:07:54,938 middleware Запит до /health/ зайняв 0.0300 секунд.
WARNING 2026-08-05 10:07:54,938 log Not Found: /health/
ERROR 2026-08-05 10:09:02,546 log Invalid HTTP_HOST header: 'testserver'. You may need to add 'testserver' to ALLOWED_HOSTS.
Traceback (most recent call last):
  File "/usr/local/lib/python3.12/site-packages/django/core/handlers/exception.py", line 55, in inner
    response = get_response(request)
               ^^^^^^^^^^^^^^^^^^^^^
  File "/usr/local/lib/python3.12/site-packages/sentry_sdk/integrations/django/middleware.py", line 208, in __call__
    return f(*args, **kwargs)
           ^^^^^^^^^^^^^^^^^^
  File "/usr/local/lib/python3.12/site-packages/django/utils/deprecation.py", line 308, in __call__
    response = self.process_request(request)
               ^^^^^^^^^^^^^^^^^^^^^^^^^^^^^
  File "/usr/local/lib/python3.12/site-packages/django/middleware/common.py", line 48, in process_request
    host = request.get_host()
           ^^^^^^^^^^^^^^^^^^
  File "/usr/local/lib/python3.12/site-packages/django/http/request.py", line 206, in get_host
    raise DisallowedHost(msg)
django.core.exceptions.DisallowedHost: Invalid HTTP_HOST header: 'testserver'. You may need to add 'testserver' to ALLOWED_HOSTS.
ERROR 2026-08-05 10:10:34,050 log Invalid HTTP_HOST header: 'testserver'. You may need to add 'testserver' to ALLOWED_HOSTS.
Traceback (most recent call last):
  File "/usr/local/lib/python3.12/site-packages/django/core/handlers/exception.py", line 55, in inner
    response = get_response(request)
               ^^^^^^^^^^^^^^^^^^^^^
  File "/usr/local/lib/python3.12/site-packages/sentry_sdk/integrations/django/middleware.py", line 208, in __call__
    return f(*args, **kwargs)
           ^^^^^^^^^^^^^^^^^^
  File "/usr/local/lib/python3.12/site-packages/django/utils/deprecation.py", line 308, in __call__
    response = self.process_request(request)
               ^^^^^^^^^^^^^^^^^^^^^^^^^^^^^
  File "/usr/local/lib/python3.12/site-packages/django/middleware/common.py", line 48, in process_request
    host = request.get_host()
           ^^^^^^^^^^^^^^^^^^
  File "/usr/local/lib/python3.12/site-packages/django/http/request.py", line 206, in get_host
    raise DisallowedHost(msg)
django.core.exceptions.DisallowedHost: Invalid HTTP_HOST header: 'testserver'. You may need to add 'testserver' to ALLOWED_HOSTS.
INFO 2026-08-05 10:12:06,528 middleware Запит до /health/ зайняв 0.0158 секунд.
WARNING 2026-08-05 10:12:06,529 log Not Found: /health/
INFO 2026-08-05 10:14:15,590 middleware Запит до /health/ зайняв 0.0116 секунд.
WARNING 2026-08-05 10:14:15,591 log Not Found: /health/
INFO 2026-08-05 10:18:03,696 middleware Запит до /health зайняв 0.0135 секунд.
INFO 2026-08-05 10:19:01,476 middleware Запит до /health/ зайняв 0.0123 секунд.
INFO 2026-08-05 10:19:07,446 middleware Запит до /health/ зайняв 0.0120 секунд.
WARNING 2026-08-05 10:19:07,446 log Not Found: /health/
INFO 2026-08-05 10:19:37,126 middleware Запит до /health/ зайняв 0.0092 секунд.
INFO 2026-08-05 10:20:46,199 middleware Запит до /health/ зайняв 0.0122 секунд.
INFO 2026-08-05 10:42:18,984 middleware Запит до /healthcheck/ зайняв 0.0021 секунд.
WARNING 2026-08-05 10:42:18,985 log Not Found: /healthcheck/
INFO 2026-08-05 10:42:22,255 middleware Запит до /shop/ зайняв 0.0510 секунд.
INFO 2026-08-05 10:42:22,759 middleware Запит до /shop/catalog/ зайняв 0.0772 секунд.
INFO 2026-08-05 10:42:23,528 middleware Запит до /shop/ зайняв 0.0205 секунд.
INFO 2026-08-06 09:57:47,234 middleware Запит до /shop/ зайняв 0.0887 секунд.
INFO 2026-08-06 09:57:47,623 middleware Запит до /shop/catalog/ зайняв 0.0250 секунд.
INFO 2026-08-06 09:57:48,512 middleware Запит до /shop/ зайняв 0.0311 секунд.
